{"name": "J000747.55-004438.9", "flux_err_before_i": [], "mask_before_i": [], "flux_before_i": [], "MJD_before_i": [], "mask_before_r": [18.0, 18.0, 29.0, 29.0, 29.0, 29.0, 29.0, 18.0, 29.0, 18.0, 29.0, 18.0, 18.0, 18.0, 29.0, 29.0, 18.0, 29.0, 29.0, 29.0, 29.0, 18.0, 18.0, 29.0, 29.0, 29.0, 18.0, 18.0, 29.0, 29.0, 18.0, 18.0, 29.0, 29.0, 29.0, 29.0, 18.0, 18.0, 18.0, 29.0, 29.0, 18.0, 29.0, 18.0, 29.0, 18.0, 18.0, 29.0, 29.0, 29.0, 29.0, 18.0, 18.0, 29.0, 29.0, 18.0, 18.0, 29.0, 29.0, 29.0, 29.0, 18.0, 18.0, 29.0, 29.0, 29.0, 29.0, 18.0, 18.0], "mask_before_g": [18.0, 18.0, 18.0, 18.0, 29.0, 29.0, 18.0, 29.0, 18.0, 29.0, 18.0, 29.0, 29.0, 18.0, 18.0, 18.0, 18.0, 29.0, 29.0, 29.0, 29.0, 29.0, 29.0, 18.0, 18.0, 29.0, 29.0, 29.0, 29.0, 18.0, 18.0, 18.0, 18.0, 29.0, 29.0, 18.0, 18.0, 29.0, 29.0], "flux_before_r": [17.7079219416962, 17.72658426898494, 17.67703680837384, 17.66400455406039, 17.7395429698184, 17.670138469554946, 17.661137329200766, 17.74319349207208, 17.714369933811437, 17.774747511652297, 17.65162030009111, 17.735520005256355, 17.743923759007505, 17.75491069924651, 17.685994214327017, 17.708014606714002, 17.760698492977237, 17.70823100083217, 17.687942929525782, 17.710815000310212, 17.652461403132513, 17.756275079814728, 17.756836069193575, 17.690227585015155, 17.725264372427713, 17.68085357622528, 17.735929583624802, 17.725595984539805, 17.646796273431097, 17.640085461914524, 17.78500080700623, 17.76080258427546, 17.68129132907587, 17.671349645038067, 17.674778598463853, 17.694706116339585, 17.737546227049002, 17.730664762107814, 17.72753872937337, 17.64475853121415, 17.668706994903605, 17.731867602323547, 17.70864791900169, 17.71621794257379, 17.71490881980212, 18.08253847186276, 17.726097270490378, 17.626219437721552, 17.526200286006826, 17.651654971187924, 17.63982028038987, 17.75685046538731, 17.734069694732575, 17.699511298183864, 17.649308257267805, 17.7296439749295, 17.764617221446535, 17.667862087959342, 17.663527625282704, 17.678012639578082, 17.699956365299265, 17.782466596690902, 17.75432346052832, 17.684311209570986, 17.693080538274444, 17.68896291543436, 17.659355469175672, 17.753514852945482, 17.760639111667743], "MJD_before_r": [58335.439999999944, 58335.44045139989, 58335.44182869978, 58335.44320600014, 58336.437268500216, 58336.437731499784, 58353.36201390019, 58353.36247690022, 58356.38226850005, 58362.37917819992, 58362.38107640017, 58363.45599539997, 58372.34848379996, 58389.328356499784, 58389.331168999895, 58424.26396990009, 58443.13624999998, 58443.13716439996, 58717.4774536998, 58717.47790510021, 58719.43399310019, 58719.43490740005, 58719.435358799994, 58719.43763889978, 58745.380069400184, 58745.38052080013, 58745.38097220007, 58745.38142360002, 58748.360069400165, 58748.36052080011, 58748.3614236, 58748.361874999944, 58749.363286999986, 58750.33659720002, 58759.330821800046, 58759.33128469996, 58759.33217590023, 58759.33262730017, 58763.31975689996, 58763.320208299905, 58763.32065969985, 58771.30804400006, 58771.31561340019, 58771.316076400224, 58771.325705999974, 58773.26199069992, 58773.26244209986, 58773.2652083002, 58773.26565970015, 58774.230729199946, 58774.23118059989, 58774.231631900184, 58774.23208330013, 58775.350254599936, 58775.35070599988, 58775.35387729993, 58775.354328699876, 58776.29799770005, 58776.298449099995, 58777.30804400006, 58777.332025500014, 58779.242858800106, 58779.24331020005, 58787.2159258998, 58787.21637730021, 58790.20446760021, 58790.204919000156, 58790.20628469996, 58790.20672449982], "flux_err_before_r": [0.10088772761499144, 0.10308210322574576, 0.10025921197980561, 0.09819093264206669, 0.1042813755937822, 0.0979230543610281, 0.09565870454164152, 0.10442078656868324, 0.10215450812044428, 0.10583969218620959, 0.09452739364847666, 0.10640390470588433, 0.10288665954362138, 0.1081319022547704, 0.09759492826636139, 0.1556379157140541, 0.11153956865329898, 0.10490639514253279, 0.11009478185465141, 0.11251114996419567, 0.10626105531284723, 0.1146620218264445, 0.11612453585240921, 0.10816346651660556, 0.11336926015006572, 0.10924737083107301, 0.11283436701398158, 0.11166265691064586, 0.11915384817888729, 0.11407323246752235, 0.12162696961738367, 0.12120222628336379, 0.010452642454946263, 0.011166817576674728, 0.10727561249758219, 0.1077437308946002, 0.11286727875678979, 0.11185501703927499, 0.11057197202730744, 0.10614339536846681, 0.10746631603116773, 0.11394534938390834, 0.11359748883855791, 0.11322875719227879, 0.11323823495144937, 0.11855950507023856, 0.18414014112420274, 0.12716199668632172, 0.13877450211079248, 0.10617237979495737, 0.10449070890710602, 0.11643666280472295, 0.11476710887200078, 0.11376117857486215, 0.11009126610772123, 0.1133044986415049, 0.12060253930555412, 0.10840626925088646, 0.10789482465734958, 0.10873130970660463, 0.11144282421854473, 0.11961239934774175, 0.1160269691222545, 0.10776408537578357, 0.10787027322761024, 0.10818691319966328, 0.10406189999812479, 0.11221101858120261, 0.11640327735592909], "flux_before_g": [18.654826989218463, 18.596065497804986, 18.702366112839492, 18.663669760506018, 18.82908086044322, 18.78513290362606, 18.552415217645184, 18.786660041433336, 18.53823189383725, 18.880791368828163, 18.639012935799084, 18.848385074069597, 18.814167737438247, 18.728574095704722, 18.641173637833926, 18.673800299702947, 18.68639882375608, 18.73792359265208, 18.80090784675415, 18.80015834435079, 18.821611444123448, 18.75578560491219, 18.765014932214655, 18.672703152320807, 18.666279790774958, 18.807416831925924, 18.808914349922933, 18.836917238132912, 18.99960489816294, 18.622338427602998, 18.606815973163812, 18.54358170950737, 18.9341896612516, 18.846106735522014, 18.909876197367883, 18.630679381638412, 18.68467673322301, 18.79913918167057, 18.834913316063595], "MJD_before_g": [58344.415161999874, 58360.42274310021, 58361.430439800024, 58363.37231480004, 58363.37321759993, 58384.32619210007, 58384.327106500044, 58388.34156250022, 58388.37245369982, 58389.39493060019, 58390.3432407002, 58390.34990740009, 58436.192546300124, 58443.30585649982, 58691.49650460016, 58695.431828700006, 58695.43228009995, 58726.45164350001, 58726.452094899956, 58749.334409699775, 58749.434502299875, 58749.4349421002, 58750.29475690005, 58764.31440970022, 58764.31486110017, 58764.31576390006, 58764.3162153, 58766.378344899975, 58766.37879629992, 58766.37969909981, 58766.38015050022, 58772.27611109987, 58772.276562499814, 58772.27746530017, 58772.280173600186, 58786.21101849992, 58786.21146989986, 58786.25236110017, 58786.25281250011], "flux_err_before_g": [0.0916317814257654, 0.05701277206643635, 0.0866606174998543, 0.08922020942931094, 0.10241125265958068, 0.10605330622908529, 0.06982364290780917, 0.033488111090736544, 0.039194450529859856, 0.10863052580707448, 0.08188427505721704, 0.10182850407746041, 0.09583020763028226, 0.11476161893610777, 0.09281641485654941, 0.09428344745208316, 0.0964528053344757, 0.10174773991887338, 0.10755694862103529, 0.010457278439821215, 0.11846768769507272, 0.11225083392200563, 0.010813376064515278, 0.09524377383118454, 0.09430772109578578, 0.10393505899657761, 0.10766661869447314, 0.07561380890784641, 0.07580867826922653, 0.05187743540606713, 0.05585076034135131, 0.1074795132484248, 0.14005916096494156, 0.09593569069781646, 0.2299417068831823, 0.09354640168861994, 0.0975137880333824, 0.10381282437621228, 0.10890320485382018], "flux_outl_after_i": [], "MJD_outl_after_i": [], "flux_outl_err_after_i": [], "flux_outl_after_r": [17.68129132907587, 17.671349645038067, 18.08253847186276], "MJD_outl_after_r": [58749.363286999986, 58750.33659720002, 58773.26199069992], "flux_outl_err_after_r": [0.03256963927563135, 0.034794954663064245, 0.11855950507023856], "flux_outl_after_g": [18.80015834435079, 18.765014932214655, 18.909876197367883], "MJD_outl_after_g": [58749.334409699775, 58750.29475690005, 58772.280173600186], "flux_outl_err_after_g": [0.0009333910806961406, 0.0009651754831732543, 0.2299417068831823],