{"name": "J012330.34+134511.9", "flux_err_before_i": [], "mask_before_i": [], "flux_before_i": [], "MJD_before_i": [], "mask_before_r": [30.0, 30.0, 30.0, 30.0, 30.0, 30.0, 30.0, 30.0, 30.0, 30.0, 30.0, 30.0, 30.0, 30.0, 30.0, 30.0, 30.0, 30.0, 30.0, 30.0, 30.0, 30.0, 30.0, 30.0, 30.0, 30.0, 30.0, 30.0, 30.0, 30.0, 30.0], "mask_before_g": [30.0, 30.0, 30.0, 30.0, 30.0, 30.0, 30.0, 30.0, 30.0, 30.0, 30.0, 30.0, 30.0, 30.0], "flux_before_r": [17.95217004308212, 17.92051745903133, 17.89831326072019, 17.92847744879869, 17.92496726576125, 17.940536477808823, 17.918556450789456, 17.903974715504262, 17.93813785539747, 17.913607065556178, 17.920091026797905, 17.93563113785309, 17.924829384119228, 17.94107793260345, 17.886172083747148, 17.971577544487204, 17.87886302316209, 17.929794691015115, 17.90533627520761, 17.957248543475302, 17.939801188842445, 17.963051637846718, 17.90337614242, 17.912014977560354, 17.877367954360807, 17.94449229743596, 17.920986643334675, 17.74067874773247, 17.941659847929277, 17.932596856910013, 17.890234594514176], "MJD_before_r": [58336.45089119999, 58336.45134259993, 58338.50138889998, 58344.45790510019, 58347.43700229982, 58353.3511458002, 58354.37395829987, 58355.3510532002, 58356.35415509995, 58357.35415509995, 58362.39608799992, 58363.453252300154, 58364.38846059982, 58371.41202550009, 58380.31212959997, 58383.34537040023, 58423.37546300003, 58424.26447919989, 58425.24856479978, 58426.267523100134, 58428.267476900015, 58429.328877300024, 58431.33179400023, 58432.32469910011, 58435.32642359985, 58436.26554400008, 58437.27952549979, 58438.277928200085, 58439.261979199946, 58456.19806709979, 58457.17795140017], "flux_err_before_r": [0.011513895047352824, 0.01123779829569991, 0.011247074022789872, 0.01181259267324129, 0.01175171242900979, 0.011654371032004583, 0.011077884415609586, 0.011227010669648426, 0.011504013729185674, 0.01114492307965812, 0.01102835302963915, 0.01163715192967359, 0.011690847698778404, 0.011346591566515761, 0.010420848513888569, 0.011981336536523064, 0.011165018793746758, 0.015567975002724202, 0.027926001644675017, 0.012498378324303732, 0.01136566169033562, 0.011961204190558709, 0.011752890939345268, 0.011313584898586316, 0.010909916606321724, 0.0698167548244674, 0.011239549556463353, 0.10076299220921368, 0.02066798741137155, 0.011246904098021046, 0.010592734496914948], "flux_before_g": [18.730422725602782, 18.709388931377564, 18.671303273337603, 18.63548535378506, 18.65944656712342, 18.684861413248385, 18.578810158701035, 18.713400515785512, 18.75149375214653, 18.601886125498556, 18.68496085256543, 18.6584317845259, 18.72108291071401, 18.640467594366804], "MJD_before_g": [58348.50173609983, 58363.39071760001, 58364.430405099876, 58372.430763899814, 58373.416284699924, 58384.322534699924, 58385.40370369982, 58389.39068289986, 58390.3567476999, 58427.32996529993, 58430.29542820016, 58435.20194440009, 58436.1944213002, 58483.17581020016], "flux_err_before_g": [0.010412508666769247, 0.00987419860590007, 0.009780196825076196, 0.008793067907692192, 0.009231768651378494, 0.041354891917363204, 0.04323535435788021, 0.022671110553779166, 0.010032837693995201, 0.010753274589825355, 0.009270232503726642, 0.008851135706904864, 0.00951523349508094, 0.009102764841053542], "flux_outl_after_i": [], "MJD_outl_after_i": [], "flux_outl_err_after_i": [], "flux_outl_after_r": [17.877367954360807, 17.94449229743596, 17.90533627520761, 17.74067874773247, 17.941659847929277], "MJD_outl_after_r": [58435.32642359985, 58436.26554400008, 58425.24856479978, 58438.277928200085, 58439.261979199946], "flux_outl_err_after_r": [0.009769966532024714, 0.0698167548244674, 0.025008083130869017, 0.10076299220921368, 0.01850844076813593], "flux_outl_after_g": [], "MJD_outl_after_g": [], "flux_outl_err_after_g": [], "mask_after_r": [30.0, 30.0, 30.0, 30.0, 30.0, 30.0, 30.0, 30.0, 30.0, 30.0, 30.0, 30.0, 30.0, 30.0, 30.0, 30.0, 30.0, 30.0, 30.0, 30.0, 30.0, 30.0, 30.0, 30.0, 30.0, 30.0], "mask_after_g": [30.0, 30.0, 30.0, 30.0, 30.0, 30.0, 30.0, 30.0, 30.0, 30.0, 30.0, 30.0, 30.0, 30.0], "mask_after_i": [], "flux_after_r": [18.002346457667443, 17.965688664816987, 17.94912864632019, 17.95999580634352, 17.961691016335827, 17.96157492055845, 17.975741997373653, 17.961200072629644, 17.971105593878246, 17.961767783298466, 17.95760385048441, 17.973824162602405, 17.96131443058405, 17.968094565482808, 17.98235922880377, 17.996893697489742, 17.94124261558719, 17.979077330891883, 18.00767914656762, 17.96825066505265, 18.006608829413743, 17.952784708804437, 17.950712189940187, 17.97018191981005, 17.983839281849807, 17.9440128856036], "MJD_after_r": [58336.45089119999, 58336.45134259993, 58338.50138889998, 58344.45790510019, 58347.43700229982, 58353.3511458002, 58354.37395829987, 58355.3510532002, 58356.35415509995, 58357.35415509995, 58362.39608799992, 58363.453252300154, 58364.38846059982, 58371.41202550009, 58380.31212959997, 58383.34537040023, 58423.37546300003, 58424.26447919989, 58426.267523100134, 58428.267476900015, 58429.328877300024, 58431.33179400023, 58432.32469910011, 58437.27952549979, 58456.19806709979, 58457.17795140017], "flux_err_after_r": [0.012498140402112867, 0.012039643065886587, 0.01269045122610565, 0.011186944493885437, 0.0108546121714539, 0.015459267888128153, 0.015212003084187051, 0.016663796900835002, 0.014840305191219826, 0.014886970785696337, 0.014605469487583933, 0.014012556775791754, 0.01269726938541187, 0.011606896924717289, 0.011159054635573786, 0.014487648860533537, 0.013278232393193794, 0.015018786004573351, 0.013016764639706446, 0.011403369632308534, 0.012328253320715937, 0.015799854279284844, 0.016409347636248597, 0.014285058242558386, 0.012254683199545192, 0.013398587508387549], "flux_after_g": [18.64338976693206, 18.65397278648897, 18.606121402494054, 18.60886442948033, 18.638497057506516, 18.663323940486926, 18.56068819807672, 18.699950457654634, 18.70708842330084, 18.558696679892876, 18.65666064650633, 18.62145543712041, 18.68063488875657, 18.631884997274405], "MJD_after_g": [58348.50173609983, 58363.39071760001, 58364.430405099876, 58372.430763899814, 58373.416284699924, 58384.322534699924, 58385.40370369982, 58389.39068289986, 58390.3567476999, 58427.32996529993, 58430.29542820016, 58435.20194440009, 58436.1944213002, 58483.17581020016], "flux_err_after_g": [0.018296762522514918, 0.018456789647332144, 0.015334386928557434, 0.012901592353180235, 0.014001068299447349, 0.04834982257416381, 0.04996818146445466, 0.031955710717938055, 0.019990306080473433, 0.020619112496301186, 0.015224093656834829, 0.014832307674449317, 0.01823096640650473, 0.01661784628297783], "flux_after_i": [], "MJD_after_i": [], "flux_err_after_i": []}