{"name": "J015234.17+011438.9", "flux_err_before_i": [], "mask_before_i": [], "flux_before_i": [], "MJD_before_i": [], "mask_before_r": [33.0, 33.0, 33.0, 33.0, 33.0, 33.0, 33.0, 33.0, 33.0, 33.0, 33.0, 33.0, 33.0, 33.0, 33.0, 33.0, 33.0, 33.0, 33.0, 33.0, 33.0, 33.0, 33.0, 33.0, 33.0, 33.0, 33.0, 33.0, 33.0, 33.0, 33.0, 33.0, 33.0, 33.0, 33.0, 33.0, 33.0, 33.0, 33.0], "mask_before_g": [33.0, 33.0, 33.0, 33.0, 33.0, 33.0, 33.0, 33.0, 33.0, 33.0, 33.0, 33.0, 33.0, 33.0, 33.0, 33.0, 33.0, 33.0, 33.0, 33.0, 33.0, 33.0, 33.0, 33.0, 33.0, 33.0], "flux_before_r": [18.42367273399725, 18.384733240240287, 18.53019912426837, 18.416870997503825, 18.44420487694786, 18.545874029444274, 18.4418117131996, 18.34497355306297, 18.461700779218162, 18.33424081865919, 18.615431672891933, 18.40445468640817, 18.492263544257547, 18.400683768438597, 18.378493501716783, 18.40647142270695, 18.431566902644064, 18.413641164165753, 18.417440121537922, 18.44623721935367, 18.452127145297048, 18.443676679470652, 18.407868928493443, 18.452348414811738, 18.404129961326642, 18.48475171344828, 18.45116833090409, 18.39766434443657, 18.383374539811115, 18.36631041538498, 18.422072161123666, 18.421757760384622, 18.397176664838323, 18.39398573268975, 18.421882830289114, 18.440931323705737, 18.35921521896624, 18.385572477759887, 18.433336030088785], "MJD_before_r": [58353.38564810017, 58356.38324069977, 58357.383564800024, 58362.41476849979, 58383.35594910011, 58424.287488400005, 58425.281099500135, 58431.34995369986, 58432.326527799945, 58436.30351850018, 58438.2985069002, 58439.30856479984, 58457.21729170019, 58745.44290510006, 58745.44335650001, 58748.3655208, 58748.36597219994, 58759.39078699984, 58759.39123839978, 58761.39379630005, 58761.394247699995, 58763.32206019992, 58763.322511599865, 58773.31503470009, 58773.31548610004, 58774.25318290014, 58774.25363430008, 58775.311701400205, 58775.31215280015, 58776.29570600018, 58776.296157400124, 58777.31031250022, 58777.31075230008, 58787.22825230006, 58787.228703700006, 58803.2898380002, 58803.290289400145, 58812.22385419998, 58812.22430559993], "flux_err_before_r": [0.011981689988595829, 0.011201141435813898, 0.01336129752025351, 0.011795527948609769, 0.0121946948047718, 0.08691494293805935, 0.01179814339376347, 0.011786867627011408, 0.012409928995611958, 0.016335984490926624, 0.2466960803024924, 0.012001370949532493, 0.012667018437033066, 0.012611376530031118, 0.012547765266074883, 0.013316728762602493, 0.013107375643460872, 0.012504474655236181, 0.012850056392790955, 0.01294386195870882, 0.012426243026613052, 0.013107493673158247, 0.01264493369345199, 0.01371855443551878, 0.012544719920771746, 0.01434794391380855, 0.013941718749334878, 0.012520876236211146, 0.012432509532431604, 0.012504120525104398, 0.013208024000480843, 0.013162915372467854, 0.012852856268000055, 0.012857699692081804, 0.013293585008193345, 0.013433262903641347, 0.01266295526296121, 0.012651964832364259, 0.013293012006178365], "flux_before_g": [19.019752325050163, 18.998770642068767, 19.085490279095396, 19.184128780550658, 19.076311523062763, 19.098117850043174, 19.174144425267556, 19.110541133572116, 19.099951596271854, 19.08152750142377, 19.116689227157785, 19.05284641954029, 19.02787141390907, 19.050144324422035, 19.062178501092433, 19.110655787350574, 19.171691920064113, 19.09689873275901, 19.04512447020106, 19.07788697808081, 19.073015337214713, 18.977048231433606, 19.091192588364173, 18.86018950898648, 19.168310996017542, 19.048527860722636], "MJD_before_g": [58363.39625000022, 58364.446261600126, 58384.33824069984, 58390.38180560013, 58427.3313310002, 58430.29679400008, 58436.198923599906, 58483.1776389, 58726.454351900145, 58726.45952549996, 58746.45805560006, 58746.458518499974, 58749.42362269992, 58749.424074099865, 58758.37246529991, 58758.37291669985, 58760.41223380016, 58760.412696800195, 58764.31850690022, 58764.318958300166, 58766.31684029987, 58766.317291699816, 58767.38182870019, 58767.38228010014, 58830.20662039984, 58830.207071799785], "flux_err_before_g": [0.04710524051710212, 0.02208415167307973, 0.08213326487081335, 0.04307669044032291, 0.015405073957063817, 0.008948613189531475, 0.058466670644282265, 0.009384368416326425, 0.010171130681331552, 0.009789479388737591, 0.020915579353847524, 0.029040344951810234, 0.009641334736134335, 0.009932219882603831, 0.009786333152582634, 0.010139368583837587, 0.010740521376168943, 0.010052361284797128, 0.009839168176795591, 0.010040223649999689, 0.07971588819950695, 0.07984678366757857, 0.1204211669184638, 0.09275188857704514, 0.083396291885909, 0.08267780856926138], "flux_outl_after_i": [], "MJD_outl_after_i": [], "flux_outl_err_after_i": [], "flux_outl_after_r": [18.34497355306297, 18.545874029444274, 18.615431672891933], "MJD_outl_after_r": [58431.34995369986, 58424.287488400005, 58438.2985069002], "flux_outl_err_after_r": [0.029526655625292594, 0.08691494293805935, 0.2466960803024924], "flux_outl_after_g": [19.174144425267556], "MJD_outl_after_g": [58436.198923599906], "flux_outl_err_after_g": [0.058466670644282265], "mask_after_r": [33.0, 33.0, 33.0, 33.0, 33.0, 33.0, 33.0, 33.0, 33.0, 33.0, 33.0, 33.0, 33.0, 33.0, 33.0, 33.0, 33.0, 33.0, 33.0, 33.0, 33.0, 33.0, 33.0, 33.0, 33.0, 33.0, 33.0, 33.0, 33.0, 33.0, 33.0, 33.0, 33.0, 33.0, 33.0, 33.0], "mask_after_g": [33.0, 33.0, 33.0, 33.0, 33.0, 33.0, 33.0, 33.0, 33.0, 33.0, 33.0, 33.0, 33.0, 33.0, 33.0, 33.0, 33.0, 33.0, 33.0, 33.0, 33.0, 33.0, 33.0, 33.0, 33.0], "mask_after_i": [], "flux_after_r": [18.485639557905976, 18.4685853443588, 18.591505950036073, 18.49188434313809, 18.510033226744916, 18.5069838473129, 18.52830412254055, 18.399739278359476, 18.48700200929155, 18.56235946439589, 18.46742837772312, 18.45052701967363, 18.485119837731833, 18.476531140808607, 18.482575672665753, 18.486707019237922, 18.53206520684437, 18.521250567193587, 18.523469884587485, 18.486150367302166, 18.51347163714913, 18.46631286940647, 18.572930613830763, 18.539833812784735, 18.46860998422969, 18.463174136134583, 18.440010503937643, 18.486249070440934, 18.501644464219588, 18.472741786985658, 18.479528525086586, 18.5023613665206, 18.495829333710027, 18.423119386053187, 18.408155580064474, 18.46157480051911], "MJD_after_r": [58353.38564810017, 58356.38324069977, 58357.383564800024, 58362.41476849979, 58383.35594910011, 58425.281099500135, 58432.326527799945, 58436.30351850018, 58439.30856479984, 58457.21729170019, 58745.44290510006, 58745.44335650001, 58748.3655208, 58748.36597219994, 58759.39078699984, 58759.39123839978, 58761.39379630005, 58761.394247699995, 58763.32206019992, 58763.322511599865, 58773.31503470009, 58773.31548610004, 58774.25318290014, 58774.25363430008, 58775.311701400205, 58775.31215280015, 58776.29570600018, 58776.296157400124, 58777.31031250022, 58777.31075230008, 58787.22825230006, 58787.228703700006, 58803.2898380002, 58803.290289400145, 58812.22385419998, 58812.22430559993], "flux_err_after_r": [0.01960353467147408, 0.020649471099271986, 0.024767689236182874, 0.020729579227655195, 0.0214940953474981, 0.01673607172258619, 0.022240501698005365, 0.026536244048528765, 0.02318530570702105, 0.02116606162327429, 0.02255679174571249, 0.02334569666308807, 0.021620488730939906, 0.019522905750439006, 0.017162732035006602, 0.01741229721042367, 0.019398106136691174, 0.019919549314144327, 0.01969525960384983, 0.019518249442479402, 0.02366480082909616, 0.022737806642633755, 0.02569722157997938, 0.02506124516360713, 0.020399773508568735, 0.019361490968223826, 0.022268051773876713, 0.02309290875873621, 0.02156173369043216, 0.022728425502589626, 0.02547983283478847, 0.024643071354535376, 0.02333635784455989, 0.022079873820642547, 0.019869062578031327, 0.01978457868961384],