{"name": "J015910.36-002347.4", "flux_err_before_i": [], "mask_before_i": [], "flux_before_i": [], "MJD_before_i": [], "mask_before_r": [29.0, 29.0, 29.0, 29.0, 29.0, 29.0, 29.0, 29.0, 29.0, 29.0, 29.0, 29.0, 29.0, 29.0, 29.0, 29.0, 29.0, 29.0, 29.0, 29.0, 29.0, 29.0, 29.0, 29.0, 29.0, 29.0, 29.0, 29.0, 29.0, 29.0, 29.0, 29.0, 29.0, 29.0, 29.0, 29.0, 29.0, 29.0, 29.0], "mask_before_g": [29.0, 29.0, 29.0, 29.0, 29.0, 29.0, 29.0, 29.0, 29.0, 29.0, 29.0, 29.0, 29.0, 29.0, 29.0, 29.0, 29.0, 29.0, 29.0, 29.0, 29.0, 29.0, 29.0, 29.0, 29.0, 29.0, 29.0, 29.0, 29.0, 29.0, 29.0, 29.0, 29.0], "flux_before_r": [18.035979350578014, 18.073555258230616, 18.018816466530854, 17.998975775405913, 17.99591858936291, 18.027556267626974, 18.056533657513747, 18.05729267989438, 18.046016748323133, 18.082690019383584, 18.13073975255056, 18.34347178513346, 18.0140068340786, 18.02949592028571, 18.063722094256082, 18.021344121677274, 18.064171810140596, 18.056983475725644, 18.072488463643772, 18.00766547042035, 18.077338447653446, 18.122718513607243, 18.10058662135154, 18.110812404046918, 18.101900080206853, 18.05915935364358, 18.058873966932488, 18.04517907075263, 18.0865570246077, 18.098373545353663, 18.057331313203587, 17.980817772969214, 18.110404196626206, 18.027276735647366, 18.041411726794156, 18.068535844214708, 18.082940895514405, 18.015991788873635, 18.121411795268248], "MJD_before_r": [58353.38893519994, 58356.38369210018, 58357.39568290021, 58383.35641200002, 58424.28795140004, 58425.28155090008, 58429.33025459992, 58431.35041669989, 58432.3260764, 58435.32782409992, 58436.30398150021, 58438.29895830015, 58439.30200230004, 58457.21820600005, 58745.4607406999, 58745.46120369993, 58748.37653939985, 58748.37699070014, 58761.39469909994, 58761.395150499884, 58773.318669000175, 58773.31912040012, 58774.27408559993, 58774.274536999874, 58775.312604200095, 58775.341608799994, 58776.294803199824, 58776.29525459977, 58777.45047450019, 58777.45093750022, 58786.34728009999, 58786.34773149993, 58787.26428239979, 58787.26474539982, 58803.312604200095, 58812.22250000015, 58812.222951400094, 58861.227511600126, 58861.22796300007], "flux_err_before_r": [0.012112554371598352, 0.01211898094475427, 0.011557145633628146, 0.011748821604752104, 0.06760755807800282, 0.011342440412313482, 0.011977811174669615, 0.012588125709390928, 0.011861256527630669, 0.012234888252553129, 0.022030274083644694, 0.27414279345037573, 0.016339799868692065, 0.011459412885191677, 0.013072927028975011, 0.012614256216559793, 0.013175063691519662, 0.01303278976507016, 0.013264148785888693, 0.012313745900389939, 0.01313830617307744, 0.013716755731188553, 0.013976507048257095, 0.01406594649038368, 0.013350085016616588, 0.012935634643542715, 0.012982358151823872, 0.013030336391700287, 0.013885029576041364, 0.014096568869844325, 0.0142434935944119, 0.02051163638545975, 0.013389540646390594, 0.012601861249335763, 0.013268098593297532, 0.01314190541038342, 0.013214792784216379, 0.011483670289574435, 0.012666269300565068], "flux_before_g": [18.856020906022742, 18.905143061794746, 18.92060735047125, 18.94226832129389, 18.921540635042696, 18.90839322652075, 18.874213815715567, 18.948615929625085, 18.894136805527765, 18.929608188103618, 18.96306213723053, 18.963839372530582, 18.909868307290452, 18.933571766421263, 18.91468652041685, 18.954128505379497, 18.9769998783032, 18.951804972892802, 18.93080187208336, 18.9204345027283, 18.972262609155, 18.907073016832282, 18.911385474440102, 18.854766414201585, 18.960116724299752, 18.989309658394305, 19.09108921889044, 19.19447130937653, 19.000601317933864, 18.91449967905815, 18.993217198518153, 18.924801751362587, 18.905053905100633], "MJD_before_g": [58364.4767593001, 58384.35612270003, 58390.38135420019, 58427.33179400023, 58430.31069440022, 58436.19938659994, 58483.16349539999, 58726.4599768999, 58726.4604282002, 58734.49880790012, 58734.499259300064, 58737.4788079001, 58737.479259300046, 58746.46034719981, 58746.46079860022, 58749.3805670999, 58749.381018499844, 58758.43949070014, 58758.439942100085, 58760.41314810002, 58760.41359949997, 58764.343645799905, 58764.34409719985, 58766.327731499914, 58766.32818289986, 58767.38092589984, 58767.38137729978, 58768.439317100216, 58768.43976850016, 58786.27629629988, 58786.27674769983, 58882.09675930021, 58882.097661999986], "flux_err_before_g": [0.009898942437258751, 0.0853608132917135, 0.010063368514868155, 0.015740561270824863, 0.00983007181010502, 0.009803422660372946, 0.009568986958752166, 0.011154928945369293, 0.010561245999720886, 0.011047492404734578, 0.01112257367866805, 0.011136691399608932, 0.010571284460575711, 0.011138049482535857, 0.010920814859549724, 0.011106873832372034, 0.011520209784892795, 0.011451501269490566, 0.01124142028711096, 0.010813200043945771, 0.011333537346906612, 0.010531485718250673, 0.010579243813875372, 0.06011058770740374, 0.07357566969245803, 0.09182268170680408, 0.08579092599119334, 0.15878644230072794, 0.10816436261410324, 0.011415165168364114, 0.015421569605524921, 0.0555156317936409, 0.05450306425537883], "flux_outl_after_i": [], "MJD_outl_after_i": [], "flux_outl_err_after_i": [], "flux_outl_after_r": [18.082690019383584, 18.057331313203587, 17.980817772969214, 17.99591858936291, 18.13073975255056, 18.34347178513346, 18.0140068340786], "MJD_outl_after_r": [58435.32782409992, 58786.34728009999, 58786.34773149993, 58424.28795140004, 58436.30398150021, 58438.29895830015, 58439.30200230004], "flux_outl_err_after_r": [0.005193634340804779, 0.006046274877053627, 0.02051163638545975, 0.06760755807800282, 0.00935171500191532, 0.27414279345037573, 0.006936143916329408], "flux_outl_after_g": [18.91449967905815], "MJD_outl_after_g": [58786.27629629988], "flux_outl_err_after_g": [0.011415165168364114], "mask_after_r": [29.0, 29.0, 29.0, 29.0, 29.0, 29.0, 29.0, 29.0, 29.0, 29.0, 29.0, 29.0, 29.0, 29.0, 29.0, 29.0, 29.0, 29.0, 29.0, 29.0, 29.0, 29.0, 29.0, 29.0, 29.0, 29.0, 29.0, 29.0, 29.0, 29.0, 29.0, 29.0], "mask_after_g": [29.0, 29.0, 29.0, 29.0, 29.0, 29.0, 29.0, 29.0, 29.0, 29.0, 29.0, 29.0, 29.0, 29.0, 29.0, 29.0, 29.0, 29.0, 29.0, 29.0, 29.0, 29.0, 29.0, 29.0, 29.0, 29.0, 29.0, 29.0, 29.0, 29.0, 29.0, 29.0], "mask_after_i": [], "flux_after_r": [18.113934954528318, 18.14654566216446, 18.076079267901534, 18.07289684468638, 18.09219964702512, 18.12400592931896, 18.1213296038557, 18.11260468535635, 18.09996356136792, 18.13291042599629, 18.096025653386288, 18.1274398109194, 18.119008340075254, 18.143189530970297, 18.078437434422764, 18.134680052011536, 18.19624127938547, 18.174401890918265, 18.17665521363854, 18.174063676497525, 18.13104802848764, 18.134982139857783, 18.11550485052941, 18.16257977266589, 18.161452237781468, 18.175155566256375, 18.096041392819167, 18.117890509526482, 18.11980387259846, 18.143087374019572, 18.095245948475128, 18.194337574047047], "MJD_after_r": [58353.38893519994, 58356.38369210018, 58357.39568290021, 58383.35641200002, 58425.28155090008, 58429.33025459992, 58431.35041669989, 58432.3260764, 58457.21820600005, 58745.4607406999, 58745.46120369993, 58748.37653939985, 58748.37699070014, 58761.39469909994, 58761.395150499884, 58773.318669000175, 58773.31912040012, 58774.27408559993, 58774.274536999874, 58775.312604200095, 58775.341608799994, 58776.294803199824, 58776.29525459977, 58777.45047450019, 58777.45093750022, 58787.26428239979, 58787.26474539982, 58803.312604200095, 58812.22250000015, 58812.222951400094, 58861.227511600126, 58861.22796300007],