{"name": "J020017.91+001429.8", "flux_err_before_i": [0.024241046011908608, 0.005866230265274246, 0.0600093835628253, 0.02539927991636038, 0.04097532871376773, 0.004987428975793603, 0.017690450492318422, 0.005197902804859431, 0.005084562084426812, 0.03662419949113319, 0.09706439914847505, 0.004835291443507194, 0.03865682375508694], "mask_before_i": [52.0, 52.0, 52.0, 52.0, 52.0, 52.0, 52.0, 52.0, 52.0, 52.0, 52.0, 52.0, 52.0], "flux_before_i": [18.314957260472397, 18.43617617202227, 18.41470875652453, 18.362514757830606, 18.331369045568426, 18.341470216778973, 18.37979411237018, 18.371948792529665, 18.31701229302237, 18.292409777072667, 18.268515468683105, 18.344735046458176, 18.272704187332746], "MJD_before_i": [58342.394166700076, 58351.33873840002, 58362.293333299924, 58366.29343750002, 58371.27334489999, 58375.31523150019, 58382.28032410005, 58390.28189809993, 58397.29371530004, 58422.312326400075, 58426.29535879986, 58430.249479200225, 58434.2468634001], "mask_before_r": [28.0, 28.0, 28.0, 28.0, 28.0, 28.0, 28.0, 28.0, 28.0, 28.0, 28.0, 28.0, 28.0, 28.0], "mask_before_g": [28.0, 28.0, 28.0, 28.0, 28.0, 28.0, 28.0], "flux_before_r": [18.56526468522216, 18.502565491262786, 18.49522681858234, 18.514063053605522, 18.50440845771464, 18.48107781845008, 18.550618417915917, 18.761575263717422, 18.5807172720402, 18.627660307531166, 18.70976731240374, 18.366121316011892, 18.551232987671305, 18.530352855039936], "MJD_before_r": [58353.38893519994, 58356.38369210018, 58357.39568290021, 58383.35641200002, 58424.28795140004, 58425.28155090008, 58429.33025459992, 58431.35041669989, 58432.3260764, 58435.32782409992, 58436.30398150021, 58438.29895830015, 58439.30200230004, 58457.21820600005], "flux_err_before_r": [0.005720582074893046, 0.030668792149629472, 0.010803502072076287, 0.00570006185217145, 0.11975347927931097, 0.005221141630895857, 0.005639254749800026, 0.05889566966138358, 0.005833124630504372, 0.054367442236713824, 0.07413851198643304, 0.24749169655816985, 0.02618265159802588, 0.005447478048509415], "flux_before_g": [19.18320874428384, 19.04598187654188, 19.012518788753162, 19.119153644521855, 19.03691309548216, 19.122750626219947, 19.146082777712707], "MJD_before_g": [58364.4767593001, 58384.35612270003, 58390.38135420019, 58427.33179400023, 58430.31069440022, 58436.19938659994, 58483.16349539999], "flux_err_before_g": [0.022627629386541483, 0.10683664297057816, 0.04553793754543023, 0.06392147791774237, 0.018874732153487984, 0.06223256425342771, 0.03413040287069983], "flux_outl_after_i": [18.268515468683105], "MJD_outl_after_i": [58426.29535879986], "flux_outl_err_after_i": [0.09706439914847505], "flux_outl_after_r": [18.761575263717422, 18.627660307531166, 18.50440845771464, 18.70976731240374, 18.366121316011892, 18.551232987671305], "MJD_outl_after_r": [58431.35041669989, 58435.32782409992, 58424.28795140004, 58436.30398150021, 58438.29895830015, 58439.30200230004], "flux_outl_err_after_r": [0.05889566966138358, 0.054367442236713824, 0.11975347927931097, 0.07413851198643304, 0.24749169655816985, 0.02618265159802588], "flux_outl_after_g": [], "MJD_outl_after_g": [], "flux_outl_err_after_g": [], "mask_after_r": [28.0, 28.0, 28.0, 28.0, 28.0, 28.0, 28.0, 28.0], "mask_after_g": [28.0, 28.0, 28.0, 28.0, 28.0, 28.0, 28.0], "mask_after_i": [52.0, 52.0, 52.0, 52.0, 52.0, 52.0, 52.0, 52.0, 52.0, 52.0, 52.0, 52.0], "flux_after_r": [18.592513232868093, 18.612076570992244, 18.529236595498197, 18.551301546754743, 18.53138397484469, 18.56098570707113, 18.607837428284913, 18.571896973129082], "MJD_after_r": [58353.38893519994, 58356.38369210018, 58357.39568290021, 58383.35641200002, 58425.28155090008, 58429.33025459992, 58432.3260764, 58457.21820600005], "flux_err_after_r": [0.013811718389702647, 0.03623417722493507, 0.016873208851708444, 0.015998978399483128, 0.010965203245708368, 0.01084389371968461, 0.014856941708648598, 0.017030004241765904], "flux_after_g": [19.139856850305986, 19.028183106533785, 19.027308931512742, 19.112787727353044, 19.023130044642052, 19.09137720358408, 19.12526498007601], "MJD_after_g": [58364.4767593001, 58384.35612270003, 58390.38135420019, 58427.33179400023, 58430.31069440022, 58436.19938659994, 58483.16349539999], "flux_err_after_g": [0.02897960612711876, 0.11206026971515225, 0.051166076168031455, 0.0697078805113705, 0.024390741850165702, 0.06886814091772225, 0.04106628826021762], "flux_after_i": [18.36470184171222, 18.490012529659772, 18.450843004706798, 18.426910403310185, 18.358941506506348, 18.393094738124777, 18.42566581670484, 18.426806433830162, 18.369836539415157, 18.333477052131997, 18.403613338872493, 18.302510816600194], "MJD_after_i": [58342.394166700076, 58351.33873840002, 58362.293333299924, 58366.29343750002, 58371.27334489999, 58375.31523150019, 58382.28032410005, 58390.28189809993, 58397.29371530004, 58422.312326400075, 58430.249479200225, 58434.2468634001], "flux_err_after_i": [0.027741639269968733, 0.012627768076249525, 0.06284691579241025, 0.02961278874658903, 0.04335198092639971, 0.012440834227829989, 0.0225199181704654, 0.01581605387357473, 0.014613248007702282, 0.03974435896965382, 0.01259340978353601, 0.04196892367554486]}