{"name": "J021638.94-004009.8", "flux_err_before_i": [], "mask_before_i": [], "flux_before_i": [], "MJD_before_i": [], "mask_before_r": [22.0, 22.0, 22.0, 22.0, 22.0, 22.0, 22.0, 22.0, 22.0, 22.0, 22.0, 22.0, 22.0, 22.0, 22.0, 22.0, 22.0, 22.0, 22.0, 22.0, 22.0, 22.0, 22.0, 22.0, 22.0, 22.0, 22.0, 22.0, 22.0, 22.0, 22.0, 22.0, 22.0, 22.0, 22.0, 22.0, 22.0], "mask_before_g": [22.0, 22.0, 22.0, 22.0, 22.0, 22.0, 22.0, 22.0, 22.0, 22.0, 22.0, 22.0, 22.0, 22.0, 22.0, 22.0, 22.0, 22.0, 22.0, 22.0, 22.0, 22.0, 22.0, 22.0, 22.0, 22.0, 22.0, 22.0, 22.0, 22.0, 22.0, 22.0, 22.0], "flux_before_r": [18.887408398489818, 18.918014874996757, 18.893331929392048, 18.85631599169932, 18.933725919601844, 18.770545225012498, 18.78805614802667, 18.629826485469106, 18.702462727061583, 18.774144022777836, 18.917048399253385, 18.792721224984803, 18.83681837788307, 18.668150569772845, 18.767348984626114, 18.755556268176047, 18.753221459822875, 18.807980016634282, 18.81690327727202, 18.91741049166946, 18.70855334920061, 18.753816375008075, 18.83393288213673, 18.77017639555278, 18.7840087974719, 18.746099693763437, 18.83748697795258, 18.718650974229128, 18.748793369239415, 18.711398677749468, 18.85217497257333, 18.781687840916085, 18.89735378423488, 18.80331881674505, 18.83795458582378, 18.74874630659935, 18.722345461337525], "MJD_before_r": [58353.38893519994, 58356.38369210018, 58357.39568290021, 58383.35641200002, 58424.28795140004, 58425.28155090008, 58429.33025459992, 58431.35041669989, 58435.32782409992, 58436.30398150021, 58439.30200230004, 58457.21820600005, 58745.4607406999, 58745.46120369993, 58748.37653939985, 58748.37699070014, 58761.39469909994, 58761.395150499884, 58773.318669000175, 58773.31912040012, 58774.27408559993, 58774.274536999874, 58775.312604200095, 58775.341608799994, 58776.294803199824, 58776.29525459977, 58777.45047450019, 58777.45093750022, 58786.34728009999, 58786.34773149993, 58787.26428239979, 58787.26474539982, 58803.312604200095, 58812.22250000015, 58812.222951400094, 58861.227511600126, 58861.22796300007], "flux_err_before_r": [0.0037129307830749453, 0.06295478133153355, 0.018804592253102107, 0.01027883650153315, 0.15109130151335426, 0.003254255022066649, 0.003330396588004676, 0.053514971052742784, 0.061460121354886633, 0.09037918302101178, 0.07114415267745586, 0.018972788811404073, 0.06900902368290021, 0.05358642362027695, 0.0035741525722344054, 0.0035112035020827023, 0.003487563129544523, 0.0036903325204731986, 0.04261004664752343, 0.05506232478688674, 0.07319632584544873, 0.05877776413595409, 0.010629527349399318, 0.018671592054046404, 0.03600124487985339, 0.03531487991499032, 0.043857440565363434, 0.043912405827830944, 0.07528679645759057, 0.07555827649607871, 0.026206755791401075, 0.028522221464756206, 0.022320236233501902, 0.003650236642745902, 0.0037988778385315675, 0.0781984976530734, 0.07202455744364707], "flux_before_g": [19.612570061546243, 19.740988918437534, 19.707127493381137, 19.706721731562958, 19.642200526044707, 19.384758538545675, 19.679829389301464, 19.65117146853043, 19.662231674453956, 19.610586254505858, 19.699949662931925, 19.715835579146503, 19.623533169060273, 19.52714944085323, 19.79721713462638, 19.673915845847354, 19.65897378744225, 19.702466377763372, 19.875189835123244, 19.647573795654882, 19.624432938308317, 19.714818548566537, 19.590353848027526, 19.592854016593442, 19.735585205935784, 19.828892150170383, 19.692501572849153, 19.501968716258432, 19.600743715391722, 19.69654049973829, 19.756261870660914, 19.497924190311068, 19.75111112266434], "MJD_before_g": [58364.4767593001, 58384.35612270003, 58390.38135420019, 58427.33179400023, 58430.31069440022, 58436.19938659994, 58483.16349539999, 58726.4599768999, 58726.4604282002, 58734.49880790012, 58734.499259300064, 58737.4788079001, 58737.479259300046, 58746.46034719981, 58746.46079860022, 58749.3805670999, 58749.381018499844, 58758.43949070014, 58758.439942100085, 58760.41314810002, 58760.41359949997, 58764.343645799905, 58764.34409719985, 58766.327731499914, 58766.32818289986, 58767.38092589984, 58767.38137729978, 58768.439317100216, 58768.43976850016, 58786.27629629988, 58786.27674769983, 58882.09675930021, 58882.097661999986], "flux_err_before_g": [0.0705481774582874, 0.1743968527300205, 0.08205344467695565, 0.0959667162075924, 0.0014521675211256004, 0.09531883247832205, 0.03920563976010668, 0.0016579258239059938, 0.001675981338341507, 0.04170384486014433, 0.046536084564832825, 0.001761776206759362, 0.0016046849386151263, 0.08515699935919527, 0.10682746157468426, 0.04664995885533302, 0.045488323833268625, 0.04557048653098447, 0.06215675091275102, 0.018092876330504964, 0.023557267866101884, 0.045642145432319564, 0.04929340703616415, 0.14639239897259124, 0.16415171744985804, 0.19269226279676677, 0.19327452573203635, 0.21724536080989656, 0.1980094825001288, 0.11352615189756901, 0.10916302190669278, 0.12103922720175207, 0.15787741520348694], "flux_outl_after_i": [], "MJD_outl_after_i": [], "flux_outl_err_after_i": [], "flux_outl_after_r": [18.702462727061583, 18.748793369239415, 18.933725919601844, 18.774144022777836, 18.917048399253385], "MJD_outl_after_r": [58435.32782409992, 58786.34728009999, 58424.28795140004, 58436.30398150021, 58439.30200230004], "flux_outl_err_after_r": [0.061460121354886633, 0.07528679645759057, 0.15109130151335426, 0.09037918302101178, 0.07114415267745586], "flux_outl_after_g": [19.69654049973829], "MJD_outl_after_g": [58786.27629629988], "flux_outl_err_after_g": [0.11352615189756901], "mask_after_r": [22.0, 22.0, 22.0, 22.0, 22.0, 22.0, 22.0, 22.0, 22.0, 22.0, 22.0, 22.0, 22.0, 22.0, 22.0, 22.0, 22.0, 22.0, 22.0, 22.0, 22.0, 22.0, 22.0, 22.0, 22.0, 22.0, 22.0, 22.0, 22.0, 22.0, 22.0, 22.0], "mask_after_g": [22.0, 22.0, 22.0, 22.0, 22.0, 22.0, 22.0, 22.0, 22.0, 22.0, 22.0, 22.0, 22.0, 22.0, 22.0, 22.0, 22.0, 22.0, 22.0, 22.0, 22.0, 22.0, 22.0, 22.0, 22.0, 22.0, 22.0, 22.0, 22.0, 22.0, 22.0, 22.0], "mask_after_i": [], "flux_after_r": [18.952081829592082, 18.984080442926203, 18.955764872020225, 18.936917569824992, 18.831880611949963, 18.861447070390206, 18.70329579444401, 18.857394996620258, 18.91483264520251, 18.74202916573322, 18.832023831698688, 18.813283218481818, 18.82912170218037, 18.875595820026746, 18.886362021601983, 18.984431517630693, 18.756200051952845, 18.829988455283814, 18.908175913136684, 18.827510354489227, 18.85574644527271, 18.82429731807477, 18.899685795910276, 18.794857354858905, 18.766125525208974, 18.901435120381517, 18.83127378511623, 18.949175974185636, 18.845480252175975, 18.85078729888784, 18.81467322220216, 18.794645184212918], "MJD_after_r": [58353.38893519994, 58356.38369210018, 58357.39568290021, 58383.35641200002, 58425.28155090008, 58429.33025459992, 58431.35041669989, 58457.21820600005, 58745.4607406999, 58745.46120369993, 58748.37653939985, 58748.37699070014, 58761.39469909994, 58761.395150499884, 58773.318669000175, 58773.31912040012, 58774.27408559993, 58774.274536999874, 58775.312604200095, 58775.341608799994, 58776.294803199824, 58776.29525459977, 58777.45047450019, 58777.45093750022, 58786.34773149993, 58787.26428239979, 58787.26474539982, 58803.312604200095, 58812.22250000015, 58812.222951400094, 58861.227511600126, 58861.22796300007], "flux_err_after_r": [0.010554616132099251, 0.06542322840178981, 0.023619610962431297, 0.015865611055497844, 0.008106015286807062, 0.008013011425343804, 0.057100738803946054, 0.02383307536942781, 0.07156264014002862, 0.05601345350806593, 0.009194598230743482, 0.010098688229986988, 0.008699709551397717, 0.010234538092404686, 0.04539996746824699, 0.05780061078316426, 0.0765093185812705, 0.06184189154955561, 0.01564265524730925, 0.02259491219790493, 0.038642189638271485, 0.03871759853887017, 0.04739166684059844, 0.04701340151031955, 0.07888909400857112, 0.029720479528359572, 0.03278061059048064, 0.02612247833912922, 0.008876107798501582, 0.00949031987879162, 0.08055811496583921, 0.07490621423105938],