{"name": "J021108.57-004523.1", "flux_err_before_i": [], "mask_before_i": [], "flux_before_i": [], "MJD_before_i": [], "mask_before_r": [26.0, 26.0, 26.0, 26.0, 26.0, 26.0, 26.0, 26.0, 26.0, 26.0, 26.0, 26.0, 26.0, 26.0, 26.0, 26.0, 26.0, 26.0, 26.0, 26.0, 26.0, 26.0, 26.0, 26.0, 26.0, 26.0, 26.0, 26.0, 26.0, 26.0, 26.0, 26.0, 26.0, 26.0, 26.0, 26.0, 26.0, 26.0], "mask_before_g": [26.0, 26.0, 26.0, 26.0, 26.0, 26.0, 26.0, 26.0, 26.0, 26.0, 26.0, 26.0, 26.0, 26.0, 26.0, 26.0, 26.0, 26.0, 26.0, 26.0, 26.0, 26.0, 26.0, 26.0, 26.0, 26.0, 26.0, 26.0, 26.0, 26.0, 26.0], "flux_before_r": [19.435686137949304, 19.49599160673273, 19.5275224804145, 19.396900720101574, 19.858572899297936, 19.38819409064704, 19.43364708662243, 19.38997500662062, 19.344957534436286, 19.34810436480227, 19.582654256372464, 19.71765762554744, 19.391307563949557, 19.43302401690771, 19.489008164799834, 19.335655907471228, 19.452930068516736, 19.478584221928635, 19.42639024930546, 19.29694173324598, 19.567795197404656, 19.39951271309881, 19.379124168674863, 19.416877990174257, 19.475433819420335, 19.368420196118517, 19.525901396371882, 19.372367859446143, 19.417745784210354, 19.771969144423174, 19.505181182779264, 19.435312190953088, 19.45424896598183, 19.415036443438073, 19.403457415338156, 19.431033342780893, 19.59318333077446, 19.380378524416944], "MJD_before_r": [58353.38893519994, 58356.38369210018, 58357.39568290021, 58383.35641200002, 58424.28795140004, 58425.28155090008, 58429.33025459992, 58431.35041669989, 58432.3260764, 58435.32782409992, 58436.30398150021, 58439.30200230004, 58457.21820600005, 58745.4607406999, 58745.46120369993, 58748.37653939985, 58748.37699070014, 58761.39469909994, 58761.395150499884, 58773.318669000175, 58773.31912040012, 58774.27408559993, 58774.274536999874, 58775.312604200095, 58775.341608799994, 58776.294803199824, 58776.29525459977, 58777.45047450019, 58777.45093750022, 58786.34728009999, 58786.34773149993, 58787.26428239979, 58787.26474539982, 58803.312604200095, 58812.22250000015, 58812.222951400094, 58861.227511600126, 58861.22796300007], "flux_err_before_r": [0.0444720214724699, 0.11152462540477133, 0.08705426197082261, 0.0625264582928236, 0.3571456696480612, 0.001298806904358038, 0.0013773546737105254, 0.09631243101394625, 0.047785502917102964, 0.11686675451646336, 0.19899966349558929, 0.1253756394386212, 0.06347172603880312, 0.09992398594089076, 0.11329193271200226, 0.032724270327004396, 0.043282902964138455, 0.036133122275002705, 0.04672855580099971, 0.08165995322458755, 0.10581855925358073, 0.15261133238395364, 0.11396677641221274, 0.045053299287185, 0.05410664930443604, 0.06967306000194064, 0.09384913738382124, 0.09213397114138117, 0.09908717391309256, 0.22040280878095292, 0.19610131260030406, 0.07607970215469319, 0.08991852041570612, 0.0643938476625049, 0.03739385776755233, 0.037918075983596755, 0.19120099154163536, 0.12519431316387866], "flux_before_g": [20.32620717272384, 19.844261024017918, 20.06389077418801, 20.226907526405668, 19.98447448544478, 20.00047032631454, 20.127896229214958, 20.113489302114864, 20.298047969516027, 20.311739536908007, 20.090960394445787, 20.174678668828037, 20.43781530440129, 20.421082548704376, 20.115283097367296, 20.163221951756736, 20.147574856568173, 20.057379738793028, 20.357933196133608, 20.2122406103948, 20.189864664005565, 19.920286776975146, 20.06065143521613, 19.7644803297282, 20.30148828118751, 20.258114860343436, 19.84459534548645, 20.151220787024407, 20.13063028038824, 20.146918997146557, 20.142026066264265], "MJD_before_g": [58364.4767593001, 58390.38135420019, 58427.33179400023, 58430.31069440022, 58436.19938659994, 58483.16349539999, 58726.4599768999, 58726.4604282002, 58734.49880790012, 58734.499259300064, 58737.4788079001, 58737.479259300046, 58746.46034719981, 58746.46079860022, 58749.3805670999, 58749.381018499844, 58758.43949070014, 58758.439942100085, 58760.41314810002, 58760.41359949997, 58764.343645799905, 58764.34409719985, 58766.327731499914, 58766.32818289986, 58767.38092589984, 58767.38137729978, 58768.439317100216, 58786.27629629988, 58786.27674769983, 58882.09675930021, 58882.097661999986], "flux_err_before_g": [0.141217964959331, 0.11877384420647613, 0.14865559949296975, 0.057640841647270076, 0.14600307251460487, 0.07954651390970868, 0.051487922768939626, 0.051176306309730274, 0.11851014158427543, 0.10958223214966023, 0.04741257428949594, 0.052696755258085676, 0.22731461587144627, 0.21569509614219778, 0.0948665339408777, 0.08306216605045157, 0.09743908698367539, 0.08911436737959277, 0.10266982717286323, 0.09101755510571136, 0.11281768114325737, 0.08563493004577409, 0.238464333890074, 0.1742598765318755, 0.346093228104908, 0.3343015874211438, 0.280744572959217, 0.2018711543188147, 0.19383432811605578, 0.2493169879879343, 0.2506290373531256], "flux_outl_after_i": [], "MJD_outl_after_i": [], "flux_outl_err_after_i": [], "flux_outl_after_r": [19.34810436480227, 19.771969144423174, 19.858572899297936, 19.582654256372464, 19.505181182779264], "MJD_outl_after_r": [58435.32782409992, 58786.34728009999, 58424.28795140004, 58436.30398150021, 58786.34773149993], "flux_outl_err_after_r": [0.11686675451646336, 0.22040280878095292, 0.3571456696480612, 0.19899966349558929, 0.19610131260030406], "flux_outl_after_g": [20.151220787024407], "MJD_outl_after_g": [58786.27629629988], "flux_outl_err_after_g": [0.2018711543188147], "mask_after_r": [26.0, 26.0, 26.0, 26.0, 26.0, 26.0, 26.0, 26.0, 26.0, 26.0, 26.0, 26.0, 26.0, 26.0, 26.0, 26.0, 26.0, 26.0, 26.0, 26.0, 26.0, 26.0, 26.0, 26.0, 26.0, 26.0, 26.0, 26.0, 26.0, 26.0, 26.0, 26.0, 26.0], "mask_after_g": [26.0, 26.0, 26.0, 26.0, 26.0, 26.0, 26.0, 26.0, 26.0, 26.0, 26.0, 26.0, 26.0, 26.0, 26.0, 26.0, 26.0, 26.0, 26.0, 26.0, 26.0, 26.0, 26.0, 26.0, 26.0, 26.0, 26.0, 26.0, 26.0, 26.0], "mask_after_i": [], "flux_after_r": [19.495628760396073, 19.5871714481436, 19.55951507272482, 19.438930379424537, 19.439624081885047, 19.48908039100677, 19.479459073060156, 19.40810336668619, 19.65306641797061, 19.455112398779644, 19.522000713248676, 19.56384866936957, 19.40914904956837, 19.501567547050087, 19.554339774283406, 19.49455974970595, 19.356497866278307, 19.595475321945624, 19.453401890534515, 19.45147815923945, 19.475189662061418, 19.531803094745577, 19.447944182215924, 19.58315812067918, 19.439445804067255, 19.479369393367094, 19.484873918953088, 19.50787433084319, 19.47350638727241, 19.445660852107814, 19.467625058676198, 19.647930772117473, 19.419047730377958], "MJD_after_r": [58353.38893519994, 58356.38369210018, 58357.39568290021, 58383.35641200002, 58425.28155090008, 58429.33025459992, 58431.35041669989, 58432.3260764, 58439.30200230004, 58457.21820600005, 58745.4607406999, 58745.46120369993, 58748.37653939985, 58748.37699070014, 58761.39469909994, 58761.395150499884, 58773.318669000175, 58773.31912040012, 58774.27408559993, 58774.274536999874, 58775.312604200095, 58775.341608799994, 58776.294803199824, 58776.29525459977, 58777.45047450019, 58777.45093750022, 58787.26428239979, 58787.26474539982, 58803.312604200095, 58812.22250000015, 58812.222951400094, 58861.227511600126, 58861.22796300007], "flux_err_after_r": [0.04711741486377357, 0.11264483372538725, 0.08863674395120698, 0.06414100453802195, 0.009321499872091871, 0.009593943445096183, 0.09767623074798974, 0.04993429354389441, 0.12642765209761606, 0.06494853939020076, 0.10138258883128352, 0.1142691659909774, 0.03508677583257129, 0.04563899498031464, 0.03857723059895882, 0.04842386636169244, 0.08297646499004176, 0.10705751233213323, 0.15380001776533528, 0.11539682318174727, 0.0466017583553786, 0.055562772191809565, 0.0708765519140375, 0.09499004969903771, 0.0942537307445039, 0.10027784777706861, 0.0778811401807925, 0.09131306192711833, 0.06638864667195389, 0.0393168724478237, 0.03931313570212832, 0.19189163539073528, 0.12676731599691884],