{"name": "J022338.00+001804.7", "flux_err_before_i": [], "mask_before_i": [], "flux_before_i": [], "MJD_before_i": [], "mask_before_r": [15.0, 15.0, 15.0, 15.0, 15.0, 15.0, 15.0, 15.0, 15.0, 15.0, 15.0, 15.0, 15.0, 15.0, 15.0, 15.0, 15.0, 15.0, 15.0, 15.0, 15.0, 15.0, 15.0, 15.0, 15.0, 15.0, 15.0, 15.0, 15.0, 15.0, 15.0, 15.0, 15.0, 15.0, 15.0, 15.0, 15.0, 15.0], "mask_before_g": [15.0, 15.0, 15.0, 15.0, 15.0, 15.0, 15.0, 15.0, 15.0, 15.0, 15.0, 15.0, 15.0, 15.0, 15.0, 15.0, 15.0, 15.0, 15.0, 15.0, 15.0, 15.0, 15.0, 15.0, 15.0, 15.0, 15.0, 15.0, 15.0, 15.0, 15.0, 15.0, 15.0], "flux_before_r": [18.489220135244977, 18.3785008370686, 18.457967494937265, 18.37583978610074, 18.358105844110064, 18.443383534109664, 18.398375039525394, 18.472613594113966, 18.442012818652433, 18.556497387538247, 18.594034314617765, 18.448851129043216, 18.468627202706347, 18.468145550512197, 18.427097647024674, 18.436895019221563, 18.451225499961634, 18.452186802638423, 18.407513698215254, 18.44468591090126, 18.377359947667287, 18.426453051914155, 18.317470813513197, 18.432284360084623, 18.4568331746301, 18.444249828611667, 18.504610935514535, 18.354025838471856, 18.45864886748097, 18.45784352056868, 18.363553756963192, 18.471419337665182, 18.470974352373418, 18.407389933920904, 18.38710709919893, 18.43280673865077, 18.350732017810635, 18.319153905867612], "MJD_before_r": [58353.38893519994, 58356.38369210018, 58357.39568290021, 58383.35641200002, 58424.28795140004, 58425.28155090008, 58429.33025459992, 58431.35041669989, 58432.3260764, 58435.32782409992, 58436.30398150021, 58439.30200230004, 58457.21820600005, 58745.4607406999, 58745.46120369993, 58748.37653939985, 58748.37699070014, 58761.39469909994, 58761.395150499884, 58773.318669000175, 58773.31912040012, 58774.27408559993, 58774.274536999874, 58775.312604200095, 58775.341608799994, 58776.294803199824, 58776.29525459977, 58777.45047450019, 58777.45093750022, 58786.34728009999, 58786.34773149993, 58787.26428239979, 58787.26474539982, 58803.312604200095, 58812.22250000015, 58812.222951400094, 58861.227511600126, 58861.22796300007], "flux_err_before_r": [0.007326991845927868, 0.017920037258387415, 0.0068596925649075215, 0.006681801483041771, 0.10813012962960619, 0.006820105106942464, 0.006517899652675444, 0.0034280590070783034, 0.006853032344606347, 0.0218089376646077, 0.025954629129828183, 0.021284664771220867, 0.0069133498547623625, 0.01926050085476401, 0.006516700089838924, 0.007452734703063167, 0.007581023695862145, 0.007473299289805331, 0.007234410254163176, 0.007391830820710197, 0.007072641307636419, 0.052912607467335435, 0.025910984749709105, 0.007441686977168037, 0.007546940464261106, 0.007478553167889994, 0.007858904807487967, 0.007002417317635981, 0.007761348795849102, 0.046161066830323866, 0.036854315768908415, 0.0075621517686408875, 0.007670565717013193, 0.00725293236652021, 0.007117385575101852, 0.007413108380154988, 0.035926840567458075, 0.04779877065062055], "flux_before_g": [19.05520549660673, 19.056754796739785, 19.15413604978475, 19.16381637209855, 19.179003030750586, 19.23239770185019, 19.09545735597063, 19.081666469440403, 19.159743739681634, 19.155073720388543, 19.113389131880254, 19.1039790100035, 19.18558897003778, 19.066320624946208, 19.13624977162037, 19.160206669932595, 19.13569381651901, 19.142945082354494, 19.179224425131466, 19.13941069944438, 19.142912782846366, 19.116165154801855, 19.158203716417326, 19.164892003975634, 19.231392256426567, 19.172551154623957, 19.189086295088977, 18.95785119741018, 19.083101410247288, 19.18599967371164, 19.097552077264453, 19.0992264417329, 19.26641394496266], "MJD_before_g": [58364.4767593001, 58384.35612270003, 58390.38135420019, 58427.33179400023, 58430.31069440022, 58436.19938659994, 58483.16349539999, 58726.4599768999, 58726.4604282002, 58734.49880790012, 58734.499259300064, 58737.4788079001, 58737.479259300046, 58746.46034719981, 58746.46079860022, 58749.3805670999, 58749.381018499844, 58758.43949070014, 58758.439942100085, 58760.41314810002, 58760.41359949997, 58764.343645799905, 58764.34409719985, 58766.327731499914, 58766.32818289986, 58767.38092589984, 58767.38137729978, 58768.439317100216, 58768.43976850016, 58786.27629629988, 58786.27674769983, 58882.09675930021, 58882.097661999986], "flux_err_before_g": [0.04636258329722231, 0.12495853421822604, 0.06372964830441963, 0.06025583495561806, 0.004517652912936188, 0.09071490886123144, 0.018830156265511884, 0.0047312754929017915, 0.005105157498619265, 0.01332128245315799, 0.01247894742043102, 0.004782591119800267, 0.005208914598735737, 0.052032036434517856, 0.0590356318043403, 0.017621673029851737, 0.005125652693822291, 0.021024863868467417, 0.03130265196252701, 0.0049126511857243375, 0.0049819201484033425, 0.034665532815305336, 0.030896181939740773, 0.0985477452898983, 0.10542964929874099, 0.11612077898842255, 0.11192645012014998, 0.12832406315916178, 0.11368449922717477, 0.07748284673896474, 0.059258997066976196, 0.09401773651920964, 0.1082139831610866], "flux_outl_after_i": [], "MJD_outl_after_i": [], "flux_outl_err_after_i": [], "flux_outl_after_r": [18.556497387538247, 18.45784352056868, 18.358105844110064], "MJD_outl_after_r": [58435.32782409992, 58786.34728009999, 58424.28795140004], "flux_outl_err_after_r": [0.0218089376646077, 0.046161066830323866, 0.10813012962960619], "flux_outl_after_g": [19.23239770185019, 19.18599967371164], "MJD_outl_after_g": [58436.19938659994, 58786.27629629988], "flux_outl_err_after_g": [0.09071490886123144, 0.07748284673896474], "mask_after_r": [15.0, 15.0, 15.0, 15.0, 15.0, 15.0, 15.0, 15.0, 15.0, 15.0, 15.0, 15.0, 15.0, 15.0, 15.0, 15.0, 15.0, 15.0, 15.0, 15.0, 15.0, 15.0, 15.0, 15.0, 15.0, 15.0, 15.0, 15.0, 15.0, 15.0, 15.0, 15.0, 15.0, 15.0, 15.0], "mask_after_g": [15.0, 15.0, 15.0, 15.0, 15.0, 15.0, 15.0, 15.0, 15.0, 15.0, 15.0, 15.0, 15.0, 15.0, 15.0, 15.0, 15.0, 15.0, 15.0, 15.0, 15.0, 15.0, 15.0, 15.0, 15.0, 15.0, 15.0, 15.0, 15.0, 15.0, 15.0], "mask_after_i": [], "flux_after_r": [18.537282427690915, 18.43545624029676, 18.495708673950844, 18.423966947278522, 18.490332105322373, 18.402657476141243, 18.51543337258524, 18.47211928995116, 18.6242690289165, 18.51435791041617, 18.51593418347522, 18.506114588553864, 18.463132766956765, 18.489755530726303, 18.494118397708846, 18.49306151783742, 18.448133357464535, 18.492621150808993, 18.428602419298635, 18.45734556173365, 18.361557392628463, 18.49022547928442, 18.490188530154597, 18.48668206124849, 18.553335987820844, 18.39878529783973, 18.5040102116252, 18.40724527562699, 18.5081755609622, 18.511191603386834, 18.44969425780104, 18.433614000816988, 18.480207736295977, 18.433860277320647, 18.35662739751089], "MJD_after_r": [58353.38893519994, 58356.38369210018, 58357.39568290021, 58383.35641200002, 58425.28155090008, 58429.33025459992, 58431.35041669989, 58432.3260764, 58436.30398150021, 58439.30200230004, 58457.21820600005, 58745.4607406999, 58745.46120369993, 58748.37653939985, 58748.37699070014, 58761.39469909994, 58761.395150499884, 58773.318669000175, 58773.31912040012, 58774.27408559993, 58774.274536999874, 58775.312604200095, 58775.341608799994, 58776.294803199824, 58776.29525459977, 58777.45047450019, 58777.45093750022, 58786.34773149993, 58787.26428239979, 58787.26474539982, 58803.312604200095, 58812.22250000015, 58812.222951400094, 58861.227511600126, 58861.22796300007],