{"name": "SALT_J025523.42-000031.6", "flux_err_before_i": [], "mask_before_i": [], "flux_before_i": [], "MJD_before_i": [], "mask_before_r": [], "mask_before_g": [28.0, 28.0, 28.0, 28.0, 28.0, 28.0, 28.0, 28.0, 28.0, 28.0, 28.0, 28.0, 28.0, 28.0, 28.0, 28.0, 28.0, 28.0, 28.0, 28.0, 28.0], "flux_before_r": [], "MJD_before_r": [], "flux_err_before_r": [], "flux_before_g": [17.611139627673637, 17.699643127050017, 17.599955431204233, 17.591585194639134, 17.597928391179952, 17.6805733395258, 17.60469253895439, 17.60981412990861, 17.590042288334068, 17.615225588795013, 17.5952230761464, 17.569565118832656, 17.573791792522123, 17.585357528157616, 17.59367175441522, 17.543908696118784, 17.597622024186684, 17.617245083875446, 17.634809561270064, 17.597989215100476, 17.591824578725237], "MJD_before_g": [58384.357499999925, 58430.309155100025, 58726.50031250017, 58734.478506899904, 58734.47895829985, 58746.4644559999, 58746.464907399844, 58749.4181597, 58749.41861109994, 58758.42646990018, 58758.426921300124, 58760.44482639991, 58760.44527779985, 58766.33096060017, 58766.331412000116, 58767.356898100115, 58767.35734950006, 58768.39612270007, 58768.39899310004, 58876.15533560002, 58876.15578699997], "flux_err_before_g": [0.010414286047554153, 0.010216706136968167, 0.010094291072468118, 0.00984209899486574, 0.009947295226810452, 0.010838345395118897, 0.010069564004208009, 0.010364283956322794, 0.010268584150210116, 0.01035771332409065, 0.010134979663526066, 0.009810241501570602, 0.009880305384393709, 0.010150248209001319, 0.010195355011344985, 0.009726064147109716, 0.010108866491079296, 0.010417216368720679, 0.010800838582594258, 0.00919113906496865, 0.009170298713592505], "flux_outl_after_i": [], "MJD_outl_after_i": [], "flux_outl_err_after_i": [], "flux_outl_after_r": [], "MJD_outl_after_r": [], "flux_outl_err_after_r": [], "flux_outl_after_g": [], "MJD_outl_after_g": [], "flux_outl_err_after_g": [], "mask_after_r": [], "mask_after_g": [28.0, 28.0, 28.0, 28.0, 28.0, 28.0, 28.0, 28.0, 28.0, 28.0, 28.0, 28.0, 28.0, 28.0, 28.0, 28.0, 28.0, 28.0, 28.0, 28.0, 28.0], "mask_after_i": [], "flux_after_r": [], "MJD_after_r": [], "flux_err_after_r": [], "flux_after_g": [17.65523965027559, 17.665838134366673, 17.556735948225988, 17.49298946012915, 17.554229198719515, 17.630332150063666, 17.455905855527906, 17.537615992597694, 17.540502860314067, 17.576268175173613, 17.560133435872757, 17.528943510590622, 17.54426307116767, 17.542678479399036, 17.687547740875576, 17.53646544872069, 17.527584878551707, 17.726143667945472, 17.76315739302094, 17.55671086645318, 17.52253374954855], "MJD_after_g": [58384.357499999925, 58430.309155100025, 58726.50031250017, 58734.478506899904, 58734.47895829985, 58746.4644559999, 58746.464907399844, 58749.4181597, 58749.41861109994, 58758.42646990018, 58758.426921300124, 58760.44482639991, 58760.44527779985, 58766.33096060017, 58766.331412000116, 58767.356898100115, 58767.35734950006, 58768.39612270007, 58768.39899310004, 58876.15533560002, 58876.15578699997], "flux_err_after_g": [0.0290946575822362, 0.02050206664121642, 0.020542804506425504, 0.025151664146089506, 0.02268734150516139, 0.029558909602992893, 0.029115120216027825, 0.02114270603632697, 0.02355254161449821, 0.025052542277674724, 0.021010680609521142, 0.022431940418064757, 0.019875802478639522, 0.03176669840004217, 0.029763509991696593, 0.03294455352963032, 0.02928759472245228, 0.03137764522598404, 0.03489428538306402, 0.020682484122671332, 0.020653066584677436], "flux_after_i": [], "MJD_after_i": [], "flux_err_after_i": []}