{"name": "J032953.53-004430.4", "flux_err_before_i": [], "mask_before_i": [], "flux_before_i": [], "MJD_before_i": [], "mask_before_r": [25.0, 25.0, 25.0, 25.0, 25.0, 25.0, 25.0, 25.0, 25.0, 25.0, 25.0, 25.0, 25.0, 25.0, 25.0, 25.0, 25.0, 25.0, 25.0, 25.0, 25.0, 25.0, 25.0, 25.0, 25.0, 25.0, 25.0, 25.0, 25.0, 25.0, 25.0, 25.0, 25.0, 25.0, 25.0, 25.0, 25.0, 25.0, 25.0, 25.0, 25.0, 25.0, 25.0], "mask_before_g": [25.0, 25.0, 25.0, 25.0, 25.0, 25.0, 25.0, 25.0, 25.0, 25.0, 25.0, 25.0, 25.0, 25.0, 25.0, 25.0, 25.0, 25.0, 25.0, 25.0, 25.0, 25.0, 25.0, 25.0, 25.0, 25.0, 25.0, 25.0, 25.0, 25.0, 25.0, 25.0, 25.0, 25.0], "flux_before_r": [17.82992876078814, 17.828489196063376, 17.8041539143134, 17.80771340023861, 17.79708487989383, 17.78899920212063, 17.762858682807412, 17.8062842185345, 17.718785335768175, 17.794462662970183, 17.85062231464042, 17.823416083475408, 17.63343613410439, 17.819834791797618, 17.80294912278277, 17.81615396717856, 17.799911978157752, 17.810227882216573, 17.789758531792266, 17.7913345766008, 17.791704990990034, 17.789174714530503, 17.768969199108824, 17.812937701978726, 17.829607575544745, 17.768101259837536, 17.769804824491743, 17.772489921932774, 17.785554072456534, 17.79581350368442, 17.808488955145915, 17.804967596617615, 17.77333644741653, 17.827956476807316, 17.81141174828617, 17.79132318169679, 17.790387815621482, 17.7582557107092, 17.804645991945016, 17.804124191644433, 17.792669924225088, 17.7941853902399, 17.817256484161124], "MJD_before_r": [58356.39576390013, 58386.379513899796, 58423.373148099985, 58424.31266199984, 58425.302870399784, 58429.3214699002, 58431.34718749998, 58432.31166670006, 58435.35096060019, 58436.3147454001, 58439.27844909998, 58441.366793999914, 58442.3400347, 58443.17160880007, 58449.39555560006, 58482.22250000015, 58739.45740740001, 58739.45785879996, 58740.491782399826, 58740.49222220015, 58748.4202430998, 58748.42069440009, 58761.420775500126, 58761.42122690007, 58770.445185199846, 58776.32578699989, 58776.413379599806, 58777.43124999991, 58777.43170139985, 58783.39168980019, 58783.39214120014, 58787.28851850005, 58787.28896989999, 58812.28557869978, 58812.28603010019, 58833.26732640015, 58833.26822920004, 58859.22706020018, 58859.227511600126, 58860.183310199995, 58860.18376159994, 58861.17415509978, 58861.17460650019], "flux_err_before_r": [0.009051344518258612, 0.008667568243370491, 0.008330731877237537, 0.012032252895226669, 0.010425467607788952, 0.008344902601875887, 0.008329234022505723, 0.008380989155630292, 0.007654128087207028, 0.012417857061215105, 0.013153172541096637, 0.00954526576286848, 0.20411939966516943, 0.008945312314390696, 0.009094969362125001, 0.009355848447008938, 0.009076248595504509, 0.009049670029593733, 0.009004197327362401, 0.008946134472888863, 0.009039482903116115, 0.009229357677682244, 0.008805809195900223, 0.009116679180773775, 0.009288479384161679, 0.008908859200965978, 0.008782608446211886, 0.008886639445960237, 0.009017439148226761, 0.009204220044706682, 0.009272934099242701, 0.009228447161149497, 0.008825842443275736, 0.009290608979965302, 0.00912570216473594, 0.007919009500206884, 0.007923128828870439, 0.007699169405990816, 0.00794694098816867, 0.008086326410285373, 0.007969839234082553, 0.008031113199708693, 0.00816515032896093], "flux_before_g": [18.515330491687738, 18.531656951655854, 18.54676587117124, 18.54175297241798, 18.51382137395105, 18.524746612627208, 18.475892173918453, 18.529815251768145, 18.456130771581712, 18.557495904898374, 18.503435458056526, 18.484191070428302, 18.569296436204752, 18.461301942839356, 18.491264878427813, 18.45935978411034, 18.502186832604718, 18.45507811338861, 18.50243108536283, 18.52139600042964, 18.50692117034137, 18.53899457003047, 18.493108666954313, 18.587804646620768, 18.507288634769363, 18.547219944552744, 18.600430306314962, 18.440502097403094, 18.471560762812153, 18.45642949166824, 18.524487229689463, 18.504523719190836, 18.492438301796515, 18.525845441402748], "MJD_before_g": [58384.35795139987, 58388.411018500105, 58427.327175899874, 58430.30824070005, 58436.24234949984, 58443.25872689998, 58483.17997690011, 58494.18196759978, 58495.20269680023, 58734.477592600044, 58734.47804399999, 58743.4581133998, 58743.45856480021, 58746.46604169998, 58746.46649309993, 58749.41907409998, 58749.41952549992, 58758.44180560019, 58758.442256900016, 58760.42263890011, 58760.42309030006, 58765.457245400175, 58765.45769680012, 58766.33187500015, 58766.332326400094, 58767.357800900005, 58767.35825229995, 58768.36379629979, 58768.3642477002, 58831.24787040008, 58867.20719909994, 58867.207650499884, 58876.156701399945, 58876.1571411998], "flux_err_before_g": [0.049818287723867954, 0.00952597435390002, 0.009941066426215235, 0.009201694623891034, 0.00947142177766566, 0.03657533704257737, 0.00881705392341146, 0.009298496415757236, 0.029037551199536105, 0.010164475871088367, 0.009534563390923685, 0.10127202712172526, 0.11094993348193617, 0.009133713912094547, 0.009590308520601698, 0.009775760226565807, 0.010168136328080713, 0.009399783971819512, 0.009791721699253138, 0.009874725400480162, 0.009648395455286687, 0.010118693830467124, 0.009745633927636405, 0.01879249960603214, 0.00733821291948028, 0.07033936313406594, 0.07509679044764268, 0.015536311479580045, 0.022489997793510286, 0.056646448001833535, 0.009092462512537081, 0.008862089157740465, 0.008588987051520372, 0.008854107771149283], "flux_outl_after_i": [], "MJD_outl_after_i": [], "flux_outl_err_after_i": [], "flux_outl_after_r": [17.718785335768175, 17.63343613410439, 17.829607575544745], "MJD_outl_after_r": [58435.35096060019, 58442.3400347, 58770.445185199846], "flux_outl_err_after_r": [0.008140719190641011, 0.20411939966516943, 0.009878970081634741], "flux_outl_after_g": [], "MJD_outl_after_g": [], "flux_outl_err_after_g": [], "mask_after_r": [25.0, 25.0, 25.0, 25.0, 25.0, 25.0, 25.0, 25.0, 25.0, 25.0, 25.0, 25.0, 25.0, 25.0, 25.0, 25.0, 25.0, 25.0, 25.0, 25.0, 25.0, 25.0, 25.0, 25.0, 25.0, 25.0, 25.0, 25.0, 25.0, 25.0, 25.0, 25.0, 25.0, 25.0, 25.0, 25.0, 25.0, 25.0, 25.0, 25.0], "mask_after_g": [25.0, 25.0, 25.0, 25.0, 25.0, 25.0, 25.0, 25.0, 25.0, 25.0, 25.0, 25.0, 25.0, 25.0, 25.0, 25.0, 25.0, 25.0, 25.0, 25.0, 25.0, 25.0, 25.0, 25.0, 25.0, 25.0, 25.0, 25.0, 25.0, 25.0, 25.0, 25.0, 25.0, 25.0], "mask_after_i": [], "flux_after_r": [17.829933892339895, 17.835464994951426, 17.82962446727265, 17.84603699626038, 17.831843014502564, 17.795242245810133, 17.799573133603868, 17.81839730662315, 17.837473578718253, 17.812679267774875, 17.85704817651734, 17.865607210445102, 17.83965592733447, 17.84635371279904, 17.837009377205103, 17.836382539312872, 17.821968495303196, 17.84051412839146, 17.815471302746396, 17.816223191714446, 17.799665837758972, 17.84571213841774, 17.801762423892757, 17.803690289375012, 17.813060976163786, 17.816491435571894, 17.82425044423002, 17.83667621945069, 17.8369494551215, 17.813904860670764, 17.836179173418067, 17.83474364416379, 17.822818138634922, 17.813336750172333, 17.787998454851625, 17.837531801374467, 17.836680653648795, 17.82329945463975, 17.836716444384432, 17.857015374794237], "MJD_after_r": [58356.39576390013, 58386.379513899796, 58423.373148099985, 58424.31266199984, 58425.302870399784, 58429.3214699002, 58431.34718749998, 58432.31166670006, 58436.3147454001, 58439.27844909998, 58441.366793999914, 58443.17160880007, 58449.39555560006, 58482.22250000015, 58739.45740740001, 58739.45785879996, 58740.491782399826, 58740.49222220015, 58748.4202430998, 58748.42069440009, 58761.420775500126, 58761.42122690007, 58776.32578699989, 58776.413379599806, 58777.43124999991, 58777.43170139985, 58783.39168980019, 58783.39214120014, 58787.28851850005, 58787.28896989999, 58812.28557869978, 58812.28603010019, 58833.26732640015, 58833.26822920004, 58859.22706020018, 58859.227511600126, 58860.183310199995, 58860.18376159994, 58861.17415509978, 58861.17460650019],