{"name": "J032440.77-004053.4", "flux_err_before_i": [], "mask_before_i": [], "flux_before_i": [], "MJD_before_i": [], "mask_before_r": [30.0, 30.0, 30.0, 30.0, 30.0, 30.0, 30.0, 30.0, 30.0, 30.0, 30.0, 30.0, 30.0, 30.0, 30.0, 30.0, 30.0, 30.0, 30.0, 30.0, 30.0, 30.0, 30.0, 30.0, 30.0, 30.0, 30.0, 30.0, 30.0, 30.0, 30.0, 30.0, 30.0, 30.0, 30.0, 30.0, 30.0, 30.0, 30.0, 30.0, 30.0, 30.0, 30.0], "mask_before_g": [30.0, 30.0, 30.0, 30.0, 30.0, 30.0, 30.0, 30.0, 30.0, 30.0, 30.0, 30.0, 30.0, 30.0, 30.0, 30.0, 30.0, 30.0, 30.0, 30.0, 30.0, 30.0, 30.0, 30.0, 30.0, 30.0, 30.0, 30.0, 30.0, 30.0, 30.0, 30.0, 30.0, 30.0], "flux_before_r": [16.805309432514996, 16.817746833994946, 16.793752835667483, 16.79486011631854, 16.7950388700142, 16.799339544083935, 16.777468741429807, 16.81505865875511, 16.781178376316063, 16.76577180995657, 16.846312226005395, 16.796140530108673, 16.768007032269786, 16.81875852592535, 16.791725125848195, 16.802515567888356, 16.777902842713864, 16.776985532577314, 16.791833273293584, 16.780326697131393, 16.782826904192586, 16.78612472118428, 16.777027740282378, 16.77615172083072, 16.82093456445439, 16.789639627892733, 16.78960413559563, 16.758738219077653, 16.78608982188907, 16.785569767721533, 16.801062726964346, 16.793238951336505, 16.809551196031464, 16.81808124458275, 16.80124058730466, 16.782622586657634, 16.783477940006765, 16.811344141547103, 16.80935634481205, 16.775770541885002, 16.802693069012022, 16.78132868367014, 16.80700682621222], "MJD_before_r": [58356.39576390013, 58386.379513899796, 58423.373148099985, 58424.31266199984, 58425.302870399784, 58429.3214699002, 58431.34718749998, 58432.31166670006, 58435.35096060019, 58436.3147454001, 58439.27844909998, 58441.366793999914, 58442.3400347, 58443.17160880007, 58449.39555560006, 58482.22250000015, 58739.45740740001, 58739.45785879996, 58740.491782399826, 58740.49222220015, 58748.4202430998, 58748.42069440009, 58761.420775500126, 58761.42122690007, 58770.445185199846, 58776.32578699989, 58776.413379599806, 58777.43124999991, 58777.43170139985, 58783.39168980019, 58783.39214120014, 58787.28851850005, 58787.28896989999, 58812.28557869978, 58812.28603010019, 58833.26732640015, 58833.26822920004, 58859.22706020018, 58859.227511600126, 58860.183310199995, 58860.18376159994, 58861.17415509978, 58861.17460650019], "flux_err_before_r": [0.008392513017633113, 0.008368102364432632, 0.007928469955866069, 0.011337369394860559, 0.009862426929577842, 0.007943722568511708, 0.008113266601790747, 0.00809378593674469, 0.007726087121751116, 0.01149944749197199, 0.012869839799520577, 0.009164408988158457, 0.09626984081932827, 0.008458856567622545, 0.00862697026007157, 0.008925128502011107, 0.00842887062007713, 0.008318451016183977, 0.008541645828976418, 0.008426727098103583, 0.008545530178541148, 0.00882872803995659, 0.00852588257002765, 0.008441681042160662, 0.008780961567351857, 0.008709317070236169, 0.008513926659913476, 0.008382692554702906, 0.008597341526926842, 0.008820153789851676, 0.008921406768605792, 0.008706905503886232, 0.008824065617859733, 0.008865857535368357, 0.008745496805212125, 0.007566539179872868, 0.00753007716265496, 0.007715177233785204, 0.007692558160622948, 0.00757873056097422, 0.007845226346600596, 0.007618329002449713, 0.00780927975533784], "flux_before_g": [17.76435407996606, 17.56724717055787, 17.554083532655902, 17.559632566814226, 17.569490462705495, 17.574355882912926, 17.561873357749754, 17.535358195287955, 17.605417427097592, 17.56772844184735, 17.551606676182047, 17.551493447670126, 17.519213901280786, 17.529559143234618, 17.540062458048034, 17.556503883216998, 17.528112088485614, 17.58092344070436, 17.532034477656403, 17.553046622657526, 17.562302210722045, 17.547409594268935, 17.541270287736747, 17.541483813943945, 17.564306117512302, 17.51951477584637, 17.463203135823647, 17.545430281968805, 17.5135766906142, 17.569367745413473, 17.539158707577208, 17.563069231245876, 17.551747643045815, 17.545091022698564], "MJD_before_g": [58384.35795139987, 58388.411018500105, 58427.327175899874, 58430.30824070005, 58436.24234949984, 58443.25872689998, 58483.17997690011, 58494.18196759978, 58495.20269680023, 58734.477592600044, 58734.47804399999, 58743.4581133998, 58743.45856480021, 58746.46604169998, 58746.46649309993, 58749.41907409998, 58749.41952549992, 58758.44180560019, 58758.442256900016, 58760.42263890011, 58760.42309030006, 58765.457245400175, 58765.45769680012, 58766.33187500015, 58766.332326400094, 58767.357800900005, 58767.35825229995, 58768.36379629979, 58768.3642477002, 58831.24787040008, 58867.20719909994, 58867.207650499884, 58876.156701399945, 58876.1571411998], "flux_err_before_g": [0.019330821526802835, 0.012491297371669364, 0.012433176310444423, 0.012188821188276558, 0.01289272930352275, 0.0124374409654332, 0.012180301044222575, 0.012134222588558882, 0.022820000523492198, 0.013176499683939302, 0.013003831987588966, 0.013412386451399189, 0.01281251065957306, 0.01269557386144611, 0.012942365560633063, 0.013771784950896935, 0.013488185019335045, 0.013740358228836576, 0.012893251975924691, 0.013098070638488247, 0.013201691002948173, 0.013205429072168847, 0.013095943547494198, 0.01364024606124169, 0.013865997776178094, 0.012887081929333567, 0.012523044779925056, 0.013609456819533452, 0.012866468332940858, 0.015203226907270514, 0.012079589119096741, 0.012280509112488054, 0.011795809126760171, 0.011778909588738668], "flux_outl_after_i": [], "MJD_outl_after_i": [], "flux_outl_err_after_i": [], "flux_outl_after_r": [16.781178376316063, 16.768007032269786, 16.81875852592535, 16.82093456445439], "MJD_outl_after_r": [58435.35096060019, 58442.3400347, 58443.17160880007, 58770.445185199846], "flux_outl_err_after_r": [0.005765771606255368, 0.09626984081932827, 0.006312617790922696, 0.006552996113404157], "flux_outl_after_g": [17.554083532655902, 17.76435407996606], "MJD_outl_after_g": [58427.327175899874, 58384.35795139987], "flux_outl_err_after_g": [0.012607459168245521, 0.019601792575166723], "mask_after_r": [30.0, 30.0, 30.0, 30.0, 30.0, 30.0, 30.0, 30.0, 30.0, 30.0, 30.0, 30.0, 30.0, 30.0, 30.0, 30.0, 30.0, 30.0, 30.0, 30.0, 30.0, 30.0, 30.0, 30.0, 30.0, 30.0, 30.0, 30.0, 30.0, 30.0, 30.0, 30.0, 30.0, 30.0, 30.0, 30.0, 30.0, 30.0, 30.0], "mask_after_g": [30.0, 30.0, 30.0, 30.0, 30.0, 30.0, 30.0, 30.0, 30.0, 30.0, 30.0, 30.0, 30.0, 30.0, 30.0, 30.0, 30.0, 30.0, 30.0, 30.0, 30.0, 30.0, 30.0, 30.0, 30.0, 30.0, 30.0, 30.0, 30.0, 30.0, 30.0, 30.0], "mask_after_i": [], "flux_after_r": [16.761525682956886, 16.768355983967954, 16.811486286373057, 16.813305444901843, 16.81267582276824, 16.813574882626153, 16.786528071635615, 16.810700311729793, 16.792963087589335, 16.798136656376514, 16.80782317674323, 16.802253990266596, 16.81639605126716, 16.807880881037015, 16.806529656324503, 16.80492838183799, 16.809416682540263, 16.795081668031038, 16.806193789921508, 16.788917988082673, 16.79947059851039, 16.80733758772186, 16.828690574466684, 16.776863990884387, 16.791652649646817, 16.793359889636623, 16.795963885828723, 16.79447345808167, 16.80719983592479, 16.82940321852117, 16.800588785423006, 16.810473986060305, 16.801342548257885, 16.83348128806305, 16.82676755815811, 16.798076237495934, 16.81020115306888, 16.80037627317399, 16.812715011571452],