{"name": "J032707.33-075639.3", "flux_err_before_i": [], "mask_before_i": [], "flux_before_i": [], "MJD_before_i": [], "mask_before_r": [22.0, 22.0, 22.0, 22.0, 22.0, 22.0, 22.0, 22.0, 22.0, 22.0, 22.0, 22.0, 22.0, 22.0, 22.0, 22.0, 22.0, 22.0, 22.0, 22.0, 22.0, 22.0, 22.0, 22.0], "mask_before_g": [22.0, 22.0, 22.0, 22.0, 22.0, 22.0, 22.0, 22.0, 22.0, 22.0, 22.0, 22.0, 22.0, 22.0, 22.0, 22.0], "flux_before_r": [18.901055776494488, 19.0785312686292, 19.023078232324245, 18.922918995566164, 18.939589003018583, 18.98725013439642, 18.96392329648934, 18.94172337578426, 19.039349786604284, 18.854307416888574, 18.979648686137686, 18.84128457395073, 18.982246869304603, 18.914277571340914, 18.983504148491825, 18.95139054936888, 19.05566613588815, 19.054799171960624, 18.901111405850518, 18.98426497847522, 18.919508947216872, 18.911997070179144, 18.9140364123368, 19.039501247640356], "MJD_before_r": [58356.40942130005, 58386.39327549981, 58429.35894680023, 58432.328356499784, 58435.351412000135, 58436.316122699995, 58443.176944400184, 58740.5251042, 58745.46615740005, 58745.46662040008, 58748.42478010012, 58748.42523150006, 58761.45987269981, 58761.46031250013, 58773.340451399796, 58773.340902800206, 58776.32488430012, 58776.32533559995, 58777.447766200174, 58777.44821760012, 58860.20474540023, 58860.205196800176, 58861.195416700095, 58861.19586810004], "flux_err_before_r": [0.07588044712260444, 0.08255759245355569, 0.0008302155857967043, 0.03305826223122857, 0.06880756167160738, 0.09966001316136427, 0.1114554629084895, 0.07203419188528878, 0.07313889998294316, 0.06219968796103373, 0.024356676608268256, 0.027350683269271463, 0.0008493727761657068, 0.013649964222936434, 0.07340318357125772, 0.0737809080112484, 0.06905313083275742, 0.06365803619682983, 0.0596279017500322, 0.05990032107822493, 0.07181384942823558, 0.09152375895581179, 0.07747584034994044, 0.07763947596452961], "flux_before_g": [19.41765774427546, 19.500786066005993, 19.592108392404032, 19.489481105953214, 19.527370502974243, 19.46914102320703, 19.51521582387748, 19.45279780749169, 19.557235510614834, 19.57791740728894, 19.512228942820016, 19.50093948333336, 19.355964285502825, 19.754288330281405, 19.4570581982134, 19.302199839768136], "MJD_before_g": [58390.38499999978, 58427.333159700036, 58430.31206020014, 58443.26789350016, 58746.4678588002, 58746.46831020014, 58749.420879600104, 58749.42133100005, 58760.44754630001, 58760.44799769996, 58766.3739467999, 58766.37439810019, 58767.3790972, 58767.37954859994, 58768.399432899896, 58768.39988429984], "flux_err_before_g": [0.12439733128294386, 0.09292875060155412, 0.04234281985966204, 0.1721392870965712, 0.11861455353512276, 0.11905084663202264, 0.05721068812311873, 0.05944695101921394, 0.06921813349149698, 0.05928599780168679, 0.10611897097057806, 0.10296766410458669, 0.17012795568935465, 0.23123658923084403, 0.13522778236545893, 0.12354785924598922], "flux_outl_after_i": [], "MJD_outl_after_i": [], "flux_outl_err_after_i": [], "flux_outl_after_r": [18.939589003018583], "MJD_outl_after_r": [58435.351412000135], "flux_outl_err_after_r": [0.06880756167160738], "flux_outl_after_g": [], "MJD_outl_after_g": [], "flux_outl_err_after_g": [], "mask_after_r": [22.0, 22.0, 22.0, 22.0, 22.0, 22.0, 22.0, 22.0, 22.0, 22.0, 22.0, 22.0, 22.0, 22.0, 22.0, 22.0, 22.0, 22.0, 22.0, 22.0, 22.0, 22.0, 22.0], "mask_after_g": [22.0, 22.0, 22.0, 22.0, 22.0, 22.0, 22.0, 22.0, 22.0, 22.0, 22.0, 22.0, 22.0, 22.0, 22.0, 22.0], "mask_after_i": [], "flux_after_r": [18.9336427709014, 19.116742224366643, 19.076071930618888, 18.97576968912626, 19.03169479839642, 19.010796670088368, 19.00102868045376, 19.089603962604283, 18.915979489707464, 19.006581567621687, 18.87549775018411, 19.035364165008268, 18.97919826625671, 19.031412883184057, 19.01552914719798, 19.107361217864877, 19.111250154731405, 18.958585513386577, 19.021292580569096, 18.98055536318081, 18.941453966216564, 18.947520936568022, 19.085341331595544], "MJD_after_r": [58356.40942130005, 58386.39327549981, 58429.35894680023, 58432.328356499784, 58436.316122699995, 58443.176944400184, 58740.5251042, 58745.46615740005, 58745.46662040008, 58748.42478010012, 58748.42523150006, 58761.45987269981, 58761.46031250013, 58773.340451399796, 58773.340902800206, 58776.32488430012, 58776.32533559995, 58777.447766200174, 58777.44821760012, 58860.20474540023, 58860.205196800176, 58861.195416700095, 58861.19586810004], "flux_err_after_r": [0.07855982336410382, 0.0851840489871475, 0.012485707445950452, 0.03829171460773702, 0.1022965819716269, 0.1136085727205755, 0.07541182686660149, 0.07619089412369726, 0.06662040968497072, 0.03006847792478211, 0.03187517105826264, 0.012041282875209504, 0.019015894221894154, 0.0763619073645656, 0.07614930592864802, 0.0718752002145571, 0.06678136305192717, 0.06270383694117916, 0.06460955174195093, 0.07440647899131249, 0.09420268968400311, 0.08086385801734057, 0.0807987330988079], "flux_after_g": [19.401495936588972, 19.468830752845395, 19.557378004404033, 19.469937465386273, 19.516597483270417, 19.464760765381108, 19.490829500677478, 19.43941763177651, 19.533545578697, 19.562683176699903, 19.49875355583276, 19.470448150514233, 19.328930263397744, 19.724521548117977, 19.436788470797495, 19.27265021763322], "MJD_after_g": [58390.38499999978, 58427.333159700036, 58430.31206020014, 58443.26789350016, 58746.4678588002, 58746.46831020014, 58749.420879600104, 58749.42133100005, 58760.44754630001, 58760.44799769996, 58766.3739467999, 58766.37439810019, 58767.3790972, 58767.37954859994, 58768.399432899896, 58768.39988429984], "flux_err_after_g": [0.12484294172245261, 0.09444161149384657, 0.047816481705256035, 0.17305892994372224, 0.12149176805321783, 0.12068294728381442, 0.0633350704810273, 0.06385401528882327, 0.07296774492755627, 0.06444994164546393, 0.10808947416784569, 0.10531228976487321, 0.17135868957144207, 0.23191371954942266, 0.13606455662795766, 0.12440607043893523], "flux_after_i": [], "MJD_after_i": [], "flux_err_after_i": []}