{"name": "J074437.90+383905.7", "flux_err_before_i": [], "mask_before_i": [], "flux_before_i": [], "MJD_before_i": [], "mask_before_r": [32.0, 32.0, 32.0, 32.0, 32.0, 32.0, 32.0, 32.0, 32.0, 32.0, 32.0, 32.0, 32.0, 32.0, 32.0, 32.0, 32.0, 32.0, 32.0, 32.0, 32.0, 32.0, 32.0, 32.0, 32.0, 32.0, 32.0, 32.0, 32.0, 32.0, 32.0, 32.0, 32.0, 32.0, 32.0, 32.0, 32.0, 32.0, 32.0, 32.0, 32.0, 32.0, 32.0, 32.0, 32.0, 32.0], "mask_before_g": [32.0, 32.0, 32.0, 32.0, 32.0, 32.0, 32.0, 32.0, 32.0, 32.0, 32.0, 32.0, 32.0, 32.0, 32.0, 32.0, 32.0, 32.0, 32.0, 32.0, 32.0, 32.0, 32.0, 32.0, 32.0, 32.0, 32.0, 32.0, 32.0, 32.0, 32.0, 32.0, 32.0, 32.0, 32.0, 32.0, 32.0, 32.0, 32.0, 32.0, 32.0, 32.0, 32.0, 32.0, 32.0, 32.0, 32.0, 32.0, 32.0], "flux_before_r": [17.863807870056043, 17.855376254815184, 17.841073752278085, 17.77248184206735, 18.170539719719635, 17.81385282111625, 17.817908088086945, 17.820269260731074, 17.879359840523108, 17.782639207540484, 17.86348750382892, 17.86875424880565, 17.75735894450481, 17.872809516991868, 17.83415370368138, 17.853518431106316, 17.877289857402385, 17.814611042098843, 17.81261760431312, 17.82407510229527, 17.8096496089987, 17.809883674597764, 17.870559897637335, 17.81625743112723, 17.83581496449986, 17.799424282631417, 17.85708149261186, 17.840245314243045, 17.839487066376595, 17.823109229635214, 17.861425592211468, 17.83962530681453, 17.832440825736, 17.842013844499093, 17.844920592499907, 17.8493010924982, 17.839525593539648, 17.825109853462315, 17.856882915319837, 17.828438062918384, 17.750840009634974, 17.75270157412444, 17.833954811240325, 17.849356686950898, 17.869015857697647, 17.82924595912532], "MJD_before_r": [58429.37450229982, 58432.35725690005, 58435.368761599995, 58436.341851899866, 58438.33342589997, 58439.330868099816, 58441.35057870019, 58443.367291700095, 58471.243483799975, 58481.44850690011, 58507.25480319979, 58508.27313659992, 58534.37493060017, 58540.23315969994, 58547.11896990007, 58740.50652780011, 58740.50788189983, 58760.524687500205, 58760.52513890015, 58761.4712731, 58761.47172449995, 58769.413668999914, 58769.41413189983, 58770.39013889991, 58770.4036226999, 58771.402557900175, 58771.40300930012, 58772.48322919989, 58772.483680599835, 58783.461689800024, 58783.46215280006, 58791.50043979986, 58799.34312500013, 58799.343576400075, 58827.28913189983, 58827.29048610013, 58830.32438659994, 58830.324837999884, 58833.35771990009, 58833.35818290012, 58860.267210599966, 58860.2676736, 58862.303379599936, 58862.30383099988, 58871.263055600226, 58871.26350690005], "flux_err_before_r": [0.01147867945271991, 0.011357409426932797, 0.01092341116394922, 0.01250954509408055, 0.2949449302181121, 0.011941803168221991, 0.011060430099076762, 0.010832195372176208, 0.108820645619498, 0.010260876564022768, 0.011123559487148443, 0.011207544700266461, 0.010652029437456944, 0.011583840978637419, 0.010950407012340917, 0.012465111069434704, 0.012845905508599913, 0.01144493148196439, 0.011454491700408275, 0.011708973445633259, 0.011744340219932143, 0.012160802912123432, 0.0130074671933403, 0.012601775912041153, 0.012644299259212961, 0.012165738949800553, 0.01278914105086303, 0.011903287023768356, 0.011982946124120904, 0.013226729504313877, 0.013630099212603927, 0.011694425805821446, 0.012112257927792814, 0.012343954662589359, 0.012192619397619252, 0.01218566451002938, 0.010286296002143487, 0.010238886329299092, 0.010594536128275756, 0.010216543896360364, 0.00969046871980337, 0.009727683004165004, 0.010443130489597798, 0.010583552170294714, 0.010672228696988492, 0.010263775965195057], "flux_before_g": [19.0238350856699, 19.056475083222203, 19.027531583743816, 19.03347495482964, 18.77159539981141, 19.064709624905454, 18.992769975429525, 19.21342085094415, 19.21259471089132, 19.197902702753236, 19.14573881909427, 19.039150083622022, 19.02697215890725, 19.14439345070386, 19.101785664788736, 19.061047943051793, 19.08257327777371, 19.014684911011834, 19.07607799883993, 19.036270048345084, 19.324583290920895, 19.02010629263087, 19.090703756917485, 19.09508585956623, 19.06399536445403, 18.993806510124095, 19.05951027864957, 19.082928838841088, 19.12302358399441, 19.099482261484486, 18.983158263848853, 19.08888736919839, 19.06060659040725, 18.95637918348193, 19.13360773168943, 19.029531382557604, 19.05181237727158, 18.86708976697982, 19.023065229458286, 19.110057508893778, 19.192167146148126, 19.08146081364854, 19.11410610313399, 19.164833511058823, 19.07477169154274, 19.1079820368988, 19.14073727778873, 19.13086911083267, 19.05634019004274], "MJD_before_g": [58384.42835649988, 58427.36716439994, 58430.36550930003, 58439.40656250017, 58442.43381940015, 58443.28184030019, 58495.25, 58561.236273100134, 58562.2086920999, 58746.51184030017, 58746.51229170011, 58758.486585599836, 58758.48703699978, 58760.49899310013, 58760.49943289999, 58764.522129599936, 58764.52258099988, 58765.51541669993, 58765.51586809987, 58767.42451390019, 58767.43401619978, 58768.45307870023, 58768.453530100174, 58778.53813660005, 58778.538587999996, 58779.4841781999, 58779.48462959984, 58788.45366899995, 58788.454120399896, 58789.456122700125, 58789.45657410007, 58876.19521989999, 58876.19567129994, 58879.17249999987, 58879.172951399814, 58881.18565970007, 58881.18609949993, 58890.3072453998, 58890.30769680021, 58895.16847220017, 58895.1689352002, 58898.22333330009, 58898.223784700036, 58899.22855320014, 58899.229016200174, 58900.2994328998, 58900.29988430021, 58904.15965279983, 58904.16010419978], "flux_err_before_g": [0.12872573869073145, 0.017801941469639572, 0.013367845732107407, 0.013943081743476814, 0.13151249586615077, 0.028999124158892806, 0.01363065675916957, 0.08759685253501535, 0.1231960317494522, 0.016931283149000078, 0.01620258540019934, 0.014471342590554935, 0.01439586134731081, 0.015615869530727525, 0.015087005806203473, 0.014358463508855137, 0.01462574855110941, 0.013726592972561116, 0.014381361100911946, 0.1190149124662921, 0.12149920506389399, 0.03366007857903504, 0.06208246381815564, 0.01454531514816575, 0.014120397979054681, 0.013309795894042518, 0.014153143271209727, 0.014617070011080474, 0.015033435034169386, 0.014797954790143031, 0.013784534259401734, 0.013141463684263527, 0.012837824304218372, 0.011976239294355996, 0.01439368135903206, 0.012456078730323573, 0.012708483882511154, 0.04189212447661995, 0.034698898046280215, 0.013201758840104971, 0.014189126155032362, 0.013018265276404959, 0.013265732414448159, 0.013701944244999684, 0.012690463027954273, 0.013309495885660163, 0.013683074850201843, 0.013946859822189532, 0.01305043138392958], "flux_outl_after_i": [], "MJD_outl_after_i": [], "flux_outl_err_after_i": [], "flux_outl_after_r": [18.170539719719635, 17.879359840523108], "MJD_outl_after_r": [58438.33342589997, 58471.243483799975], "flux_outl_err_after_r": [0.2949449302181121, 0.108820645619498], "flux_outl_after_g": [19.056475083222203, 18.77159539981141], "MJD_outl_after_g": [58427.36716439994, 58442.43381940015], "flux_outl_err_after_g": [0.017801941469639572, 0.13151249586615077], "mask_after_r": [32.0, 32.0, 32.0, 32.0, 32.0, 32.0, 32.0, 32.0, 32.0, 32.0, 32.0, 32.0, 32.0, 32.0, 32.0, 32.0, 32.0, 32.0, 32.0, 32.0, 32.0, 32.0, 32.0, 32.0, 32.0, 32.0, 32.0, 32.0, 32.0, 32.0, 32.0, 32.0, 32.0, 32.0, 32.0, 32.0, 32.0, 32.0, 32.0, 32.0, 32.0, 32.0, 32.0, 32.0], "mask_after_g": [32.0, 32.0, 32.0, 32.0, 32.0, 32.0, 32.0, 32.0, 32.0, 32.0, 32.0, 32.0, 32.0, 32.0, 32.0, 32.0, 32.0, 32.0, 32.0, 32.0, 32.0, 32.0, 32.0, 32.0, 32.0, 32.0, 32.0, 32.0, 32.0, 32.0, 32.0, 32.0, 32.0, 32.0, 32.0, 32.0, 32.0, 32.0, 32.0, 32.0, 32.0, 32.0, 32.0, 32.0, 32.0, 32.0, 32.0], "mask_after_i": [],