{"name": "J074718.39+210929.4", "flux_err_before_i": [], "mask_before_i": [], "flux_before_i": [], "MJD_before_i": [], "mask_before_r": [30.0, 30.0, 30.0, 30.0, 30.0, 30.0, 30.0, 30.0, 30.0, 30.0, 30.0, 30.0, 30.0, 30.0, 30.0, 30.0, 30.0, 30.0, 30.0, 30.0, 30.0, 30.0, 30.0, 30.0, 30.0, 30.0, 30.0, 30.0, 30.0, 30.0, 30.0, 30.0, 30.0, 30.0, 30.0, 30.0, 30.0, 30.0, 30.0, 30.0, 30.0, 30.0, 30.0, 30.0, 30.0, 30.0, 30.0, 30.0, 30.0, 30.0, 30.0, 30.0, 30.0, 30.0, 30.0, 30.0, 30.0, 30.0, 30.0, 30.0, 30.0, 30.0, 30.0, 30.0, 30.0, 30.0, 30.0, 30.0, 30.0, 30.0, 30.0, 30.0, 30.0, 30.0, 30.0, 30.0, 30.0, 30.0, 30.0, 30.0, 30.0, 30.0, 30.0, 30.0, 30.0, 30.0, 30.0, 30.0, 30.0, 30.0, 30.0, 30.0, 30.0, 30.0, 30.0, 30.0], "mask_before_g": [30.0, 30.0, 30.0, 30.0, 30.0, 30.0, 30.0, 30.0, 30.0, 30.0, 30.0, 30.0, 30.0, 30.0, 30.0, 30.0, 30.0, 30.0, 30.0, 30.0, 30.0, 30.0, 30.0, 30.0, 30.0, 30.0, 30.0], "flux_before_r": [18.723746533351893, 18.729618464204773, 18.685874698655006, 18.720730410929136, 18.726224268122394, 18.69369515194192, 18.702305247807296, 18.776934693466742, 18.66182660086838, 18.730546401723416, 18.722772524767628, 18.74139213672641, 18.695785501173496, 18.697407200948078, 18.77495820809922, 18.742000312452824, 18.897263704176396, 18.721376565194305, 18.708732547850556, 18.703519420585927, 18.786682839056592, 18.886778138998288, 18.715346950728467, 18.723581430990762, 18.700874895222686, 18.747441994058892, 18.82830710026109, 18.690263276090796, 19.06819423799391, 18.75746003314336, 18.722277183142925, 18.78942432590334, 18.76110777951029, 18.77922476085885, 18.66725417678008, 18.70115775991224, 18.739064977838865, 18.735679536023213, 18.722030900138996, 18.795587661336672, 18.71662211471969, 18.73515429383945, 18.75601332955186, 18.71905537404171, 18.716307540143397, 18.735314374600513, 18.714602352589402, 18.728331505862872, 18.707521445919486, 18.758077377593708, 18.75686299370252, 18.71532243109224, 18.723802206200453, 18.71842668633277, 18.721583478672684, 18.733509872081846, 18.04332660077032, 18.71580910657802, 18.713600746375853, 18.71258678129885, 18.72241340290146, 18.719623729106928, 18.725842585124838, 18.689351392317032, 18.71458747503914, 18.727208123737043, 18.734338153929038, 18.730660001458013, 18.722030183687906, 18.72126862789443, 18.72601687707401, 18.745694197120393, 18.714010053301205, 18.705458835645594, 18.722177453141605, 18.712649100504095, 18.708629175005274, 18.731601613708598, 18.71911253709584, 18.702912024465377, 18.672343534844686, 18.708578123617805, 18.718301075374978, 18.706414917633396, 18.705211731485413, 18.728902424401845, 18.74052340853955, 18.70926021184513, 18.728456202809276, 18.655682215773176, 18.771159751618722, 18.654298648030775, 18.728274290177485, 18.754151618893502, 18.716509221561072, 18.692825617022464], "MJD_before_r": [58429.38913189992, 58432.38618060015, 58435.39526619995, 58439.34353009984, 58441.373645800166, 58442.34346059989, 58443.393969899975, 58481.42745369999, 58508.28491900023, 58540.24486109987, 58547.207592600025, 58761.475810199976, 58761.47626159992, 58770.411064799875, 58770.41151619982, 58771.43714120006, 58771.43759260001, 58772.50611109985, 58772.506562499795, 58783.46987270005, 58783.470324099995, 58784.54531250009, 58784.54576390004, 58788.54863430001, 58788.549085599836, 58790.51568289986, 58799.37873840006, 58801.4367244998, 58801.43717590021, 58827.306608799845, 58827.32876159996, 58828.30444440013, 58828.30489580007, 58833.36043980019, 58833.36087960005, 58837.47564810002, 58837.47609949997, 58846.402129599825, 58846.40258099977, 58862.34491899982, 58862.34806710016, 58866.37462959997, 58866.376817100216, 58867.24644679995, 58867.255601900164, 58867.33679400012, 58867.37493060017, 58871.240821800195, 58871.2514698999, 58871.25803240016, 58871.258483800106, 58871.27545139985, 58871.29423609981, 58872.269571799785, 58872.27601849986, 58872.29665509984, 58872.31628469983, 58873.23113430012, 58873.254189800005, 58873.27287039999, 58873.31135419989, 58874.23431710014, 58874.25210649986, 58874.28971059993, 58874.31099539995, 58875.23358799983, 58875.26627309993, 58875.274814799894, 58875.29310189979, 58876.25513890013, 58876.29050929984, 58876.3128819, 58876.31583329989, 58877.26716439985, 58877.27357639978, 58877.292951399926, 58877.3329977002, 58879.280219899956, 58879.29547449993, 58879.33314809995, 58879.35589119978, 58880.29129630001, 58880.313472200185, 58880.3513656999, 58881.311701400205, 58881.334016200155, 58881.376574099995, 58882.18920140015, 58882.20960649988, 58885.1693171002, 58885.20655089989, 58885.21129629994, 58885.2485301001, 58890.16061339993, 58890.173449099995, 58890.19149310002], "flux_err_before_r": [0.10566796729604742, 0.10480261651881523, 0.09857223851521259, 0.11725649389586167, 0.11312912993325114, 0.2894285328245166, 0.10151420992245783, 0.10830752139092874, 0.09597881422428883, 0.1044680048284101, 0.10448014091454177, 0.11704735240353738, 0.11186106253233996, 0.060883998414185764, 0.055587484958829946, 0.08433404939506742, 0.0864892754331731, 0.11125393118954065, 0.11076887856817337, 0.02293855371242465, 0.12491019184889936, 0.08536596237229668, 0.07019393998828845, 0.11037667626431685, 0.10918291821776985, 0.11390467189383362, 0.04964520779315062, 0.25909755741680635, 0.3436997401225646, 0.04726230694068443, 0.04837092641330671, 0.025799315095665156, 0.018688102048407162, 0.04887898358465662, 0.03979527885354857, 0.09718245003722381, 0.10192265564653537, 0.10734864184040693, 0.1034229925188703, 0.10573038273066467, 0.09777179435838805, 0.016540417112783156, 0.10224688163195558, 0.018270350937825267, 0.017734042945011724, 0.016666733441392155, 0.016372902695203678, 0.01651723478434542, 0.016175336274711242, 0.1025169532744821, 0.10246839582605512, 0.01615599507856317, 0.016387987433023707, 0.01622764185746205, 0.016292890218111738, 0.0320279165746234, 0.3015939863628222, 0.01647435356581292, 0.016100710392614254, 0.015917668368251533, 0.021040211491126937, 0.023044868348162603, 0.017418942029230583, 0.025726771943034087, 0.016109413520687666, 0.016990571581606616, 0.016824416122988666, 0.016574053651294177, 0.016720790798068635, 0.016179019219711828, 0.01632493612202211, 0.016689465135321855, 0.016335361924031157, 0.016369230871315206, 0.016620179925375855, 0.016532722642704185, 0.016474658075711503, 0.01655333046518005, 0.016460755137599727, 0.016397194550820636, 0.01603770252469458, 0.016240372609439523, 0.016345761953584278, 0.01630687367385518, 0.0160830877825966, 0.01642879496393123, 0.01681334417332408, 0.01651919289620139, 0.017142226174709004, 0.016551510202759457, 0.019115631084504956, 0.025300594613933577, 0.01757415513668986, 0.01772659764694005, 0.016928108283067227, 0.01637476162845786], "flux_before_g": [19.591903561716876, 19.24271262909405, 19.38609024785277, 19.46119915986344, 19.45489254799304, 19.598772540908357, 19.305744484256095, 19.557278183157095, 19.45222836581324, 19.35015778324839, 19.42957353295957, 19.32628827255101, 19.406585382694537, 19.39290895701901, 19.36041224069922, 19.43927760537803, 19.42409564494984, 19.37583331919425, 19.44951987100775, 19.5169973261957, 19.410762010280074, 19.466384918402667, 19.453312758274052, 19.41561815720854, 19.438641012662877, 19.51848863227725, 19.269745826292777], "MJD_before_g": [58384.45775459986, 58427.39233799977, 58430.37290510023, 58438.42391199991, 58439.42693290021, 58443.32793979999, 58561.25655090017, 58562.22240740014, 58758.511111100204, 58758.51156250015, 58767.45186340017, 58767.45231480012, 58768.456689800136, 58768.45714120008, 58879.219699100126, 58879.22015050007, 58891.246944400016, 58891.24829859985, 58895.20263889991, 58895.2035416998, 58900.29487269977, 58900.29532410018, 58903.283044000156, 58903.28348380001, 58904.16557870014, 58904.16601849999, 58917.22189809987],