{"name": "J075820.91+413843.3", "flux_err_before_i": [], "mask_before_i": [], "flux_before_i": [], "MJD_before_i": [], "mask_before_r": [3.0, 3.0, 3.0, 3.0, 3.0, 3.0, 3.0, 3.0, 3.0, 3.0, 3.0, 3.0, 3.0, 3.0, 3.0, 3.0, 3.0, 3.0, 3.0, 3.0, 3.0, 3.0, 3.0, 3.0, 3.0, 3.0, 3.0, 3.0, 3.0, 3.0, 3.0, 3.0, 3.0, 3.0, 3.0, 3.0, 3.0, 3.0, 3.0, 3.0, 3.0, 3.0, 3.0, 3.0, 3.0, 3.0, 3.0, 3.0, 3.0, 3.0, 3.0, 3.0], "mask_before_g": [3.0, 3.0, 3.0, 3.0, 3.0, 3.0, 3.0, 3.0, 3.0, 3.0, 3.0, 3.0, 3.0, 3.0, 3.0, 3.0, 3.0, 3.0, 3.0, 3.0, 3.0, 3.0, 3.0, 3.0, 3.0, 3.0, 3.0, 3.0, 3.0, 3.0, 3.0, 3.0, 3.0, 3.0, 3.0, 3.0, 3.0, 3.0, 3.0, 3.0, 3.0, 3.0, 3.0, 3.0, 3.0, 3.0, 3.0], "flux_before_r": [18.13287245312344, 18.13018523554922, 18.10983282219496, 18.142111769560685, 18.15619928130828, 18.114216386995786, 18.094995078752667, 18.157547592674938, 18.11556376210956, 18.231112225676355, 18.11648195638803, 18.143251970509034, 18.17358853329252, 18.147719435431284, 18.302780746806803, 18.164889218426254, 18.223377995467494, 18.161829420979636, 18.345092438742544, 18.09834006814632, 18.12070256986304, 18.09518547331892, 18.116672990090702, 18.110579032767482, 18.13090901004695, 18.0869178740226, 18.13875741053091, 18.20946500503897, 18.114521915808673, 18.145132643165354, 18.097764385425293, 18.132981261730066, 18.168770574440188, 18.114594093076533, 18.11765158434146, 18.152257441436035, 18.11262605165181, 18.085963953598526, 18.1860736793463, 18.129262446545845, 18.638166606833796, 18.172118461148475, 18.091317150421, 18.11351220519483, 18.133388953617796, 18.123348028815357, 18.099307044672393, 18.10027170895793, 18.088854925232745, 18.199364666503065, 18.092431353391945, 18.215296948763243], "MJD_before_r": [58224.16673609987, 58432.36520829983, 58435.37349539995, 58436.3427893999, 58439.33328700019, 58441.36049770005, 58443.368217600044, 58448.43569440022, 58449.42598380009, 58471.24866899988, 58472.29193289997, 58476.436770800035, 58481.44665510021, 58508.27359949984, 58534.32646990009, 58540.215127300005, 58558.20020829979, 58582.19357640017, 58589.229282400105, 58599.14496529987, 58740.51388890017, 58740.51434030011, 58757.484525499865, 58761.47310189996, 58761.47355319979, 58770.38923610002, 58770.38968749996, 58771.42609950015, 58771.4265509001, 58772.496099499986, 58772.49656250002, 58776.49127310002, 58776.49172449997, 58783.47173610004, 58783.47218749998, 58791.49589119991, 58791.4967939998, 58799.33996530017, 58799.34041670011, 58801.42526620021, 58801.43259260012, 58827.290034700185, 58827.308877300005, 58830.32574070012, 58833.356377299875, 58833.35728010023, 58856.19913189998, 58856.199583299924, 58859.293298599776, 58859.293750000186, 58860.268113399856, 58860.26857639989], "flux_err_before_r": [0.024111995111956018, 0.01241304300195009, 0.012023123123749275, 0.01705331732889023, 0.013876625832961885, 0.012653501487606333, 0.011736056649979018, 0.012336251158045028, 0.011758439000873769, 0.06868490038214908, 0.011844505889876188, 0.011812585198433223, 0.012430241861093125, 0.012221709026355663, 0.014825060159949523, 0.012395951062909128, 0.013320341643340502, 0.012891276813279201, 0.011418958900867726, 0.012449164136155703, 0.013476130055642238, 0.013106247199400026, 0.013118173233140374, 0.013088075113562631, 0.013339138126900102, 0.013885813094807643, 0.01433729198405659, 0.02136981192807958, 0.013355277981263437, 0.013228092494074709, 0.012708957279703996, 0.013002793646341868, 0.01332147749578527, 0.01344255440721947, 0.01348046271077617, 0.01324302327248733, 0.012659442669581904, 0.012590116451878743, 0.013875020626639997, 0.055360546196787916, 0.346223177719055, 0.01380929636231997, 0.012790603191857286, 0.011322153740513848, 0.011371028476192487, 0.011236301325063138, 0.011378551606252047, 0.0114033603729132, 0.010767283195044107, 0.012046753731838382, 0.011033078470930663, 0.012351592217564007], "flux_before_g": [18.867624289526102, 18.646357301935172, 18.815462172620887, 18.773356894056118, 18.769546323866216, 18.782036919287318, 18.721830974378694, 18.71356818287778, 18.76533138166387, 18.850889214242166, 18.90766834542999, 18.827055460676412, 18.817950897482362, 18.764998540907577, 18.72419895513888, 18.74556558575317, 18.834604018156224, 18.814038950520555, 18.777569848299002, 18.78975710310268, 18.883936296017893, 18.666211489885065, 18.699480122288655, 18.72771117776566, 18.721443178124495, 18.73197142949862, 18.697780262963327, 18.760712522094636, 18.858999395557465, 18.81096064783393, 18.67087358987476, 18.684066420176713, 18.802539846148527, 18.73979688337696, 18.756469832404715, 18.747306143511615, 18.822044771045086, 18.783611153767254, 18.83108487942024, 18.850211702747565, 18.89151843961293, 18.817146229801722, 18.733707302485843, 18.756922184100343, 18.764526133739512, 18.83278736795502, 18.685526486497515], "MJD_before_g": [58234.145590300206, 58384.4292708002, 58427.38244209997, 58430.365960599855, 58438.437372699846, 58439.4070255002, 58442.432407400105, 58443.286018500105, 58468.41638890002, 58482.55630790023, 58492.26950229984, 58540.180682899896, 58561.225544000044, 58562.2181712999, 58574.18756939983, 58757.39001160022, 58758.49211810017, 58758.492581000086, 58765.51451390004, 58765.51496529998, 58767.44871529983, 58767.44916669978, 58768.45263889991, 58768.45398150012, 58777.49027779978, 58777.49072920019, 58778.53903939994, 58778.53949069977, 58786.53575230017, 58786.53620370012, 58789.45747689996, 58789.45792819979, 58804.49732640013, 58804.497777800076, 58805.52048610011, 58805.520937500056, 58833.53841440007, 58876.19657409983, 58876.19702549977, 58878.22627309989, 58878.22672449984, 58879.17520829989, 58879.17565969983, 58881.184756900184, 58881.197187500075, 58890.31041669985, 58890.3108680998], "flux_err_before_g": [0.015444679119226902, 0.06731733153912475, 0.024404732010307937, 0.014966213335874654, 0.016641317381811863, 0.01607325895600099, 0.2617757891333668, 0.03885783648649582, 0.013895101599008664, 0.016427249739147023, 0.18107623156279878, 0.015250053182527742, 0.07151220916555924, 0.0954049857628671, 0.026681408742504843, 0.01927149507069194, 0.017157372538689257, 0.0171011278630675, 0.01581528830419503, 0.016027729904694393, 0.05053266745090266, 0.03534993521778069, 0.033700789227079815, 0.034968870806385166, 0.014906869352207123, 0.014948504473983677, 0.014023011143289387, 0.014947693454050559, 0.0833050410030636, 0.04870721922812706, 0.014793761398992225, 0.011832903855605592, 0.05961318938996215, 0.06747572454611123, 0.015077075406584605, 0.014872077206818582, 0.05221850274873893, 0.013940990635286851, 0.014724587112897272, 0.014888599753978193, 0.015484477302720574, 0.01554775419222372, 0.014489456485895544, 0.013623793353465887, 0.013506400621775543, 0.014427933141311503, 0.0157025231884643], "flux_outl_after_i": [], "MJD_outl_after_i": [], "flux_outl_err_after_i": [], "flux_outl_after_r": [18.638166606833796, 18.20946500503897], "MJD_outl_after_r": [58801.43259260012, 58771.42609950015], "flux_outl_err_after_r": [0.346223177719055, 0.02136981192807958], "flux_outl_after_g": [18.721830974378694, 18.646357301935172, 18.90766834542999, 18.858999395557465, 18.684066420176713], "MJD_outl_after_g": [58442.432407400105, 58384.4292708002, 58492.26950229984, 58786.53575230017, 58789.45792819979], "flux_outl_err_after_g": [0.2617757891333668, 0.06731733153912475, 0.18107623156279878, 0.0833050410030636, 0.011832903855605592], "mask_after_r": [3.0, 3.0, 3.0, 3.0, 3.0, 3.0, 3.0, 3.0, 3.0, 3.0, 3.0, 3.0, 3.0, 3.0, 3.0, 3.0, 3.0, 3.0, 3.0, 3.0, 3.0, 3.0, 3.0, 3.0, 3.0, 3.0, 3.0, 3.0, 3.0, 3.0, 3.0, 3.0, 3.0, 3.0, 3.0, 3.0, 3.0, 3.0, 3.0, 3.0, 3.0, 3.0, 3.0, 3.0, 3.0, 3.0, 3.0, 3.0, 3.0, 3.0], "mask_after_g": [3.0, 3.0, 3.0, 3.0, 3.0, 3.0, 3.0, 3.0, 3.0, 3.0, 3.0, 3.0, 3.0, 3.0, 3.0, 3.0, 3.0, 3.0, 3.0, 3.0, 3.0, 3.0, 3.0, 3.0, 3.0, 3.0, 3.0, 3.0, 3.0, 3.0, 3.0, 3.0, 3.0, 3.0, 3.0, 3.0, 3.0, 3.0, 3.0, 3.0, 3.0, 3.0], "mask_after_i": [],