{"name": "J075255.22+170100.4", "flux_err_before_i": [], "mask_before_i": [], "flux_before_i": [], "MJD_before_i": [], "mask_before_r": [31.0, 31.0, 31.0, 31.0, 31.0, 31.0, 31.0, 31.0, 31.0, 31.0, 31.0, 31.0], "mask_before_g": [31.0, 31.0, 31.0, 31.0, 31.0, 31.0, 31.0, 31.0, 31.0], "flux_before_r": [16.87029060279019, 16.909017742012818, 16.917338158234205, 16.915349425398716, 16.897943140884763, 16.9013385581804, 16.923944064698528, 16.9248713053438, 16.93212618328836, 16.936099822941173, 16.929538330617866, 16.90758709400832], "MJD_before_r": [58429.395659700036, 58432.36753469985, 58436.37077549985, 58439.34261569986, 58441.3745833002, 58442.34254630003, 58481.42700230004, 58507.27914350014, 58508.258043999784, 58510.29104170017, 58547.20804399997, 58568.12534719985], "flux_err_before_r": [0.0054627668646576675, 0.005764790407834653, 0.09724394564918132, 0.006549319772445122, 0.006153379235789729, 0.0573577432977148, 0.005558966427851021, 0.005520837285780971, 0.00562738849905313, 0.007012233262747107, 0.00572785160077078, 0.006401640224883221], "flux_before_g": [17.880113348246333, 17.807463999004902, 17.892780300617947, 17.842040179768443, 17.879171213853972, 17.870809252700354, 17.887761245679783, 17.89196360318394, 17.95628101196383], "MJD_before_g": [58384.45866899984, 58427.40853009978, 58430.38163190009, 58437.478136599995, 58438.42482639989, 58439.42829860002, 58443.327025500126, 58561.258495400194, 58562.27032409981], "flux_err_before_g": [0.020327556938554557, 0.021694290259788557, 0.0169962052531894, 0.014950506937016031, 0.017936939052482184, 0.01745193344165027, 0.017814939228410237, 0.01712006022849563, 0.04252308205428838], "flux_outl_after_i": [], "MJD_outl_after_i": [], "flux_outl_err_after_i": [], "flux_outl_after_r": [16.917338158234205, 16.9013385581804], "MJD_outl_after_r": [58436.37077549985, 58442.34254630003], "flux_outl_err_after_r": [0.09724394564918132, 0.0573577432977148], "flux_outl_after_g": [17.95628101196383], "MJD_outl_after_g": [58562.27032409981], "flux_outl_err_after_g": [0.04252308205428838], "mask_after_r": [31.0, 31.0, 31.0, 31.0, 31.0, 31.0, 31.0, 31.0, 31.0, 31.0], "mask_after_g": [31.0, 31.0, 31.0, 31.0, 31.0, 31.0, 31.0, 31.0], "mask_after_i": [], "flux_after_r": [16.944503461422045, 16.953528652496967, 16.9544682224378, 16.960925677932394, 16.953438070837656, 16.963248833723668, 16.970044424770556, 16.957694531564012, 16.95981547592835, 16.972286596275914], "MJD_after_r": [58429.395659700036, 58432.36753469985, 58439.34261569986, 58441.3745833002, 58481.42700230004, 58507.27914350014, 58508.258043999784, 58510.29104170017, 58547.20804399997, 58568.12534719985], "flux_err_after_r": [0.023972012922506423, 0.022039848310580482, 0.022973937432449586, 0.02338099869670549, 0.021630470182922395, 0.018864838908764787, 0.02139761892284245, 0.022621857079955534, 0.01895713711867638, 0.02258212854195504], "flux_after_g": [17.861155240921722, 17.802624812793177, 17.879619822620803, 17.820682228379432, 17.850136352266986, 17.847949978314517, 17.934003317621404, 17.858061244033774], "MJD_after_g": [58384.45866899984, 58427.40853009978, 58430.38163190009, 58437.478136599995, 58438.42482639989, 58439.42829860002, 58443.327025500126, 58561.258495400194], "flux_err_after_g": [0.02888105565231948, 0.030424925674877708, 0.027051709456989842, 0.024624764597620922, 0.026722013655095092, 0.027522685056679937, 0.02854939549347663, 0.030314018238470464], "flux_after_i": [], "MJD_after_i": [], "flux_err_after_i": []}