{"name": "J080527.31+091731.3", "flux_err_before_i": [], "mask_before_i": [], "flux_before_i": [], "MJD_before_i": [], "mask_before_r": [4.0, 4.0, 4.0, 4.0, 4.0, 4.0, 4.0, 4.0, 4.0, 4.0, 4.0, 4.0, 4.0, 4.0, 32.0, 32.0, 32.0, 32.0, 32.0, 32.0, 32.0, 32.0, 4.0, 4.0, 4.0, 4.0, 4.0, 4.0, 4.0, 4.0, 4.0, 4.0, 4.0], "mask_before_g": [], "flux_before_r": [17.2043046755603, 16.95500959370403, 16.96114110962413, 16.922696847435596, 16.95571019706064, 16.937452892825725, 16.92730135780486, 16.9602490923089, 16.960814770156077, 16.94925596522804, 16.887279302587263, 16.94571027164624, 16.922848700815198, 16.948105759676295, 16.952786439092904, 16.618557903289897, 16.940725146428566, 16.93161492432033, 17.10001207278684, 16.917265651455494, 16.934833429977616, 16.925670141301282, 16.938847648477328, 16.937993996353224, 16.964310765686996, 16.98382012014752, 16.950962248619955, 16.945884298419102, 16.94485252394675, 16.929894654030736, 16.921096009434464, 16.956732432645843, 16.95647793864842], "MJD_before_r": [58214.17881939979, 58217.1574074002, 58217.18114579981, 58221.201053199824, 58224.17364579998, 58227.1475463002, 58232.19312500022, 58244.15825230023, 58247.21934030019, 58263.173796299845, 58370.50462959986, 58376.51958330022, 58379.52667819988, 58432.393067100085, 58432.39353010012, 58436.37984950002, 58439.3558565001, 58441.39126159996, 58442.36420139996, 58481.41666670004, 58508.28857639991, 58510.29195600003, 58593.2459028, 58597.227580999956, 58601.210763900075, 58601.21109949984, 58601.21143520018, 58607.21578700002, 59265.2532060002, 59267.29768519988, 59271.25682870019, 59273.23646989977, 59275.2331019002], "flux_err_before_r": [0.21836032536183428, 0.10419445265912541, 0.1047845382612843, 0.10113919651317926, 0.10426170890460656, 0.10252314432431534, 0.2746274111106345, 0.10469848491214317, 0.10475304793076033, 0.10364375671835811, 0.11065027081045978, 0.11182138545034256, 0.1073643849330143, 0.11016485420001808, 0.10981845659551163, 0.10552019870137103, 0.13051211231749393, 0.12112860897503093, 0.27519820018441016, 0.1037401856181054, 0.10492866131137517, 0.1298699928617708, 0.011690142887452527, 0.01219209558056184, 0.1881417010988438, 0.19181775695170464, 0.012210843343594562, 0.19474866062264604, 0.09591836553876877, 0.09615206632797617, 0.09389428602772079, 0.10254009918757179, 0.09890811738758801], "flux_before_g": [], "MJD_before_g": [], "flux_err_before_g": [], "flux_outl_after_i": [], "MJD_outl_after_i": [], "flux_outl_err_after_i": [], "flux_outl_after_r": [16.618557903289897, 17.10001207278684], "MJD_outl_after_r": [58436.37984950002, 58442.36420139996], "flux_outl_err_after_r": [0.10552019870137103, 0.03421348139862277], "flux_outl_after_g": [], "MJD_outl_after_g": [], "flux_outl_err_after_g": [], "mask_after_r": [32.0, 32.0, 32.0, 32.0, 32.0, 32.0, 4.0], "mask_after_g": [], "mask_after_i": [], "flux_after_r": [17.002408708180553, 16.98251410085156, 17.01231078321969, 17.002626434229573, 17.002796619916015, 16.998688339703033, 17.015777071880184], "MJD_after_r": [58432.39353010012, 58439.3558565001, 58441.39126159996, 58481.41666670004, 58508.28857639991, 58510.29195600003, 58607.21578700002], "flux_err_after_r": [0.01855399658959198, 0.020766210834060075, 0.02054910841957923, 0.01773670260026651, 0.019252321554162375, 0.024129676551716234, 0.032153645749096994], "flux_after_g": [], "MJD_after_g": [], "flux_err_after_g": [], "flux_after_i": [], "MJD_after_i": [], "flux_err_after_i": []}