{"name": "J081011.52+543953.6", "flux_err_before_i": [], "mask_before_i": [], "flux_before_i": [], "MJD_before_i": [], "mask_before_r": [56.0, 56.0, 56.0, 56.0, 56.0, 56.0, 56.0, 56.0, 56.0, 56.0, 56.0, 56.0, 56.0, 56.0, 56.0, 56.0, 56.0, 56.0, 56.0, 56.0, 56.0, 56.0, 56.0, 56.0, 56.0, 56.0, 56.0, 56.0, 56.0, 56.0, 56.0, 56.0, 56.0, 56.0, 56.0, 56.0, 56.0, 56.0, 56.0, 56.0, 56.0, 56.0, 56.0, 56.0, 56.0, 56.0, 56.0, 56.0, 56.0, 56.0, 56.0], "mask_before_g": [56.0, 56.0, 56.0, 56.0, 56.0, 56.0, 56.0, 56.0, 56.0, 56.0, 56.0, 56.0, 56.0, 56.0, 56.0, 56.0, 56.0, 56.0, 56.0, 56.0, 56.0, 56.0, 56.0, 56.0, 56.0, 56.0, 56.0, 56.0, 56.0, 56.0, 56.0, 56.0, 56.0, 56.0, 56.0, 56.0, 56.0, 56.0, 56.0], "flux_before_r": [17.160938885274152, 17.16131271398838, 17.17446726309568, 16.83457357021393, 17.159112646904266, 17.161918426577373, 17.171698782324718, 17.179175999722766, 17.190522107569834, 17.170416967944256, 17.165624493087186, 17.160297014826604, 17.179993538898977, 17.16416109008465, 17.20765990649309, 17.167736434027653, 17.163773374363622, 17.18554300516386, 17.170953317802528, 17.22309420277515, 17.18599055067188, 17.151213584955983, 17.1620581728294, 17.168678478207518, 17.164454119645804, 17.165331914599136, 17.18574318638383, 17.128858011638677, 17.166206422002993, 17.180893567701546, 17.154721368419107, 17.182115376654604, 17.180470587781546, 17.17847868679534, 17.193577975963912, 17.162659288533746, 17.119881882860657, 17.189271789216313, 17.14856219397139, 17.166267079142706, 17.19190497450478, 17.17934117555057, 17.194895776572377, 17.157980580420606, 17.174228732148322, 17.15552724198447, 17.196388998968796, 16.869173308456425, 17.161497573764642, 17.218095761567923, 17.186476703011152], "MJD_before_r": [58224.16202550009, 58432.38892359985, 58435.37304400001, 58436.3664119998, 58439.333738400135, 58441.38068290008, 58443.37099540001, 58448.43524309993, 58449.42253470002, 58476.43347219983, 58481.4457291998, 58493.48303239979, 58504.27456020005, 58508.27405089978, 58534.327384300064, 58540.21559030004, 58558.19881939981, 58574.2354629999, 58582.21180560021, 58589.22459489992, 58740.51298609981, 58740.51343750022, 58757.48407409992, 58761.48086810019, 58761.481319400016, 58770.40685189981, 58770.4073032001, 58771.427476900164, 58771.42792819999, 58772.513472199906, 58772.51392359985, 58776.49217589991, 58776.49262729986, 58783.47309029987, 58791.49724540021, 58791.49769680016, 58799.36991900019, 58799.37037040014, 58800.43194440007, 58800.43239580002, 58806.503576400224, 58806.50403939979, 58827.309780099895, 58827.31023149984, 58828.33131940011, 58828.331770800054, 58829.32263890002, 58829.323090299964, 58830.333495399915, 58833.31059029978, 58833.31149310013], "flux_err_before_r": [0.02266620474199734, 0.013763482622951085, 0.013789552051995725, 0.10722364284995121, 0.01517918003618463, 0.014123119177764544, 0.01377725720413396, 0.013544209201064509, 0.013893513785151142, 0.013866601676802117, 0.013619872766437327, 0.013835729391992221, 0.01433245770493916, 0.013432216691471233, 0.014351827833795683, 0.01366777519205238, 0.01349685564806843, 0.2842949359882413, 0.014136587329580555, 0.0174598671302342, 0.015615628683102963, 0.0152310094390918, 0.015079485444886036, 0.015020162961187977, 0.014857471338842361, 0.01557600289123878, 0.015940448181082565, 0.014733517997533255, 0.015309669735895301, 0.015002397918804986, 0.014666679462185302, 0.014821405998721397, 0.014838550818757876, 0.015670206803836396, 0.014478195734495346, 0.014218931719388116, 0.014133053612885745, 0.015178608834331402, 0.014003227059786499, 0.014436771575497578, 0.014947385767332805, 0.014639954383385752, 0.015327861372092565, 0.01472975371700183, 0.01290074366989565, 0.012734272822813288, 0.014755667244399053, 0.018332959400555602, 0.012738617073529355, 0.01910563857753962, 0.017642248477601177], "flux_before_g": [18.004253144434625, 17.957303000219643, 17.986029039086404, 17.952455987696247, 17.963440350829625, 17.921566172322706, 17.99585787508294, 17.922800298549106, 17.993114678542348, 18.039079994573544, 17.934524849366397, 17.996889205988822, 17.95127424786235, 17.98965173459539, 17.991332017089626, 18.002391613523805, 17.990018297421592, 17.972910884444865, 17.91437032744468, 17.960983758763156, 17.999175616046987, 18.007782133562387, 18.016097225742357, 17.989322166053327, 17.948850972059187, 17.997659625392874, 18.001563546958543, 17.984236938960777, 17.97529729808968, 17.98874474201679, 18.002916184938016, 17.98767076381968, 17.990731341903157, 17.955001420473508, 17.981730459536674, 18.014522265906113, 17.786318660642333, 18.117010916273713, 17.96634715067345], "MJD_before_g": [58384.43018520018, 58427.38718750002, 58430.369664399885, 58434.551967599895, 58439.44303240022, 58442.43287040014, 58443.28555560019, 58482.553113400005, 58540.18114579981, 58561.2269444, 58562.21724539995, 58585.19068290014, 58588.25611109985, 58758.50790510001, 58758.50835649995, 58765.5089699002, 58765.50942130014, 58778.53994210018, 58778.54039350012, 58786.53484949982, 58786.53530090023, 58804.494606500026, 58804.49505789997, 58805.51775459992, 58805.51820599986, 58876.19792820001, 58876.198368099984, 58879.1891319002, 58879.18958330015, 58881.19944440015, 58881.19989580009, 58898.2083101999, 58898.22427080013, 58900.3057754999, 58900.30622689985, 58914.19495370006, 58914.19540510001, 58917.2078009001, 58917.20826390013], "flux_err_before_g": [0.022721881836216727, 0.056035627457995243, 0.018545333808023205, 0.017127163131954257, 0.0203722585619503, 0.01963945845086351, 0.020046852236676224, 0.018287029211713123, 0.01783154240206667, 0.019949638804952416, 0.01807977323135062, 0.019279631181400712, 0.03166742410344358, 0.02012072998836438, 0.020263564636574825, 0.020077040017334482, 0.01965668862397454, 0.019171998793613938, 0.01813222795088677, 0.02277700109736909, 0.02144140724546684, 0.019293716494888292, 0.01939732889016095, 0.01911225387342339, 0.01832160129569425, 0.017419949408012402, 0.017521386026884463, 0.017679819010520677, 0.017447851587468578, 0.017561472825938458, 0.017583669539141884, 0.017508596926509672, 0.01718523898430629, 0.016677986094564386, 0.017117298454721645, 0.062237881908887974, 0.07344633722417399, 0.042899003419641916, 0.014771229865830671], "flux_outl_after_i": [], "MJD_outl_after_i": [], "flux_outl_err_after_i": [], "flux_outl_after_r": [16.83457357021393, 17.18554300516386, 16.869173308456425, 17.160938885274152, 17.196388998968796], "MJD_outl_after_r": [58436.3664119998, 58574.2354629999, 58829.323090299964, 58224.16202550009, 58829.32263890002], "flux_outl_err_after_r": [0.10722364284995121, 0.2842949359882413, 0.02610228175135321, 0.032271912541929404, 0.021008969442808296], "flux_outl_after_g": [17.957303000219643, 17.95127424786235, 18.014522265906113, 17.786318660642333, 18.117010916273713, 17.96634715067345], "MJD_outl_after_g": [58427.38718750002, 58588.25611109985, 58914.19495370006, 58914.19540510001, 58917.2078009001, 58917.20826390013], "flux_outl_err_after_g": [0.0010576550524792965, 0.0005977127877637944, 0.062237881908887974, 0.07344633722417399, 0.042899003419641916, 0.014771229865830671], "mask_after_r": [56.0, 56.0, 56.0, 56.0, 56.0, 56.0, 56.0, 56.0, 56.0, 56.0, 56.0, 56.0, 56.0, 56.0, 56.0, 56.0, 56.0, 56.0, 56.0, 56.0, 56.0, 56.0, 56.0, 56.0, 56.0, 56.0, 56.0, 56.0, 56.0, 56.0, 56.0, 56.0, 56.0, 56.0, 56.0, 56.0, 56.0, 56.0, 56.0, 56.0, 56.0, 56.0, 56.0, 56.0, 56.0, 56.0], "mask_after_g": [56.0, 56.0, 56.0, 56.0, 56.0, 56.0, 56.0, 56.0, 56.0, 56.0, 56.0, 56.0, 56.0, 56.0, 56.0, 56.0, 56.0, 56.0, 56.0, 56.0, 56.0, 56.0, 56.0, 56.0, 56.0, 56.0, 56.0, 56.0, 56.0, 56.0, 56.0, 56.0, 56.0], "mask_after_i": [],