{"name": "J081856.38+454908.2", "flux_err_before_i": [], "mask_before_i": [], "flux_before_i": [], "MJD_before_i": [], "mask_before_r": [43.0, 43.0, 43.0, 43.0, 43.0, 43.0, 43.0, 43.0, 43.0, 43.0, 43.0, 43.0, 43.0, 43.0, 43.0, 43.0, 43.0, 43.0, 43.0, 43.0, 43.0, 43.0, 43.0, 43.0, 43.0, 43.0, 43.0, 43.0, 43.0, 43.0, 43.0, 43.0, 43.0, 43.0, 43.0, 43.0, 43.0, 43.0, 43.0, 43.0, 43.0, 43.0, 43.0, 43.0, 43.0, 43.0, 43.0, 43.0, 43.0], "mask_before_g": [43.0, 43.0, 43.0, 43.0, 43.0, 43.0, 43.0, 43.0, 43.0, 43.0, 43.0, 43.0, 43.0, 43.0, 43.0, 43.0, 43.0, 43.0, 43.0, 43.0, 43.0, 43.0, 43.0, 43.0, 43.0, 43.0, 43.0, 43.0], "flux_before_r": [19.09791817766942, 19.25317842380072, 19.128328270348113, 19.14891326265468, 19.155602378252304, 19.192468247747552, 19.233115916603893, 19.141894677679954, 18.927679166328172, 19.094848898772558, 19.125732477545284, 19.093979950316935, 19.19513588551039, 19.05163111927075, 19.154794215978526, 19.011401838982795, 19.05080349783391, 19.042025159127714, 19.13153232325518, 19.041663351846026, 18.950181350976507, 18.967218599084056, 19.173542603200406, 19.036388323524235, 19.052185651924077, 19.245164626422188, 19.06155871127876, 19.0184439507642, 19.097756509290612, 19.115760822534202, 19.04967398601355, 19.06540876968262, 19.067610103111118, 19.09951427238508, 19.132382095249003, 19.158670905720992, 18.84314601407982, 19.21153061506292, 19.154953934913635, 19.06150564981943, 19.130386415555293, 19.147144761403702, 19.21299383068592, 18.932937807363416, 19.08776239219613, 19.18386451893752, 19.046933938494366, 19.150590129194104, 19.137806592991165], "MJD_before_r": [58224.163368099835, 58432.388472199906, 58439.34535880014, 58441.38113430003, 58442.32405090006, 58443.371458299924, 58448.43616899988, 58449.42645830009, 58455.53557869978, 58481.44618060021, 58493.48349539982, 58534.32693290012, 58540.216955999844, 58558.199259299785, 58582.1940394002, 58589.22834490007, 58599.14542819979, 58757.4800809999, 58761.4845718001, 58761.48502309993, 58770.40922449995, 58770.40967589989, 58771.43575230008, 58771.436203700025, 58772.49702550005, 58772.4974769, 58776.49034720007, 58776.49079860002, 58783.47678240016, 58783.477233800106, 58791.49906249996, 58791.49951389991, 58799.37326390017, 58799.37371530011, 58827.311134300195, 58827.31203699997, 58828.30807870021, 58828.3089815001, 58833.42186339991, 58833.42231479986, 58834.51803239994, 58856.29731479986, 58856.2977661998, 58859.29512730008, 58859.295578700025, 58860.28391199978, 58860.28436340019, 58862.319618099835, 58862.32006940013], "flux_err_before_r": [0.03399899738178925, 0.006621356310686062, 0.006616783083996917, 0.006273658786207396, 0.337498976350488, 0.006243999915193988, 0.07347342827391112, 0.044226964779414756, 0.10899686774767538, 0.005615845470033076, 0.0059021274096425795, 0.12544125552673277, 0.006160982051661951, 0.07058066562799876, 0.006203449851920767, 0.13737552418351048, 0.0057596618739085325, 0.006008494293522005, 0.0065062166195912945, 0.005903382589696349, 0.10061928313928013, 0.0886892675885755, 0.1319973846969211, 0.11689522701017974, 0.04971649530258462, 0.05940241809420831, 0.05103045003987446, 0.040329991149092144, 0.05446981487566266, 0.06293715832260655, 0.0058235148035483035, 0.005829604573927866, 0.07013783191838915, 0.08335784233570813, 0.07021299986515234, 0.07371499092790919, 0.1281958950554434, 0.09480996149893833, 0.060443440805262975, 0.05199806910821245, 0.11108436532903693, 0.022621362941586152, 0.04434354503550052, 0.0957246002906137, 0.11738367379528128, 0.10109072522999227, 0.10704965815383913, 0.005674291479599839, 0.02619686395697181], "flux_before_g": [20.083771856370113, 20.100369955009352, 19.91077886991598, 20.06928759743646, 19.886615783859746, 19.95843815589418, 20.102533376723475, 19.639517365749214, 20.093455155779882, 19.559678573942293, 19.70109432348141, 20.004112099526324, 20.089499864805127, 19.822455254252194, 20.201189947169794, 19.648570655479357, 20.010343730118045, 20.022629961699437, 19.886619568543644, 20.09872386982056, 19.9008673676646, 19.886854489124655, 20.014395454612426, 19.942989136093857, 19.946788872368188, 19.961139694528008, 19.93572296739262, 19.913042926044007], "MJD_before_g": [58427.41083330009, 58430.37104169978, 58434.55151619995, 58439.44258099981, 58443.329768499825, 58482.55402779998, 58487.471469900105, 58539.241516199894, 58561.22739579994, 58562.2176967999, 58768.47028939985, 58768.47074070014, 58786.53302079998, 58786.533472199924, 58805.51546300016, 58805.51591440011, 58876.21967589995, 58876.220115699805, 58879.176562500186, 58879.19003470009, 58881.198090299964, 58881.19854169991, 58886.20782409981, 58886.20826390013, 58898.22699069977, 58898.22744210018, 58900.3030555998, 58900.30350690009], "flux_err_before_g": [0.1255987413116422, 0.03255954861527642, 0.16905372021994758, 0.04401337417593515, 0.14126866891666034, 0.09788747252754497, 0.046540741944646746, 0.07452917433218251, 0.29282623330214647, 0.23756103951918958, 0.12592940956914617, 0.1484070474574606, 0.21537440430376004, 0.13216080420120663, 0.1718245572015994, 0.10904841958203833, 0.05162346643631805, 0.04535778332263553, 0.121843174968306, 0.1396689072138784, 0.09111536344696958, 0.11828211577950636, 0.26044137342938023, 0.24830287841307508, 0.048972558469603675, 0.041464540727054335, 0.0605669744477164, 0.06686013308437612], "flux_outl_after_i": [], "MJD_outl_after_i": [], "flux_outl_err_after_i": [], "flux_outl_after_r": [19.155602378252304, 18.927679166328172, 19.130386415555293], "MJD_outl_after_r": [58442.32405090006, 58455.53557869978, 58834.51803239994], "flux_outl_err_after_r": [0.337498976350488, 0.10899686774767538, 0.11108436532903693], "flux_outl_after_g": [19.639517365749214], "MJD_outl_after_g": [58539.241516199894], "flux_outl_err_after_g": [0.07452917433218251], "mask_after_r": [43.0, 43.0, 43.0, 43.0, 43.0, 43.0, 43.0, 43.0, 43.0, 43.0, 43.0, 43.0, 43.0, 43.0, 43.0, 43.0, 43.0, 43.0, 43.0, 43.0, 43.0, 43.0, 43.0, 43.0, 43.0, 43.0, 43.0, 43.0, 43.0, 43.0, 43.0, 43.0, 43.0, 43.0, 43.0, 43.0, 43.0, 43.0, 43.0, 43.0, 43.0, 43.0, 43.0, 43.0, 43.0, 43.0], "mask_after_g": [43.0, 43.0, 43.0, 43.0, 43.0, 43.0, 43.0, 43.0, 43.0, 43.0, 43.0, 43.0, 43.0, 43.0, 43.0, 43.0, 43.0, 43.0, 43.0, 43.0, 43.0, 43.0, 43.0, 43.0, 43.0, 43.0, 43.0], "mask_after_i": [], "flux_after_r": [19.314134034625653, 19.174999353449852, 19.21845939610575, 19.261854969299748, 19.315375169913615, 19.186004775175682, 19.146519751983643, 19.176438291745193, 19.133523474605088, 19.23431697821345, 19.100069475336106, 19.218607980315866, 19.136018079618786, 19.13488534419766, 19.09818653557044, 19.18957224976195, 19.104555860934244, 19.012374124827023, 18.986542476995453, 19.26005703957164, 19.13443372749018, 19.104896022066825, 19.30502591082122, 19.129732329411645, 19.066300978868284, 19.137472967786895, 19.15568843581176, 19.126230617162204, 19.11475993640565, 19.117678441537656, 19.162638566755163, 19.191696475362377, 19.24995577506074, 18.907630153211272, 19.212758708525264, 19.204975165858098, 19.141760715674952, 19.18798148120924, 19.25202436836662, 18.99127086691908, 19.14202166662139, 19.218541303659194, 19.075568847625156, 19.204050588916594, 19.193337783978897],