{"name": "J081521.55+211507.4", "flux_err_before_i": [], "mask_before_i": [], "flux_before_i": [], "MJD_before_i": [], "mask_before_r": [30.0, 30.0, 30.0, 30.0, 30.0, 30.0, 30.0, 30.0, 30.0, 30.0, 30.0, 30.0, 30.0, 30.0, 30.0, 30.0, 30.0, 30.0, 30.0, 30.0, 30.0, 30.0, 30.0, 30.0, 30.0, 30.0, 30.0, 30.0, 30.0, 30.0, 30.0, 30.0, 30.0, 30.0, 30.0, 30.0, 30.0, 30.0, 30.0, 30.0, 30.0, 30.0, 30.0, 30.0, 30.0, 30.0, 30.0, 30.0, 30.0, 30.0, 30.0, 30.0, 30.0, 30.0, 30.0, 30.0, 30.0, 30.0, 30.0, 30.0, 30.0, 30.0, 30.0, 30.0, 30.0, 30.0, 30.0, 30.0, 30.0, 30.0, 30.0, 30.0, 30.0, 30.0, 30.0, 30.0, 30.0, 30.0, 30.0, 30.0, 30.0, 30.0, 30.0, 30.0, 30.0, 30.0, 30.0, 30.0, 30.0, 30.0, 30.0, 30.0], "mask_before_g": [30.0, 30.0, 30.0, 30.0, 30.0, 30.0, 30.0, 30.0, 30.0, 30.0, 30.0, 30.0, 30.0, 30.0, 30.0, 30.0, 30.0, 30.0, 30.0], "flux_before_r": [19.120223053267296, 19.146673947602064, 19.065563194285236, 19.09363786770399, 19.094086094271482, 19.01877036366264, 18.46625403973101, 19.07424826633031, 18.94864063012227, 19.06805053179484, 19.12325427228885, 19.238769927562522, 19.103953166546702, 19.03749772218196, 19.003519820305954, 19.117176244009894, 19.046556486685805, 19.09740422297982, 19.1891222228026, 19.152448611381452, 19.158984053472512, 19.146125189536974, 19.1281890422501, 19.15574623780174, 19.109763072320884, 19.058949720883877, 19.194644562917986, 19.10361178626191, 19.31147339629421, 19.06959061374163, 19.094124956860718, 19.21583095231972, 19.076994368998687, 19.062826852939594, 19.14897056628161, 19.09355010188956, 19.05848363368439, 18.993045265146144, 19.04711545126883, 19.043748707762404, 19.081651169697682, 19.06878880041522, 19.063973864246655, 19.058083134536204, 19.105587428324878, 19.021650765989172, 19.127498530492353, 19.055796411951, 19.064543186183002, 19.070147844129718, 19.081861745863485, 19.08200487429083, 19.056456497477583, 19.063401544259268, 19.052069447016848, 19.064705356647483, 19.06855065677044, 19.071195954613692, 19.06289327495729, 19.084467182140365, 19.061794515590023, 19.05062220687772, 19.061241642549888, 19.056434023501417, 19.096950944746105, 19.029697273928114, 19.066499365810678, 19.068185812000575, 19.09157596588106, 19.08854216950972, 19.04271861217429, 19.045294429328358, 19.09639551518407, 19.064217479194898, 19.07002405885379, 19.005575939516383, 19.041098401008245, 19.04455930487999, 19.044202781895123, 19.085977191236935, 19.0558220397524, 19.075887509009853, 19.080566658647648, 19.057996303680163, 19.06400279695792, 19.059315879516497, 19.04824644072825, 19.042758899154105, 19.043084896750962, 19.104052838126513, 19.057094284767178, 19.021773762923573], "MJD_before_r": [58432.391701399814, 58436.38167819986, 58439.353483799845, 58441.382962999865, 58442.34870370012, 58443.39579859981, 58455.540636599995, 58472.40785880014, 58481.42608800018, 58493.48585649999, 58508.286296300124, 58534.3246065001, 58540.22306710016, 58543.270590300206, 58582.22103009978, 58757.45523149986, 58761.48641199991, 58761.486863399856, 58770.43425930012, 58770.43471059995, 58771.44804400019, 58771.44849540014, 58772.50702549983, 58772.50746530015, 58783.48841439979, 58783.488865700085, 58827.33100689994, 58827.331469899975, 58834.514398099855, 58836.46012730012, 58837.4376968001, 58837.47248840006, 58846.407557900064, 58846.40800930001, 58855.30924770003, 58855.30969909998, 58862.34356479999, 58862.34401619993, 58871.25365740014, 58871.27809030004, 58871.299074099865, 58871.330578700174, 58872.26737269992, 58872.28039349988, 58872.30101849977, 58872.32065969985, 58873.248923600186, 58873.24937500013, 58873.25638889987, 58873.27769679995, 58873.30652779993, 58873.33158560004, 58874.25648149988, 58874.28488430008, 58874.3061573999, 58874.33368059993, 58875.24420139985, 58875.26407410018, 58875.27918979991, 58875.29747689981, 58876.25777779985, 58876.27327550016, 58876.31065970007, 58876.31805559993, 58877.264525500126, 58877.28969909996, 58877.29516200023, 58877.33078699978, 58878.28378470009, 58878.2942476999, 58878.31446760008, 58878.35436340002, 58879.2775347, 58879.309502299875, 58879.3309491002, 58879.35369209992, 58880.285439800005, 58880.311249999795, 58880.33297450002, 58880.35356480023, 58881.30949069979, 58881.331817099825, 58881.35439810017, 58881.37437500013, 58883.21872689994, 58883.23283560015, 58883.26887729997, 58883.29103010008, 58884.16747689992, 58884.198935199995, 58884.2170833, 58884.24678240018], "flux_err_before_r": [0.09009530177572934, 0.3264179702976031, 0.09816534578264091, 0.01509122798640672, 0.20908188569966604, 0.019608430814947578, 0.279945365270615, 0.014847613858415569, 0.07476686571017917, 0.08626470385024619, 0.04418147679726575, 0.1950542597887681, 0.08643988682798039, 0.04228263691386722, 0.0839964344402928, 0.03655402394649462, 0.09251997732572805, 0.09747530711274906, 0.11629540211318627, 0.09537657472472374, 0.14557396998651345, 0.13683670198950867, 0.05840954283419333, 0.06099861061817485, 0.03934018556642493, 0.05326029119688113, 0.0830155455846333, 0.08117819874656054, 0.14626311273963885, 0.0815847840810722, 0.0412940528549995, 0.026587531305471607, 0.08091903046094354, 0.07973034882574816, 0.06451094179093317, 0.0441707606379082, 0.043474239912160935, 0.043871672008090154, 0.013104459214520374, 0.012954850516010525, 0.013468318896850314, 0.013134345708776356, 0.013078636478062995, 0.013608372128920548, 0.035449318815953354, 0.028999681584416792, 0.08606217849289244, 0.08062161391303034, 0.013006193096154526, 0.013311655221279022, 0.014133106166101672, 0.013850162621911142, 0.016107773791117115, 0.016646906516748786, 0.01304489842533247, 0.012969853352994944, 0.013619249801623172, 0.013554743534660414, 0.013416839761001312, 0.013850957473006143, 0.013035591104632843, 0.012866540925756445, 0.013245537301059457, 0.013138522598413119, 0.013973760673584301, 0.013117522945839797, 0.013568525941718491, 0.01352967136669067, 0.013658509508746905, 0.013577811990832798, 0.012992728633566899, 0.013141674154152337, 0.013830921902986605, 0.013398615201235621, 0.013869555620407608, 0.012689464608093943, 0.012928027980668675, 0.01306642093673453, 0.013044097482120057, 0.013634643889181652, 0.013090063065036062, 0.01327663227179343, 0.013318017660228363, 0.013107849444126856, 0.014355358468898195, 0.01411949860372641, 0.013840491064409731, 0.013722602476430753, 0.01352467636864017, 0.014113478247865891, 0.013523547690593114, 0.012884940818942299], "flux_before_g": [19.522307552230046, 19.40263306536141, 19.391176449330437, 19.42350326847872, 19.347609986075014, 19.322088866368446, 18.82908054580202, 19.453937830915283, 19.40481888528268, 19.302119044812514, 19.413478913214703, 19.399255735016983, 19.448697647137514, 19.425991633786108, 19.459899856635495, 19.52181376707586, 19.505504382838453, 19.396869994459784, 19.387330998761506], "MJD_before_g": [58427.415011600126, 58430.3830093001, 58438.458495399915, 58439.4496065001, 58561.221805599984, 58562.22427080013, 58574.18430559989, 58768.46844909992, 58790.546875, 58790.547326399945, 58879.22240740014, 58879.22285880009, 58891.250104200095, 58895.20173610002, 58895.20218749996, 58898.249525499996, 58898.24997689994, 58903.28440969996, 58903.28531249985], "flux_err_before_g": [0.07697160773523368, 0.021279500077311893, 0.015697287486005403, 0.0036509658788712036, 0.1564225372724105, 0.17397462192394902, 0.30123818342441044, 0.1160701066044656, 0.05271609278485221, 0.05171268049683316, 0.04601567697295489, 0.038358661356043135, 0.06682618620055736, 0.0019156390536969443, 0.018176178975510503, 0.003403548734932034, 0.0033701421533129197, 0.009450768996120958, 0.003072549344269899], "flux_outl_after_i": [], "MJD_outl_after_i": [], "flux_outl_err_after_i": [],