{"name": "J082253.84+055615.5", "flux_err_before_i": [], "mask_before_i": [], "flux_before_i": [], "MJD_before_i": [], "mask_before_r": [7.0, 7.0, 7.0, 7.0, 7.0, 7.0, 7.0, 7.0, 7.0, 7.0, 7.0, 7.0, 7.0, 7.0, 7.0, 7.0, 7.0, 7.0, 7.0, 7.0, 7.0, 7.0, 7.0, 7.0, 7.0, 7.0, 7.0, 7.0, 7.0, 7.0, 7.0, 7.0, 7.0, 7.0, 7.0, 7.0, 7.0, 7.0], "mask_before_g": [], "flux_before_r": [17.147908562923, 17.120086129476682, 17.194849450473075, 17.19447769906018, 17.195532671479373, 17.17652396186004, 17.20997700384104, 17.183636634081818, 17.139665308671493, 17.169853037558777, 17.15460110130344, 17.162907596674042, 17.17794571193217, 17.1817327509945, 17.157928781647975, 17.180497170704683, 17.190831951931656, 17.1998965963993, 17.18345482642803, 17.1713669911948, 17.18290188523082, 17.182564189379463, 17.19315303235969, 17.189338765926482, 17.172942610066713, 17.179243532950508, 17.15005605507352, 17.194724925512283, 17.212099189483922, 17.224909220401518, 17.1778016814017, 17.213278032855975, 17.175826462798643, 17.1806391112856, 17.187735793205952, 17.176820113224174, 17.173942555007226, 17.15849151799719], "MJD_before_r": [58429.54185190005, 58436.39560189983, 58439.36956019979, 58442.368414400145, 58448.46555559989, 58472.40649309987, 58481.423796299845, 58508.30210650014, 58509.33989580022, 58540.2434605998, 58558.17826389987, 58761.50961809978, 58761.51006940007, 58770.456192099955, 58770.4566434999, 58771.46236110013, 58771.462812500075, 58783.49476849986, 58783.49612270016, 58784.54711809987, 58827.43052079994, 58827.43097219989, 58855.3078935002, 58873.24711810006, 58873.247569399886, 58882.20307870023, 58883.226736099925, 58883.22718749987, 58891.26837959979, 58891.2688310002, 58892.29017359996, 58892.29062499991, 58900.2490393999, 58900.2494907002, 58905.22895829985, 58905.229409699794, 58939.19623839995, 58939.196689799894], "flux_err_before_r": [0.009068546650307392, 0.2848432440587182, 0.01248055925202382, 0.016487900042875547, 0.009274859402189712, 0.009033662288587761, 0.009393016123063681, 0.009280874925349306, 0.00964718017628772, 0.009381569090811524, 0.00915492322949, 0.010225800248504266, 0.010331242390567848, 0.010811037322882187, 0.010661683325661095, 0.010562655962085447, 0.010740563004503267, 0.010127282034908617, 0.01004884614311161, 0.009762500356462834, 0.010224804673819563, 0.010023974242220342, 0.009372069040250904, 0.008917225979592392, 0.008737582920945411, 0.008945233456339274, 0.009063098254915984, 0.009504827435770438, 0.009002724125295805, 0.009051028958841712, 0.00882134766688223, 0.009085848257675019, 0.00875517540566396, 0.008819214605259635, 0.008916380297673622, 0.00879877701340631, 0.009962108977763645, 0.009905830067205273], "flux_before_g": [], "MJD_before_g": [], "flux_err_before_g": [], "flux_outl_after_i": [], "MJD_outl_after_i": [], "flux_outl_err_after_i": [], "flux_outl_after_r": [17.120086129476682, 17.1713669911948, 17.19447769906018], "MJD_outl_after_r": [58436.39560189983, 58784.54711809987, 58442.368414400145], "flux_outl_err_after_r": [0.2848432440587182, 0.00855226959556332, 0.01444393967555893], "flux_outl_after_g": [], "MJD_outl_after_g": [], "flux_outl_err_after_g": [], "mask_after_r": [7.0, 7.0, 7.0, 7.0, 7.0, 7.0, 7.0, 7.0, 7.0, 7.0, 7.0, 7.0, 7.0, 7.0, 7.0, 7.0, 7.0, 7.0, 7.0, 7.0, 7.0, 7.0, 7.0, 7.0, 7.0, 7.0, 7.0, 7.0, 7.0, 7.0, 7.0, 7.0, 7.0, 7.0, 7.0], "mask_after_g": [], "mask_after_i": [], "flux_after_r": [17.221200693823736, 17.240644841720236, 17.2641669971412, 17.23904155496004, 17.264890700239192, 17.25827917626213, 17.22850308304191, 17.24346277172013, 17.243772961215747, 17.236398870895187, 17.242590608139437, 17.240709557629334, 17.22801651291322, 17.251035653841825, 17.264839677931658, 17.257592151093572, 17.26083819498657, 17.244253666029877, 17.232231041867713, 17.267491313273744, 17.251434619048936, 17.238653595862683, 17.243853343450507, 17.21393630069025, 17.26016020378446, 17.254965804263115, 17.27421408274936, 17.255731822788512, 17.26525315812476, 17.236305701998642, 17.231550366837066, 17.240497509058965, 17.25045492595482, 17.257541498722276, 17.220592819271907], "MJD_after_r": [58429.54185190005, 58439.36956019979, 58448.46555559989, 58472.40649309987, 58481.423796299845, 58508.30210650014, 58509.33989580022, 58540.2434605998, 58558.17826389987, 58761.50961809978, 58761.51006940007, 58770.456192099955, 58770.4566434999, 58771.46236110013, 58771.462812500075, 58783.49476849986, 58783.49612270016, 58827.43052079994, 58827.43097219989, 58855.3078935002, 58873.24711810006, 58873.247569399886, 58882.20307870023, 58883.226736099925, 58883.22718749987, 58891.26837959979, 58891.2688310002, 58892.29017359996, 58892.29062499991, 58900.2490393999, 58900.2494907002, 58905.22895829985, 58905.229409699794, 58939.19623839995, 58939.196689799894], "flux_err_after_r": [0.011367009699852703, 0.016335625215436925, 0.018165037946087273, 0.014607950163580881, 0.015145163757700933, 0.01579452478269254, 0.016263254041359143, 0.011793409561110668, 0.015458148146070376, 0.013818067508713994, 0.015338301178590802, 0.018504126717687714, 0.01814598932665931, 0.0220637658767823, 0.020554053115565723, 0.017100226944765394, 0.017417972393416355, 0.017384034891011278, 0.018660814283156833, 0.016467512729375616, 0.011793687368895822, 0.011889375835655974, 0.01593568952747482, 0.017133382084402543, 0.0167493867749356, 0.014513012388983398, 0.01471515357605464, 0.014924690680613702, 0.015674606858907557, 0.01333681009541282, 0.012197098066706002, 0.013345546190040754, 0.013489898066045702, 0.017235679277194046, 0.01566290403671804], "flux_after_g": [], "MJD_after_g": [], "flux_err_after_g": [], "flux_after_i": [], "MJD_after_i": [], "flux_err_after_i": []}