{"name": "J082256.56+065841.4", "flux_err_before_i": [], "mask_before_i": [], "flux_before_i": [], "MJD_before_i": [], "mask_before_r": [26.0, 26.0, 26.0, 26.0, 26.0, 26.0, 26.0, 26.0, 26.0, 26.0, 26.0, 26.0, 26.0, 26.0, 26.0, 26.0, 26.0, 26.0, 26.0, 26.0, 26.0, 26.0, 26.0, 26.0, 26.0, 26.0, 26.0, 26.0, 26.0, 26.0, 26.0, 26.0, 26.0, 26.0, 26.0, 26.0, 26.0, 26.0], "mask_before_g": [], "flux_before_r": [17.181171360096407, 16.788843340082455, 17.167946593997513, 17.224254517426402, 17.173816025050733, 17.16919474926035, 17.180697858003214, 17.179863741428843, 17.099662484426773, 17.17685405208962, 17.1621995465891, 17.142083895455485, 17.17459480787697, 17.15217558270795, 17.15138756170783, 17.174256337418576, 17.132995705398184, 17.17260738218818, 17.17782665907773, 17.116793358900278, 17.196177198438377, 17.147615106824183, 17.147903063792768, 17.153186789817585, 17.16131012413736, 17.15781742060204, 17.12166385053707, 17.155702273087954, 17.171529081264307, 17.17667543472703, 17.1606534986428, 17.19164216926456, 17.169396016536744, 17.159834209872603, 17.16749258933006, 17.165699314259093, 17.132699240910366, 17.1594668121677], "MJD_before_r": [58429.54185190005, 58436.39560189983, 58439.36956019979, 58442.368414400145, 58448.46555559989, 58472.40649309987, 58481.423796299845, 58508.30210650014, 58509.33989580022, 58540.2434605998, 58558.17826389987, 58761.50961809978, 58761.51006940007, 58770.456192099955, 58770.4566434999, 58771.46236110013, 58771.462812500075, 58783.49476849986, 58783.49612270016, 58784.54711809987, 58827.43052079994, 58827.43097219989, 58855.3078935002, 58873.24711810006, 58873.247569399886, 58882.20307870023, 58883.226736099925, 58883.22718749987, 58891.26837959979, 58891.2688310002, 58892.29017359996, 58892.29062499991, 58900.2490393999, 58900.2494907002, 58905.22895829985, 58905.229409699794, 58939.19623839995, 58939.196689799894], "flux_err_before_r": [0.009750765207908817, 0.21672185282053416, 0.012296706082491405, 0.02050368692839164, 0.009443577853361612, 0.009267616512786058, 0.00952202457950016, 0.009525233957664895, 0.00957095223349382, 0.00979020477712868, 0.009509769129889151, 0.010383976896288453, 0.01070355581649869, 0.010875278516608886, 0.010947757770794955, 0.010948451275963483, 0.01046088522589265, 0.010439822334291667, 0.010546316938362384, 0.00971242098317053, 0.011027600752959294, 0.01018160390634208, 0.009172577303026189, 0.009135343267113702, 0.0092056446099095, 0.009255867378106063, 0.00936775869578721, 0.009646528777615649, 0.009232977718550334, 0.009207894376860598, 0.009194149356167386, 0.0093546387883733, 0.009197050297893701, 0.009128172507583887, 0.009234368277327125, 0.009208945032367744, 0.010028820342099957, 0.0105554530862434], "flux_before_g": [], "MJD_before_g": [], "flux_err_before_g": [], "flux_outl_after_i": [], "MJD_outl_after_i": [], "flux_outl_err_after_i": [], "flux_outl_after_r": [16.788843340082455, 17.116793358900278, 17.224254517426402], "MJD_outl_after_r": [58436.39560189983, 58784.54711809987, 58442.368414400145], "flux_outl_err_after_r": [0.21672185282053416, 0.010567347447827197, 0.02230850414219354], "flux_outl_after_g": [], "MJD_outl_after_g": [], "flux_outl_err_after_g": [], "mask_after_r": [26.0, 26.0, 26.0, 26.0, 26.0, 26.0, 26.0, 26.0, 26.0, 26.0, 26.0, 26.0, 26.0, 26.0, 26.0, 26.0, 26.0, 26.0, 26.0, 26.0, 26.0, 26.0, 26.0, 26.0, 26.0, 26.0, 26.0, 26.0, 26.0, 26.0, 26.0, 26.0, 26.0, 26.0, 26.0], "mask_after_g": [], "mask_after_i": [], "flux_after_r": [17.28576130587505, 17.261914519959465, 17.285830140120733, 17.29004794177541, 17.305398451238304, 17.309740192605634, 17.236449775558633, 17.27276054759659, 17.269364884314083, 17.258904386835205, 17.282492405424712, 17.2717531135097, 17.271726336808108, 17.29513488025931, 17.242705877708342, 17.278582079335333, 17.289666404400528, 17.315818141720495, 17.26378042253185, 17.26379431899047, 17.2706451698468, 17.27224088935736, 17.27026274590204, 17.27897014363818, 17.28306287710406, 17.28076602185048, 17.278977343560072, 17.282741461523134, 17.296246176842107, 17.279588507952603, 17.269774017303106, 17.275829592962474, 17.271117202754233, 17.255027206922044, 17.279232799206124], "MJD_after_r": [58429.54185190005, 58439.36956019979, 58448.46555559989, 58472.40649309987, 58481.423796299845, 58508.30210650014, 58509.33989580022, 58540.2434605998, 58558.17826389987, 58761.50961809978, 58761.51006940007, 58770.456192099955, 58770.4566434999, 58771.46236110013, 58771.462812500075, 58783.49476849986, 58783.49612270016, 58827.43052079994, 58827.43097219989, 58855.3078935002, 58873.24711810006, 58873.247569399886, 58882.20307870023, 58883.226736099925, 58883.22718749987, 58891.26837959979, 58891.2688310002, 58892.29017359996, 58892.29062499991, 58900.2490393999, 58900.2494907002, 58905.22895829985, 58905.229409699794, 58939.19623839995, 58939.196689799894], "flux_err_after_r": [0.01476661063576879, 0.01727559493860588, 0.019174258041439043, 0.016936119655602735, 0.016122664724712323, 0.017038383740771542, 0.017293751372670627, 0.01464877381985513, 0.017713364710081007, 0.01604149162265383, 0.016104009417320337, 0.017266339293012477, 0.01792080597075556, 0.01806245829476011, 0.01921708488939179, 0.017977144686945282, 0.01709829528548344, 0.018341034294958106, 0.016593629215781548, 0.01667458565667036, 0.013863453575835929, 0.014535527661263158, 0.01581976942013015, 0.016340552809572483, 0.01841585442406062, 0.01618510165533453, 0.01723233318708719, 0.015236657589467012, 0.016271203476752386, 0.015025007161254952, 0.015091569858548105, 0.016277321017899204, 0.014698430984228406, 0.017387917560584717, 0.01689734088241459], "flux_after_g": [], "MJD_after_g": [], "flux_err_after_g": [], "flux_after_i": [], "MJD_after_i": [], "flux_err_after_i": []}