{"name": "J082640.85+113127.7", "flux_err_before_i": [], "mask_before_i": [], "flux_before_i": [], "MJD_before_i": [], "mask_before_r": [52.0, 52.0, 52.0, 52.0, 52.0, 52.0, 52.0, 52.0, 52.0, 52.0, 52.0, 52.0, 52.0, 52.0, 52.0, 52.0, 52.0, 52.0, 52.0, 52.0, 52.0, 52.0, 52.0, 52.0, 52.0, 52.0, 52.0, 52.0, 52.0, 52.0, 52.0, 52.0, 52.0, 52.0, 52.0, 52.0, 52.0], "mask_before_g": [], "flux_before_r": [17.65303289428763, 17.638022855810767, 17.59773276143772, 17.69138109861727, 17.653380106937618, 17.641041920210604, 17.638125302557476, 17.60935772272589, 17.639781247308974, 17.57768056597211, 17.66286133098238, 17.65472847044517, 17.652202484843492, 17.645935973079954, 17.62867325165803, 17.582961229120777, 17.633451369075793, 17.604049915784167, 17.676981429651825, 17.613863136192034, 17.679272472294592, 17.6288079401234, 17.661423199455665, 17.64383654449386, 17.64047926519297, 17.59238382533437, 17.58441881398965, 17.641259251295743, 17.640669679021556, 17.620508903998058, 17.630540140976624, 17.646207534708154, 17.649255094238395, 17.648136490242365, 17.64238588284516, 17.639318891038307, 17.64003306434817], "MJD_before_r": [58429.54185190005, 58439.36956019979, 58442.368414400145, 58448.46555559989, 58472.40649309987, 58481.423796299845, 58508.30210650014, 58509.33989580022, 58540.2434605998, 58558.17826389987, 58761.50961809978, 58761.51006940007, 58770.456192099955, 58770.4566434999, 58771.46236110013, 58771.462812500075, 58783.49476849986, 58783.49612270016, 58784.54711809987, 58827.43052079994, 58827.43097219989, 58855.3078935002, 58873.24711810006, 58873.247569399886, 58882.20307870023, 58883.226736099925, 58883.22718749987, 58891.26837959979, 58891.2688310002, 58892.29017359996, 58892.29062499991, 58900.2490393999, 58900.2494907002, 58905.22895829985, 58905.229409699794, 58939.19623839995, 58939.196689799894], "flux_err_before_r": [0.011632750353642212, 0.013228737311058754, 0.020726327432399865, 0.011812496414234774, 0.011352755716796684, 0.011362817156199804, 0.011298983417291542, 0.011667353040958367, 0.011553185570579449, 0.010949177004303513, 0.01321337567066105, 0.013080990745726283, 0.013664389852325234, 0.013578244963663963, 0.01306226682448274, 0.012458155343488764, 0.012358614849657812, 0.012159877968275775, 0.01265732181004463, 0.01216562722182748, 0.01282738822962261, 0.010766447482146682, 0.011305207293363482, 0.011154339737250125, 0.011210396058761335, 0.011120972846878099, 0.01106004199103798, 0.010979256992085311, 0.011047324775882984, 0.010886112342506568, 0.010952803762224317, 0.011172548899084499, 0.011202921373470752, 0.011214085070084511, 0.011130216275912567, 0.012221283162455023, 0.01258005314983484], "flux_before_g": [], "MJD_before_g": [], "flux_err_before_g": [], "flux_outl_after_i": [], "MJD_outl_after_i": [], "flux_outl_err_after_i": [], "flux_outl_after_r": [17.676981429651825, 17.59773276143772], "MJD_outl_after_r": [58784.54711809987, 58442.368414400145], "flux_outl_err_after_r": [0.004890475003115165, 0.008008138509529944], "flux_outl_after_g": [], "MJD_outl_after_g": [], "flux_outl_err_after_g": [], "mask_after_r": [52.0, 52.0, 52.0, 52.0, 52.0, 52.0, 52.0, 52.0, 52.0, 52.0, 52.0, 52.0, 52.0, 52.0, 52.0, 52.0, 52.0, 52.0, 52.0, 52.0, 52.0, 52.0, 52.0, 52.0, 52.0, 52.0, 52.0, 52.0, 52.0, 52.0, 52.0, 52.0, 52.0, 52.0, 52.0], "mask_after_g": [], "mask_after_i": [], "flux_after_r": [17.67891258615046, 17.69532104473769, 17.748460374994693, 17.704939050246786, 17.70544943524931, 17.686876313943642, 17.669188623268596, 17.69207202612558, 17.64097963904938, 17.706296718015615, 17.69764238744391, 17.718374890469892, 17.698111491392833, 17.681068740509208, 17.630125260381348, 17.685498525439165, 17.668459200496727, 17.679856442816416, 17.72588477987515, 17.685556092747085, 17.688394719939, 17.683161501512735, 17.701537026504784, 17.6720719821461, 17.647944288336404, 17.692656128602856, 17.693312974462067, 17.688159599329584, 17.68302728031658, 17.692532079942396, 17.66548039817656, 17.692288292342106, 17.68782577929406, 17.679549366797467, 17.692415545740243], "MJD_after_r": [58429.54185190005, 58439.36956019979, 58448.46555559989, 58472.40649309987, 58481.423796299845, 58508.30210650014, 58509.33989580022, 58540.2434605998, 58558.17826389987, 58761.50961809978, 58761.51006940007, 58770.456192099955, 58770.4566434999, 58771.46236110013, 58771.462812500075, 58783.49476849986, 58783.49612270016, 58827.43052079994, 58827.43097219989, 58855.3078935002, 58873.24711810006, 58873.247569399886, 58882.20307870023, 58883.226736099925, 58883.22718749987, 58891.26837959979, 58891.2688310002, 58892.29017359996, 58892.29062499991, 58900.2490393999, 58900.2494907002, 58905.22895829985, 58905.229409699794, 58939.19623839995, 58939.196689799894], "flux_err_after_r": [0.01715155680161439, 0.021139562867194032, 0.02314551605193536, 0.020867920388719017, 0.021200459507027022, 0.020159808498020473, 0.023305630413292446, 0.017290041207984972, 0.021097791185662955, 0.020713507933067844, 0.021027208177212584, 0.023158311105620232, 0.0211528251057789, 0.02457051242374197, 0.022553657276470827, 0.022491791352359257, 0.020911822060219628, 0.02450631183777685, 0.024167502649787242, 0.020920763655104587, 0.018953574753848283, 0.0190141896017623, 0.020894040354665244, 0.021627926185770585, 0.020520921620300052, 0.02184863515073708, 0.02023281448297191, 0.021240516405733524, 0.022220443331922843, 0.017797672901381116, 0.020619217005724562, 0.020658589425331084, 0.019162690255263872, 0.02293292546547011, 0.021445721241190808], "flux_after_g": [], "MJD_after_g": [], "flux_err_after_g": [], "flux_after_i": [], "MJD_after_i": [], "flux_err_after_i": []}