{"name": "J084200.56+114020.2", "flux_err_before_i": [], "mask_before_i": [], "flux_before_i": [], "MJD_before_i": [], "mask_before_r": [6.0, 6.0, 6.0, 59.0, 6.0, 6.0, 59.0, 59.0, 6.0, 6.0, 59.0, 6.0, 59.0, 59.0, 6.0, 6.0, 59.0, 59.0, 6.0, 6.0, 59.0, 6.0, 59.0, 6.0, 6.0, 6.0, 6.0, 6.0, 59.0, 59.0, 6.0, 6.0, 59.0, 59.0, 6.0, 6.0, 59.0, 59.0, 6.0, 6.0, 6.0, 6.0, 59.0, 6.0, 6.0, 6.0, 59.0, 59.0, 6.0, 6.0, 6.0, 6.0, 59.0, 59.0, 6.0, 6.0, 6.0, 6.0, 6.0, 6.0, 6.0, 6.0, 6.0, 6.0, 6.0, 6.0, 59.0, 59.0, 59.0, 59.0, 6.0, 6.0, 6.0, 6.0, 59.0, 59.0, 6.0, 6.0, 59.0, 59.0, 6.0, 6.0], "mask_before_g": [6.0, 6.0, 6.0, 6.0, 6.0, 6.0, 6.0, 6.0, 6.0, 6.0, 6.0, 6.0, 6.0], "flux_before_r": [17.000784715265706, 16.83104705961206, 16.840261132526436, 16.944378697763657, 17.003397968387574, 16.99192185306777, 16.987265467085386, 16.841408726086, 16.820429632945732, 16.88361391577794, 16.832493197313905, 16.847667915163868, 16.838070147543593, 16.89968291736744, 16.931203135826607, 16.971205840034408, 16.96142741823247, 16.985692453068793, 16.9853662646836, 16.951186913864134, 16.92555807851917, 16.978361607362416, 16.942682369505306, 16.96461113036826, 16.98131036241026, 16.98759975610423, 16.95883609444812, 16.99100073258947, 16.956824983959564, 16.94643875487119, 17.00448193368796, 17.001124965106342, 16.895810838669437, 16.91445282169505, 16.965043216828423, 16.978582828805973, 16.95428302028626, 16.944096628721482, 17.00300012210381, 17.00002118692609, 16.971485022573127, 16.953039844929705, 16.959285485896316, 17.26239694659127, 17.140981685081233, 16.998414284517317, 16.941990365379215, 16.960464384307876, 16.981880201009826, 16.984580374413554, 16.982160207414836, 16.964813625392974, 16.918534078672202, 16.954408930863437, 16.981123559092605, 16.992088575799784, 16.988738769632715, 16.957848952553697, 16.98035331524067, 16.995207857185978, 16.963692152747733, 16.960568925277236, 16.989353494370143, 16.97215781577125, 16.987557740583792, 16.995008270955026, 16.943167699934627, 16.948012793766832, 16.94799952826218, 16.945487841532632, 16.984245415318846, 16.984794087295967, 16.988825575114966, 16.98334878710817, 16.95154370061651, 16.951308172517134, 16.986686554139425, 16.995613494494446, 16.937502824898264, 16.954727644852984, 16.991027159256177, 16.967427566820483], "MJD_before_r": [58431.55384259997, 58436.38767360011, 58439.36383099994, 58439.37822919991, 58441.39217589982, 58442.3679630002, 58442.38299770001, 58448.42827549996, 58448.45141200023, 58472.4074074002, 58472.4346758998, 58481.422893499956, 58481.43386569992, 58493.487673600204, 58508.287210599985, 58540.22353010019, 58540.24300929997, 58543.269201400224, 58543.270138899796, 58558.178715299815, 58558.224131899886, 58582.221493099816, 58582.22194440011, 58757.47686340008, 58761.51097219996, 58761.51281249989, 58770.45482640015, 58770.45528940018, 58770.4769444, 58770.47738429997, 58771.46326390002, 58771.463715299964, 58771.473993100226, 58771.47907410003, 58783.48931710003, 58783.49068289995, 58783.51062500011, 58783.51107640006, 58790.514328700025, 58790.51478009997, 58827.43187499978, 58827.43232640019, 58827.46023150021, 58829.424641199876, 58829.42509259982, 58830.42395830015, 58836.47593750013, 58836.4781944002, 58836.47864580015, 58836.47954860004, 58846.40892359987, 58846.409374999814, 58854.43177080015, 58854.43222220009, 58855.30879630009, 58873.24846060015, 58881.26479170006, 58881.26569439983, 58882.20398150012, 58882.20488430001, 58883.22355319979, 58883.223993100226, 58891.26973380009, 58891.27018520003, 58892.26740740007, 58892.26785880001, 58892.291550899856, 58892.2920022998, 58899.304537000135, 58899.30498840008, 58899.306828700006, 58899.30728009995, 58900.20481480006, 58900.205266200006, 58900.24768520007, 58900.24857639987, 58905.22760420013, 58905.22805560008, 58939.19347220007, 58939.19392360002, 58939.19488430023, 58939.19533560006], "flux_err_before_r": [0.010224171902367593, 0.16876431466446098, 0.01579133001439217, 0.012347690518093115, 0.011490884094581287, 0.016174951902461928, 0.02843809125819082, 0.009432737464076097, 0.008530335450530481, 0.008914147644769806, 0.009178918962344459, 0.008599266784861911, 0.009376101837100777, 0.010138820252040286, 0.009381569733415005, 0.009377273711182592, 0.010391667063090578, 0.024982232044477866, 0.016310255434892656, 0.009807290107101165, 0.010224862773551058, 0.010633075550454323, 0.011237435305890288, 0.011583470816869473, 0.011202588968486742, 0.011140743085035548, 0.01153688847712417, 0.011801971179155433, 0.011990692074848965, 0.011806733449439971, 0.011679574740727465, 0.011588954099370831, 0.011292720835089972, 0.011557273354010788, 0.010765929794932726, 0.010911071161394918, 0.011397968825924936, 0.011288413467282916, 0.010943451198349363, 0.010860322738767119, 0.010681402134462604, 0.01045418532397029, 0.011309110592005588, 0.31131023611975206, 0.30391577147973164, 0.0094128246966261, 0.010079300722570681, 0.010281583583269489, 0.00940992879455072, 0.009480394430392591, 0.00929347937979941, 0.009194321946822789, 0.009799589601174316, 0.009977869718811429, 0.009514887995209201, 0.009707551137993042, 0.009533442786474748, 0.00926091371240051, 0.009758331845343624, 0.009882740675807794, 0.00991633335248785, 0.009901519037430188, 0.009513397743658069, 0.009341516452195034, 0.009613850247242942, 0.00972652181292109, 0.010078162037078868, 0.010074868219187101, 0.010111930313682935, 0.010138866234976816, 0.009486203190753805, 0.009504994975450261, 0.0102689132907403, 0.009840423094083365, 0.010079795865956026, 0.010063696380088508, 0.009676290057917179, 0.009700623620645166, 0.01087114745903992, 0.010930633042672444, 0.010684768583276919, 0.010432905735923183], "flux_before_g": [17.848457189682797, 17.899884625621713, 17.89048748060428, 17.895362316066766, 17.811828147297334, 17.609529816898046, 17.85564160291425, 17.853015609008224, 17.82825884762901, 17.87051236688496, 17.834376765333936, 17.853459426815498, 17.868269679179072], "MJD_before_g": [58430.40809029993, 58439.450972199906, 58561.22135420004, 58562.22613430023, 58580.19965279987, 58588.264328700025, 58788.521226900164, 58790.54777779989, 58790.548229199834, 58879.22105319984, 58879.22150459979, 58903.290289400145, 58903.29074069997], "flux_err_before_g": [0.01314265715140926, 0.020557682439883193, 0.009843453782324232, 0.013224072735399935, 0.012224512860902875, 0.058332551556675195, 0.013182474624941275, 0.012935599070496316, 0.012628851075764265, 0.012293208557835411, 0.011911624902075839, 0.011922410573084226, 0.012015121712290725], "flux_outl_after_i": [], "MJD_outl_after_i": [], "flux_outl_err_after_i": [], "flux_outl_after_r": [16.83104705961206, 16.987265467085386, 16.895810838669437, 16.91445282169505, 17.26239694659127, 17.140981685081233, 16.840261132526436, 16.985692453068793, 16.9853662646836, 17.001124965106342], "MJD_outl_after_r": [58436.38767360011, 58442.38299770001, 58771.473993100226, 58771.47907410003, 58829.424641199876, 58829.42509259982, 58439.36383099994, 58543.269201400224, 58543.270138899796, 58771.463715299964], "flux_outl_err_after_r": [0.16876431466446098, 0.02149798403433718, 0.008536815288088912, 0.008736805708555872, 0.31131023611975206, 0.30391577147973164, 0.011937571950528638, 0.018885501869947197, 0.0123298574349392, 0.008760755000783773], "flux_outl_after_g": [17.609529816898046], "MJD_outl_after_g": [58588.264328700025], "flux_outl_err_after_g": [0.058332551556675195], "mask_after_r": [6.0, 6.0, 6.0, 6.0, 6.0, 6.0, 6.0, 6.0, 6.0, 6.0, 6.0, 6.0, 6.0, 6.0, 6.0, 6.0, 6.0, 6.0, 6.0, 6.0, 6.0, 6.0, 6.0, 6.0, 6.0, 6.0, 6.0, 6.0, 6.0, 6.0, 6.0, 6.0, 6.0, 6.0, 6.0, 6.0, 6.0, 6.0, 6.0, 6.0, 6.0, 6.0, 6.0, 6.0, 6.0, 6.0, 6.0, 59.0, 59.0, 59.0, 59.0, 59.0, 59.0, 59.0, 59.0, 59.0, 59.0, 59.0, 59.0, 59.0, 59.0, 59.0, 59.0, 59.0, 59.0, 59.0, 59.0, 59.0, 59.0, 59.0, 59.0, 59.0], "mask_after_g": [6.0, 6.0, 6.0, 6.0, 6.0, 6.0, 6.0, 6.0, 6.0, 6.0, 6.0, 6.0], "mask_after_i": [],