{"name": "J085852.71+261142.0", "flux_err_before_i": [], "mask_before_i": [], "flux_before_i": [], "MJD_before_i": [], "mask_before_r": [13.0, 2.0, 13.0, 2.0, 52.0, 13.0, 2.0, 52.0, 52.0, 13.0, 2.0, 13.0, 52.0, 2.0, 52.0, 2.0, 13.0, 13.0, 52.0, 2.0, 13.0, 2.0, 52.0, 13.0, 52.0, 2.0, 52.0, 13.0, 2.0, 13.0, 52.0, 13.0, 52.0, 13.0, 52.0, 2.0, 13.0, 52.0, 13.0], "mask_before_g": [2.0, 13.0, 52.0, 13.0, 2.0, 52.0, 13.0, 2.0, 13.0, 52.0, 2.0, 2.0, 2.0, 13.0, 52.0, 13.0, 13.0, 2.0, 52.0, 52.0, 2.0, 13.0, 2.0, 52.0, 13.0, 2.0, 52.0, 52.0, 2.0, 13.0, 2.0], "flux_before_r": [18.187736180212106, 18.164413037453016, 17.15687533839702, 18.22267490504919, 18.276182011353377, 18.34400036101657, 18.271055707765463, 18.15120946897745, 18.233684699366595, 18.168063129214765, 18.183714915003705, 18.16433053092333, 18.163815720687168, 18.12160390339395, 18.16946772404618, 18.235588154675856, 18.20929635667693, 18.216672276503587, 18.20881612607188, 18.18520401170404, 18.194923003119506, 18.257730545336486, 18.23670452076479, 18.193630485909985, 18.200098652626544, 18.223295770030674, 18.211905540837545, 18.348976938790283, 18.117762269269456, 18.199492593920624, 18.23475689706291, 18.20868376504486, 18.238126358573645, 18.210275700687042, 18.220127329271644, 18.208989946730984, 18.17641102260565, 18.250079142820873, 18.255159823789484], "MJD_before_r": [58426.54952549981, 58432.39078699984, 58436.38584489981, 58439.35439810017, 58439.364745399915, 58439.365659699775, 58441.38204859989, 58441.393090299796, 58442.369340300094, 58442.37071759999, 58448.43011569977, 58448.4305786998, 58448.45233799983, 58455.53972220002, 58472.40923610004, 58472.412476900034, 58472.41293979995, 58481.41785879992, 58481.421979200095, 58481.42562500015, 58492.47590279998, 58492.4763656999, 58492.477280099876, 58493.456770800054, 58493.484490700066, 58493.485393499956, 58511.41378469998, 58534.36767360009, 58534.37440969981, 58540.22074070014, 58540.22214120021, 58543.2682523001, 58543.26967590023, 58558.18374999985, 58558.187905100174, 58558.23408559989, 58582.21329860017, 58582.21967589995, 58618.27231479995], "flux_err_before_r": [0.011754003469403902, 0.011722400563143661, 0.24870916096590187, 0.014543914222887566, 0.032511354196318884, 0.02365110776267751, 0.01327252724754575, 0.01009752948689111, 0.04508063834489931, 0.014451071234284334, 0.011471423373704647, 0.011066838056177218, 0.009210805905892804, 0.04598793922419261, 0.009313618232023384, 0.011598627591891298, 0.011443790144831864, 0.011462523870375519, 0.009688527870464139, 0.011289974140063207, 0.014600930835930065, 0.015876090307177262, 0.0123632642192605, 0.011461027031700077, 0.00975822445870433, 0.011798034192746854, 0.009947949199412791, 0.10072149711891287, 0.05938448069949542, 0.014800908712980456, 0.011115118606675132, 0.02184966830870376, 0.02071580841561124, 0.011779358044281905, 0.009982108226375458, 0.0290012713445728, 0.011805808967556394, 0.010716254019000417, 0.03551794150275246], "flux_before_g": [19.022645641043887, 19.065099825823008, 19.22016587433513, 19.024351275462763, 19.127290119754946, 19.079411237218217, 19.07773114724451, 19.10506264726784, 19.051515257415623, 19.094823848953734, 19.08926092178895, 18.598236994903004, 19.0508187013729, 19.0782691079139, 19.011736391469235, 19.073416056345657, 19.073817304674517, 19.036677876167484, 18.89851109741472, 19.162736109292055, 18.967669319971236, 19.229864127294146, 19.189177146716627, 18.999040239128888, 19.061906696837756, 19.095159113435486, 18.989094120947037, 19.099971635613105, 18.9757810615138, 19.082672221349434, 19.180993199691642], "MJD_before_g": [58427.41454860009, 58427.54966440005, 58427.55149309989, 58428.549918999895, 58430.38392359996, 58430.39037040016, 58430.409027799964, 58439.44869210012, 58439.4641435002, 58439.465057900175, 58442.43565970007, 58473.39528940013, 58482.485729199834, 58482.486192100216, 58482.48710650019, 58522.406770799775, 58539.24844910018, 58539.249849500135, 58539.25031250017, 58561.220902800094, 58561.22274310002, 58561.257071800064, 58562.223819400184, 58562.225208300166, 58562.22565970011, 58574.184756900184, 58580.199201399926, 58582.13804400014, 58582.13849540008, 58582.14035880007, 58588.25746530015], "flux_err_before_g": [0.0919701724122992, 0.00807685207477215, 0.03890552975071015, 0.007731481282710835, 0.00992015017110375, 0.007848139130378068, 0.008879216747771309, 0.010256218334829635, 0.010049126231239517, 0.008925894270949314, 0.06181790893959516, 0.34016777944237153, 0.008141973399979671, 0.008341993398192976, 0.006599890881318727, 0.008523316609853804, 0.0449322111503218, 0.05328010152580823, 0.05103178925635453, 0.15080757985778345, 0.1417650776447667, 0.1812555278685355, 0.16151478947715936, 0.12941015147603674, 0.2051970388732681, 0.2771454821443666, 0.006780783012586404, 0.00873596434617406, 0.009403177263207043, 0.011619597572910992, 0.25323012994571614], "flux_outl_after_i": [], "MJD_outl_after_i": [], "flux_outl_err_after_i": [], "flux_outl_after_r": [17.15687533839702, 18.208989946730984, 18.276182011353377, 18.34400036101657, 18.12160390339395, 18.20868376504486, 18.238126358573645], "MJD_outl_after_r": [58436.38584489981, 58558.23408559989, 58439.364745399915, 58439.365659699775, 58455.53972220002, 58543.2682523001, 58543.26967590023], "flux_outl_err_after_r": [0.24870916096590187, 0.0290012713445728, 0.032511354196318884, 0.008554059616866045, 0.04598793922419261, 0.007902520558311539, 0.007492429613734626], "flux_outl_after_g": [19.022645641043887, 19.08926092178895, 18.598236994903004, 19.073817304674517, 19.036677876167484, 19.095159113435486], "MJD_outl_after_g": [58427.41454860009, 58442.43565970007, 58473.39528940013, 58539.24844910018, 58539.249849500135, 58574.184756900184], "flux_outl_err_after_g": [0.0919701724122992, 0.06181790893959516, 0.34016777944237153, 0.0449322111503218, 0.05328010152580823, 0.2771454821443666], "mask_after_r": [13.0, 13.0, 13.0, 13.0, 13.0, 13.0, 13.0, 13.0, 13.0, 13.0, 13.0, 13.0, 52.0, 52.0, 52.0, 52.0, 52.0, 52.0, 52.0, 52.0, 52.0, 52.0, 52.0, 2.0, 2.0, 2.0, 2.0, 2.0, 2.0, 2.0, 2.0, 2.0], "mask_after_g": [13.0, 13.0, 13.0, 13.0, 13.0, 13.0, 13.0, 13.0, 13.0, 52.0, 52.0, 52.0, 52.0, 52.0, 52.0, 52.0, 52.0, 52.0, 2.0, 2.0, 2.0, 2.0, 2.0, 2.0, 2.0], "mask_after_i": [], "flux_after_r": [18.245023538513163, 18.216608909938063, 18.29968387303144, 18.285764301906767, 18.243145743412505, 18.273792608745367, 18.235894410920746, 18.240416665836783, 18.248609111064233, 18.25831243553365, 18.244703594464276, 18.28599579621471, 18.267043647214052, 18.28097844278319, 18.303178177705508, 18.238591941945003, 18.26567955869746, 18.30424287191096, 18.288485311401118, 18.253377984699632, 18.249067421357523, 18.291709004574635, 18.269428134152598, 18.194790720430163, 18.22109045290692, 18.27794100750088, 18.272790185869738, 18.289668526110713, 18.23073266114176, 18.302536698360495, 18.296703575953444], "MJD_after_r": [58426.54952549981, 58432.39078699984, 58439.35439810017, 58441.38204859989, 58441.393090299796, 58442.369340300094, 58442.37071759999, 58448.43011569977, 58448.4305786998, 58448.45233799983, 58472.40923610004, 58472.412476900034, 58472.41293979995, 58481.41785879992, 58481.421979200095, 58481.42562500015, 58492.47590279998, 58492.4763656999, 58492.477280099876, 58493.456770800054, 58493.484490700066, 58493.485393499956, 58511.41378469998, 58534.37440969981, 58540.22074070014, 58540.22214120021, 58558.18374999985, 58558.187905100174, 58582.21329860017, 58582.21967589995, 58618.27231479995],