{"name": "J085319.71+363335.5", "flux_err_before_i": [], "mask_before_i": [], "flux_before_i": [], "MJD_before_i": [], "mask_before_r": [28.0, 15.0, 28.0, 15.0, 15.0, 28.0, 15.0, 28.0, 15.0, 28.0, 15.0, 28.0, 15.0, 28.0, 28.0, 15.0, 28.0, 28.0, 28.0, 15.0, 28.0, 28.0, 28.0, 28.0, 15.0, 15.0, 28.0, 28.0, 15.0, 15.0, 28.0, 28.0, 28.0], "mask_before_g": [15.0, 15.0, 15.0, 15.0, 15.0, 15.0, 15.0, 15.0, 15.0, 15.0, 15.0, 15.0, 15.0, 15.0], "flux_before_r": [18.377044886649344, 18.234074180185836, 18.404695908210797, 18.292302841309876, 18.296988185021398, 18.32797750564733, 18.277860259199393, 18.33504039645127, 18.257131910195877, 18.274336213258366, 18.28144387790382, 18.286465393884086, 18.30183488761161, 18.414245070674355, 18.53554472535938, 18.318348696371064, 18.306239392077877, 18.36463556678178, 18.359193270844344, 18.294196114385826, 18.315527724633228, 18.438110959559253, 18.426308575349303, 18.34492312775, 18.274903927607376, 18.32685520119699, 18.280227004814186, 18.34156393494156, 18.236847710020704, 18.32373701261018, 18.38192927608003, 18.30508398080293, 18.367026074789344], "MJD_before_r": [58224.16469909996, 58224.16539350012, 58426.547615699936, 58432.39032409992, 58439.34489580011, 58439.354849500116, 58441.38159719994, 58441.39401620021, 58442.3448379999, 58442.37026620004, 58443.37190969987, 58448.437094899826, 58448.43755789986, 58449.42969910009, 58455.536493100226, 58481.45081020007, 58481.451273099985, 58492.47178239981, 58493.45398150012, 58493.45445600012, 58508.2721644002, 58509.472592600156, 58534.368136600126, 58540.218854200095, 58540.21931710001, 58558.2040856001, 58558.23098379979, 58582.194513900205, 58582.19497689977, 58585.14335650019, 58589.227870400064, 58593.327974500135, 58618.271863400005], "flux_err_before_r": [0.012905080462066303, 0.011312860558909324, 0.01466564355292324, 0.013074464149004225, 0.015201905763828, 0.13852806752680313, 0.013443949291136134, 0.014016478674494643, 0.09583536151960999, 0.05914946988954036, 0.012813869986122014, 0.012263344245937176, 0.012600759338305585, 0.013618233936219084, 0.02167707359968789, 0.012911070143243901, 0.012425632902194832, 0.02935195201314287, 0.01309242426538552, 0.01201990977598534, 0.01239920532778737, 0.014472619554332707, 0.09121725471717049, 0.01270082736983356, 0.012390942255068736, 0.013207020212344087, 0.01223696066270088, 0.013745746678373508, 0.012699945171847384, 0.014016434990345274, 0.06317145321845988, 0.014067481553390486, 0.005606166563354168], "flux_before_g": [19.00656111055737, 18.910372894067415, 19.172872060298715, 18.997505117987032, 19.028992325463967, 19.0223463935857, 19.03792238745809, 18.94574170448726, 19.03018161155551, 19.02178656315107, 19.11779845845119, 19.199703021640577, 19.111549814421124, 19.175418813918377], "MJD_before_g": [58234.144189800136, 58234.14465280017, 58425.54857640015, 58427.41038190015, 58430.37518520001, 58439.44212959986, 58442.434756900184, 58443.32930559991, 58482.55447919993, 58539.2396644, 58561.22506939992, 58562.218645799905, 58574.1870833002, 58588.257013900205], "flux_err_before_g": [0.0630080690426657, 0.04965218355294112, 0.04805390427573665, 0.02323341149211343, 0.007518897977922307, 0.007754178948163167, 0.019845646936036104, 0.07143362949891019, 0.0069873083076756395, 0.007029944350104359, 0.10381335937712406, 0.1850677368313906, 0.041249082590125434, 0.20260146636791387], "flux_outl_after_i": [], "MJD_outl_after_i": [], "flux_outl_err_after_i": [], "flux_outl_after_r": [18.426308575349303, 18.32797750564733, 18.257131910195877, 18.274336213258366, 18.53554472535938, 18.36463556678178], "MJD_outl_after_r": [58534.368136600126, 58439.354849500116, 58442.3448379999, 58442.37026620004, 58455.536493100226, 58492.47178239981], "flux_outl_err_after_r": [0.09121725471717049, 0.13852806752680313, 0.09583536151960999, 0.05914946988954036, 0.01846417547993353, 0.02500151093536267], "flux_outl_after_g": [19.03792238745809, 19.111549814421124, 19.175418813918377], "MJD_outl_after_g": [58442.434756900184, 58574.1870833002, 58588.257013900205], "flux_outl_err_after_g": [0.019845646936036104, 0.041249082590125434, 0.20260146636791387], "mask_after_r": [28.0, 28.0, 28.0, 28.0, 28.0, 28.0, 28.0, 28.0, 28.0, 28.0, 28.0, 28.0, 28.0, 28.0, 28.0, 15.0, 15.0, 15.0, 15.0, 15.0, 15.0, 15.0, 15.0, 15.0, 15.0, 15.0, 15.0], "mask_after_g": [15.0, 15.0, 15.0, 15.0, 15.0, 15.0, 15.0, 15.0, 15.0, 15.0, 15.0], "mask_after_i": [], "flux_after_r": [18.45465517310276, 18.398845515919245, 18.40392653965298, 18.39987894203024, 18.400034434140988, 18.393873521274397, 18.382564051809204, 18.40278588199695, 18.47749360747725, 18.435087461717316, 18.379843847315552, 18.389447399812873, 18.40213577718776, 18.388238546842572, 18.47191955509193, 18.360882685429615, 18.407084515892656, 18.45778912439077, 18.315825901410143, 18.386063000699007, 18.352001468741843, 18.4315238955433, 18.446202816184737, 18.358698381234294, 18.399165044519208], "MJD_after_r": [58426.547615699936, 58432.39032409992, 58439.34489580011, 58441.38159719994, 58441.39401620021, 58443.37190969987, 58448.437094899826, 58448.43755789986, 58449.42969910009, 58481.45081020007, 58481.451273099985, 58493.45398150012, 58493.45445600012, 58508.2721644002, 58509.472592600156, 58540.218854200095, 58540.21931710001, 58558.2040856001, 58558.23098379979, 58582.194513900205, 58582.19497689977, 58585.14335650019, 58589.227870400064, 58593.327974500135, 58618.271863400005], "flux_err_after_r": [0.021164732685029733, 0.020687972498894442, 0.021003689130892268, 0.02014844385569335, 0.020964790647423712, 0.02130066104354188, 0.019393575227255103, 0.019265021040659636, 0.02136512833777535, 0.02075412412741133, 0.020036319440829904, 0.0184918792089601, 0.017262381345947663, 0.017830880181924174, 0.022104324878386115, 0.017881890705532897, 0.02045368531615196, 0.021290375592222143, 0.022240295557968262, 0.019996636887403028, 0.019461013122948217, 0.02291878285771763, 0.06602351753200007, 0.02330213016647586, 0.026056999310836288], "flux_after_g": [19.156463996785916, 18.980325911909574, 19.00470469300397, 19.004477067952884, 18.92992660598327, 19.018373974881943, 19.001997397425257, 19.092552849903658, 19.161829171772737], "MJD_after_g": [58425.54857640015, 58427.41038190015, 58430.37518520001, 58439.44212959986, 58443.32930559991, 58482.55447919993, 58539.2396644, 58561.22506939992, 58562.218645799905], "flux_err_after_g": [0.05109208594447585, 0.027509852304537064, 0.017276356958188688, 0.0162823928287624, 0.07272332296297734, 0.014811267236708062, 0.015422464095376377, 0.10495772117918703, 0.185937931203876], "flux_after_i": [], "MJD_after_i": [], "flux_err_after_i": []}