{"name": "J085931.62+142930.0", "flux_err_before_i": [], "mask_before_i": [], "flux_before_i": [], "MJD_before_i": [], "mask_before_r": [57.0, 57.0, 24.0, 24.0, 24.0, 24.0, 24.0, 24.0, 24.0, 24.0, 24.0, 24.0, 24.0, 24.0, 24.0, 24.0, 24.0, 24.0, 24.0, 24.0, 24.0, 24.0, 24.0, 24.0, 24.0, 24.0, 24.0, 24.0, 24.0, 24.0, 24.0, 24.0, 24.0, 24.0, 24.0, 24.0, 24.0, 24.0, 24.0, 24.0, 24.0, 24.0, 24.0, 24.0, 24.0], "mask_before_g": [57.0, 57.0, 57.0, 57.0, 57.0, 57.0, 57.0, 57.0, 57.0, 57.0, 57.0, 57.0, 57.0, 57.0, 57.0, 57.0, 57.0, 57.0, 57.0, 57.0, 57.0, 57.0, 57.0, 57.0, 57.0, 57.0, 57.0, 57.0, 57.0, 57.0, 57.0, 57.0, 57.0, 57.0, 57.0, 57.0, 57.0, 57.0, 57.0, 57.0, 57.0, 57.0, 57.0, 57.0, 57.0, 57.0, 57.0, 57.0, 57.0, 57.0, 57.0, 57.0, 57.0, 57.0, 57.0, 57.0, 57.0, 57.0, 57.0, 57.0, 57.0, 57.0, 57.0, 57.0, 57.0, 57.0, 57.0, 57.0, 57.0, 57.0, 57.0, 57.0, 57.0, 57.0, 57.0, 57.0, 57.0, 57.0, 57.0, 57.0, 57.0, 57.0, 57.0, 57.0, 57.0, 57.0, 57.0, 57.0, 57.0, 57.0, 57.0, 57.0, 57.0, 57.0, 57.0, 57.0, 57.0, 57.0, 57.0, 57.0, 57.0, 57.0, 57.0, 57.0, 57.0, 57.0, 57.0, 57.0, 57.0, 57.0, 57.0, 57.0, 57.0, 57.0, 57.0, 57.0, 57.0, 57.0, 57.0, 57.0, 57.0, 57.0, 57.0, 57.0, 57.0, 57.0, 57.0, 57.0, 57.0, 57.0, 57.0, 57.0, 57.0, 57.0, 57.0, 57.0, 57.0, 57.0, 57.0, 57.0, 57.0, 57.0, 57.0, 57.0, 57.0, 57.0, 57.0], "flux_before_r": [19.05928716132256, 18.671449085542747, 18.728388186338922, 18.771701410531513, 18.629527261952067, 18.781387451973902, 18.77533777867594, 18.7609825654892, 18.70804308530451, 18.740891203780535, 18.707337940556744, 18.766511488575123, 18.93453291629855, 18.748665608947185, 18.721051593603697, 18.66411734492595, 18.725020871437785, 18.786244652720683, 18.799825268853624, 18.72123753612749, 18.78295907980973, 18.774567846113474, 18.83236972987142, 18.791391566521966, 18.680005209109396, 18.821654605992823, 18.7303183114484, 18.756062200539695, 18.76357572167098, 18.744505527980134, 18.757050070744878, 18.807235400148276, 18.86975677284673, 18.769188997428344, 18.766227610725704, 18.854760647871203, 18.833671140394745, 18.74702303377714, 18.804107536165517, 18.73674783677321, 18.750954213877833, 18.756150221731826, 18.750645251545034, 18.753241509249094, 18.634973009265448], "MJD_before_r": [58262.16984950006, 58263.18581019994, 58439.37386569986, 58448.42918979982, 58472.40878470009, 58481.42151620006, 58492.47818290023, 58493.48677079985, 58511.411041699816, 58540.22398150014, 58543.26873840019, 58558.179166700225, 58574.20473380014, 58582.219224500004, 58757.48656249978, 58770.476041700225, 58770.47648150008, 58771.47307869978, 58771.473541699816, 58783.49384259991, 58783.49429399986, 58827.433229200076, 58827.43368060002, 58830.42486110004, 58830.42531249998, 58836.476388900075, 58836.477291699965, 58846.41120370012, 58846.41346060019, 58854.430428199936, 58854.43086809991, 58856.31224540016, 58856.3126968001, 58871.31200229982, 58871.31245370023, 58892.26561339991, 58892.26650460018, 58896.28756939992, 58896.28892360022, 58899.30318289995, 58899.3036342999, 58900.24631940015, 58900.24677080009, 58939.12836810015, 58939.12881939998], "flux_err_before_r": [0.13257389646863885, 0.003947523875605285, 0.01342457067825902, 0.04709407099170275, 0.009912792969952972, 0.011484183201940973, 0.014573378436630573, 0.011613902008630439, 0.01099113052395957, 0.011351718493705486, 0.05858243355785832, 0.019318167762959984, 0.16597825470089406, 0.012414561228704829, 0.013077531314592624, 0.03826674653793213, 0.045973174558945874, 0.1411147329594162, 0.1330755991370897, 0.012205628453513301, 0.012868524778321332, 0.02581259175470077, 0.02879319373705054, 0.011064753872471947, 0.009980383162152242, 0.0115389681229181, 0.010663811405478143, 0.010790709760575336, 0.010858639619938973, 0.010678428458334856, 0.03645635205317035, 0.011621957722238074, 0.017442053919124397, 0.011001723608585154, 0.01098490171406816, 0.012106243094568689, 0.011924868190814127, 0.010923312156462936, 0.011474879818069847, 0.010740988853701124, 0.010957886978707235, 0.010974006671530569, 0.010976989070986997, 0.011553717247079398, 0.010339376138205883], "flux_before_g": [19.37645561814702, 19.506513647522162, 19.00746674956917, 19.557665825792782, 19.576143466273013, 19.515215582254825, 19.581213323417433, 19.48764274403635, 19.561514529966807, 19.56336039609321, 19.607069050876184, 19.626706587592512, 19.61361582152504, 19.56869031002939, 19.570206422848443, 19.517374245512336, 19.633934382191082, 19.84962113779831, 19.843077751719495, 19.555183107801312, 19.60876358021566, 19.542923761709105, 19.695257250336212, 19.500085964017657, 19.672632653236228, 19.556531289586488, 19.627501721006496, 19.48353975599965, 19.83289843896035, 19.6022631710561, 19.500579842290087, 19.545806320232074, 19.703221395184574, 19.71131355593614, 19.555433773015704, 19.589939299673457, 19.53651416512101, 19.531088619074644, 19.474094546536072, 19.67516640573161, 19.24868945854326, 19.503667465658086, 19.48362295416219, 19.59853449851332, 19.752616869550565, 20.009402131414625, 19.6687104137048, 19.62220453002188, 19.65092061638892, 19.725245455174182, 19.55301703238183, 19.72997758048058, 19.64136137888762, 19.613390330721554, 19.595144990527107, 19.569854539410784, 19.640048633424318, 19.583903204484976, 19.635604356047327, 19.65161373006518, 19.34376773787109, 19.51863070218925, 19.506394352947552, 19.263633229148407, 19.48014687763809, 19.47297531256024, 19.860732495101825, 19.746353362836967, 19.58146795379714, 19.683745879949413, 19.477009044539532, 19.585352891072134, 19.509123486452875, 19.637632713642528, 19.501569613782756, 19.623477199754028, 19.6084680941781, 19.709519470342812, 19.742077742176225, 19.84102119338291, 19.612889407320417, 19.719571371421043, 19.6103657648544, 19.595561200555068, 19.602182236679567, 19.61985218991964, 19.521377330400423, 19.480569638055968, 19.621103612641573, 19.463454598363448, 19.62058735573147, 19.4213572418918, 19.54265774817572, 19.53600492788346, 19.51643787979207, 19.58859619278999, 19.538862656595597, 19.518753790519117, 19.635025222530196, 19.61824830831216, 19.579656906582642, 19.637315054810415, 19.638330510184357, 19.67723536321062, 19.6106727549597, 19.637547928697273, 19.54050472849861, 19.67039156859181, 19.630033203450232, 19.667661355039222, 19.553242427009366, 19.229553393900794, 19.679464978458824, 19.53427783936732, 19.509072010660756, 19.461087031625873, 19.509515080459117, 19.61790417726316, 19.65736741523048, 19.631616454312805, 19.545197679962538, 19.654269852049197, 19.718035128987392, 19.543355226767176, 19.68003834016227, 19.652031237640557, 19.533341213214307, 19.437734289688787, 19.5417347167055, 19.476140743919405, 19.59409905621107, 19.396268850109383, 19.550223363382862, 19.728403632722028, 19.622222700460444, 19.514636475285684, 19.57161100087184, 19.609643121308267, 19.58937399295411, 19.611033614370516, 19.619572732678357, 19.674812347628237, 19.595639391766053, 19.73272563624785, 19.598678506906147, 19.762602846838377, 19.74654663975382],