{"name": "J085759.91+115017.3", "flux_err_before_i": [], "mask_before_i": [], "flux_before_i": [], "MJD_before_i": [], "mask_before_r": [9.0, 51.0, 51.0, 51.0, 9.0, 9.0, 51.0, 9.0, 51.0, 9.0, 9.0, 51.0, 9.0, 9.0, 51.0, 9.0, 51.0, 9.0, 51.0, 9.0, 9.0, 51.0, 9.0, 9.0, 9.0, 51.0, 51.0, 9.0, 9.0, 51.0, 51.0, 9.0, 9.0, 51.0, 51.0, 9.0, 9.0, 51.0, 9.0, 9.0, 9.0, 51.0, 9.0, 9.0, 51.0, 9.0, 9.0, 9.0, 9.0, 51.0, 51.0, 9.0, 9.0, 9.0, 9.0, 9.0, 9.0, 51.0, 51.0, 9.0, 9.0, 9.0, 9.0, 51.0, 51.0, 9.0, 9.0, 51.0, 51.0, 9.0, 9.0, 51.0, 51.0], "mask_before_g": [], "flux_before_r": [17.78575583595178, 17.85714517556356, 18.263064560331184, 17.766865423499198, 17.829233989764862, 17.832520899768866, 17.767402973042476, 17.826634127831753, 17.768172922797593, 17.882528409118656, 17.82111707045103, 17.82788042497309, 17.869123683621552, 17.859800782845475, 17.8143880982691, 17.852421079245335, 17.850992708401797, 17.822721682447302, 17.786410593206842, 17.83645908917245, 17.870541075749962, 17.868171046078714, 17.81514328404232, 17.780021931582198, 17.833861183819884, 17.81759075490368, 17.855576251045438, 17.778223300289113, 17.84775302089379, 17.846181667971685, 17.68681779095877, 17.792304217402553, 17.842433715024875, 17.843799800618616, 17.839322474481854, 17.77928690491821, 17.85727064141809, 17.82465420354256, 17.009293128915658, 17.852008672502272, 17.84507602383936, 17.797195920778446, 17.827889248948793, 17.810017136770078, 17.820622646237503, 17.82642539045121, 17.832894314163376, 17.794719039670184, 17.827808262461687, 17.884025632461373, 17.840963204231404, 17.821545309804236, 17.831247861510377, 17.8396182730295, 17.8246842322524, 17.804872468549004, 17.82920522593995, 17.761592127610324, 17.798442166207522, 17.823396762263677, 17.81628871203408, 17.802399911733946, 17.837518604986748, 17.874418323999123, 17.82509279720688, 17.83590708119549, 17.834970985816845, 17.80780289292443, 17.842219368555664, 17.8340352010111, 17.83240442352256, 17.864315017053414, 17.874221246466586], "MJD_before_r": [58439.37386569986, 58439.37822919991, 58442.38299770001, 58448.42827549996, 58448.42918979982, 58472.40878470009, 58472.4346758998, 58481.42151620006, 58481.43386569992, 58492.47818290023, 58493.48677079985, 58493.487673600204, 58511.411041699816, 58540.22398150014, 58540.24300929997, 58543.26873840019, 58543.269201400224, 58558.179166700225, 58558.224131899886, 58574.20473380014, 58582.219224500004, 58582.22194440011, 58757.48656249978, 58770.476041700225, 58770.47648150008, 58770.4769444, 58770.47738429997, 58771.47307869978, 58771.473541699816, 58771.473993100226, 58771.47907410003, 58783.49384259991, 58783.49429399986, 58783.51062500011, 58783.51107640006, 58827.433229200076, 58827.43368060002, 58827.46023150021, 58829.425995400175, 58830.42486110004, 58830.42531249998, 58836.47593750013, 58836.476388900075, 58836.477291699965, 58836.4781944002, 58846.41120370012, 58846.41346060019, 58854.430428199936, 58854.43086809991, 58854.43177080015, 58854.43222220009, 58856.31224540016, 58856.3126968001, 58871.31200229982, 58871.31245370023, 58892.26561339991, 58892.26650460018, 58892.291550899856, 58892.2920022998, 58896.28756939992, 58896.28892360022, 58899.30318289995, 58899.3036342999, 58899.304537000135, 58899.30498840008, 58900.24631940015, 58900.24677080009, 58900.24768520007, 58900.24857639987, 58939.12836810015, 58939.12881939998, 58939.19347220007, 58939.19392360002], "flux_err_before_r": [0.02558325849735239, 0.02521108838049558, 0.06876371771148519, 0.01904406670769503, 0.02045065020983925, 0.019712508089623763, 0.018575251981637432, 0.019946521791434305, 0.018840077882296545, 0.027291341780061523, 0.020478604227145796, 0.019947372354051307, 0.021075748047327255, 0.021065600212527465, 0.02015249230353691, 0.054068205572432186, 0.04176097291937019, 0.020399625640516308, 0.019409652582921554, 0.0685925834537536, 0.02350444251651265, 0.021996923431449406, 0.023897410197324744, 0.022815095830697636, 0.023617721558900167, 0.023257863997671196, 0.02399739085398695, 0.02275217108660908, 0.02378125298773467, 0.02423740901810517, 0.020861265052685363, 0.02147905705446362, 0.022483660074358442, 0.022147945435783033, 0.02199188796841614, 0.020851067136128835, 0.022465794461313526, 0.02148994015493794, 0.31810915283675656, 0.019138019539709856, 0.019126871237205363, 0.018636823530907214, 0.019083113099794664, 0.01882870188756256, 0.01884961929274543, 0.018872249992924243, 0.019006022992708132, 0.018556716827033838, 0.01915741157423928, 0.02025553775881542, 0.019332089912335267, 0.019203997845653097, 0.0203176123180098, 0.019283276734760428, 0.019035628370844833, 0.01897940145154433, 0.019384545154526645, 0.018200795736465908, 0.01886732763553047, 0.01914662491852215, 0.01910244726689825, 0.01877299175229536, 0.019562347379602957, 0.02007154734864261, 0.019231388599507526, 0.019461502086205933, 0.019559687819054546, 0.018965953516908312, 0.01956055946020377, 0.020567788844886203, 0.020616516885621636, 0.021461473256372113, 0.021696117451704307], "flux_before_g": [], "MJD_before_g": [], "flux_err_before_g": [], "flux_outl_after_i": [], "MJD_outl_after_i": [], "flux_outl_err_after_i": [], "flux_outl_after_r": [17.84775302089379, 17.846181667971685, 17.68681779095877, 17.009293128915658, 18.263064560331184, 17.852421079245335, 17.850992708401797, 17.83645908917245, 17.778223300289113], "MJD_outl_after_r": [58771.473541699816, 58771.473993100226, 58771.47907410003, 58829.425995400175, 58442.38299770001, 58543.26873840019, 58543.269201400224, 58574.20473380014, 58771.47307869978], "flux_outl_err_after_r": [0.009371910178701193, 0.009551675868352203, 0.008221177512752626, 0.31810915283675656, 0.02709896683231878, 0.021307639526383704, 0.01645750488325267, 0.027031524847963017, 0.008966361188122343], "flux_outl_after_g": [], "MJD_outl_after_g": [], "flux_outl_err_after_g": [], "mask_after_r": [9.0, 9.0, 9.0, 9.0, 9.0, 9.0, 9.0, 9.0, 9.0, 9.0, 9.0, 9.0, 9.0, 9.0, 9.0, 9.0, 9.0, 9.0, 9.0, 9.0, 9.0, 9.0, 9.0, 9.0, 9.0, 9.0, 9.0, 9.0, 9.0, 9.0, 9.0, 9.0, 9.0, 9.0, 9.0, 9.0, 9.0, 9.0, 9.0, 51.0, 51.0, 51.0, 51.0, 51.0, 51.0, 51.0, 51.0, 51.0, 51.0, 51.0, 51.0, 51.0, 51.0, 51.0, 51.0, 51.0, 51.0, 51.0, 51.0, 51.0, 51.0, 51.0, 51.0, 51.0], "mask_after_g": [], "mask_after_i": [], "flux_after_r": [17.91521290892326, 17.92978920439781, 17.85401963860918, 17.942283799975403, 17.903669925402014, 17.882825231492568, 17.92088584739267, 17.888680019177663, 17.948117033218274, 17.88858461709955, 17.891260904643595, 17.948827235109597, 17.911034821829745, 17.89351486119788, 17.92614467078162, 17.912703097643817, 17.93028921419979, 17.885763693008098, 17.90801134291207, 17.89382977462865, 17.937881019558017, 17.889232392420702, 17.931359822669293, 17.94310690955958, 17.91453496473792, 17.877442877659078, 17.95486039037839, 17.918050078765365, 17.93269728693503, 17.930540254609685, 17.906565925516507, 17.912076116239906, 17.905920187350866, 17.8954403040606, 17.924836455352334, 17.908506287286105, 17.88652414821713, 17.902454906607996, 17.961582713861127, 17.946726073609753, 17.901511003991455, 17.933960088841772, 17.924998365253533, 17.910032139867415, 17.88788695310318, 17.922623657295713, 17.86455089411638, 17.91984972537656, 17.894763742289456, 17.90506591665466, 17.8732416691086, 17.90861893799616, 17.941604410027786, 17.905598283093553, 17.9284197080897, 17.912650145052698, 17.900463046389685, 17.941373318726534, 17.899391544233055, 17.906485968662608, 17.924307606958333, 17.924533622780345],