{"name": "J085125.81+393541.8", "flux_err_before_i": [], "mask_before_i": [], "flux_before_i": [], "MJD_before_i": [], "mask_before_r": [49.0, 49.0, 49.0, 49.0, 49.0, 49.0, 49.0, 49.0, 49.0, 49.0, 49.0, 49.0, 49.0, 49.0, 49.0, 49.0, 49.0, 49.0, 49.0, 49.0, 49.0, 49.0, 49.0, 49.0, 49.0, 49.0, 49.0, 49.0, 49.0, 49.0, 49.0, 49.0, 49.0, 49.0, 49.0, 49.0, 49.0, 49.0, 49.0, 49.0, 49.0, 49.0, 49.0, 49.0, 49.0, 49.0, 49.0, 49.0, 49.0, 49.0, 49.0], "mask_before_g": [49.0, 49.0, 49.0, 49.0, 49.0, 49.0, 49.0, 49.0, 49.0, 49.0, 49.0, 49.0, 49.0, 49.0, 49.0, 49.0, 49.0, 49.0, 49.0, 49.0, 49.0, 49.0, 49.0], "flux_before_r": [17.783834328334976, 17.780175015335583, 17.92400817011954, 17.793758543511547, 17.739808503933624, 17.75429810226138, 17.774666433349417, 17.78932576603021, 17.65945496242144, 17.7830536348278, 17.807659782060682, 17.80350911976415, 17.860606779181396, 17.80227210648704, 17.809414929832528, 17.79985757812912, 17.799443527350437, 17.80908003651814, 17.82838032646366, 17.8030400251031, 17.859637750464593, 17.864139617078692, 17.7873556890299, 17.776930342556444, 17.780851519777862, 17.841587003342067, 17.874474260693063, 17.84428914756794, 17.80361990204893, 17.798062665161485, 17.871559968500797, 17.826176133953435, 17.844267343331573, 17.76710611998339, 17.818864654208934, 17.826268030738344, 17.792683991987438, 17.833624194960045, 17.795393202319936, 17.811718175593796, 17.829896026750877, 17.823259968100274, 17.82883138867527, 17.82345137795295, 17.849435963598324, 17.834213840949975, 17.875380170971255, 17.786799775417364, 17.742635598513978, 17.8115394299542, 17.80087981381316], "MJD_before_r": [58224.16539350012, 58432.39032409992, 58436.36937499978, 58439.34489580011, 58441.38159719994, 58442.3448379999, 58443.37190969987, 58448.43755789986, 58455.53695600014, 58481.45081020007, 58493.45445600012, 58534.325983799994, 58540.21931710001, 58558.2040856001, 58582.19497689977, 58585.14335650019, 58757.45658560004, 58761.4994212999, 58761.499872699846, 58770.43519680016, 58770.435648099985, 58771.43665509997, 58771.4443518999, 58772.497928199824, 58772.49837959977, 58783.47768520005, 58783.478136599995, 58799.37416670006, 58799.3746181, 58827.32603010023, 58827.326481500175, 58828.30988429999, 58828.31033559982, 58855.31287040003, 58856.303669000044, 58856.30412039999, 58862.331412000116, 58862.33186340006, 58863.35374999978, 58863.35420140019, 58871.26666670013, 58871.26711810008, 58873.22677080007, 58873.22767359996, 58882.170509300195, 58882.17141199997, 58884.17797450023, 58884.20754629979, 58885.18754629977, 58892.257916700095, 58892.25836810004], "flux_err_before_r": [0.013546229825618409, 0.014514253846276068, 0.3141534801534163, 0.01693511404586197, 0.014589758722326051, 0.029088437588209556, 0.014157653583439492, 0.014032498829322804, 0.037589512487027466, 0.0140820590848677, 0.01401098348212836, 0.014768226896326534, 0.014685455442674878, 0.014447528200272829, 0.014990312278736366, 0.015395285228879894, 0.016731778983675533, 0.01605154064644286, 0.016423920676559817, 0.01681205175506274, 0.017857465034472338, 0.017726400410329766, 0.016349594425902166, 0.015387811063878968, 0.015662652630267216, 0.01700589563879175, 0.017848199535067038, 0.01692155879536447, 0.01618127240325528, 0.01583688540924164, 0.017058808568987713, 0.015036790945491605, 0.014644402117783156, 0.013209523634270314, 0.01379718761611012, 0.01397371625999289, 0.013699928640880765, 0.014205430059867274, 0.013610747874095285, 0.013844968707452556, 0.014129380442786197, 0.01394532677905463, 0.014652011933818028, 0.014370280963972864, 0.015057022302747922, 0.014769651386743519, 0.014970516237229928, 0.013762097121582061, 0.016719332996973056, 0.014092254580469823, 0.0138623427846793], "flux_before_g": [18.088959284989294, 18.173303103881594, 18.202771986801466, 18.272335277864627, 18.200936421919593, 18.166464440367605, 18.123022149410232, 18.178610078391333, 18.189723143068875, 18.025459352050866, 18.36480884233577, 18.131516740440738, 18.14062113570897, 18.274417914007415, 18.208357806896277, 18.273692501779742, 18.295563933763123, 18.23656859640542, 18.227864528266295, 18.205269200928974, 18.216111549870057, 18.26976448888916, 18.199365903586294], "MJD_before_g": [58234.144189800136, 58234.14465280017, 58425.54857640015, 58427.41038190015, 58430.37518520001, 58439.44212959986, 58442.434756900184, 58443.32930559991, 58482.55447919993, 58561.22506939992, 58562.218645799905, 58574.1870833002, 58588.257013900205, 58786.53120370023, 58786.531655100174, 58833.53890050016, 58833.53935190011, 58879.1936458, 58879.21741899988, 58900.30170139996, 58900.30215279991, 58940.18714120006, 58940.18759260001], "flux_err_before_g": [0.017591813972197997, 0.017629831091225855, 0.017686247759462034, 0.022844466543203656, 0.019522771833483436, 0.019855127763601307, 0.021112310751165434, 0.0198559623750225, 0.018279998976588878, 0.01588805193124527, 0.1005323735333373, 0.03918263206281596, 0.09286567451644452, 0.029110795637586697, 0.030930720218027362, 0.018267701671777752, 0.018623979432799625, 0.018858812750631948, 0.018129787809800048, 0.017283615261794456, 0.01753927065102454, 0.01895102503842351, 0.01773998593996683], "flux_outl_after_i": [], "MJD_outl_after_i": [], "flux_outl_err_after_i": [], "flux_outl_after_r": [17.92400817011954, 17.65945496242144, 17.875380170971255, 17.75429810226138, 17.742635598513978], "MJD_outl_after_r": [58436.36937499978, 58455.53695600014, 58884.17797450023, 58442.3448379999, 58885.18754629977], "flux_outl_err_after_r": [0.3141534801534163, 0.028475079033473443, 0.011340573602122019, 0.029088437588209556, 0.012665349906840902], "flux_outl_after_g": [18.131516740440738, 18.14062113570897], "MJD_outl_after_g": [58574.1870833002, 58588.257013900205], "flux_outl_err_after_g": [0.10293746276244517, 0.09286567451644452], "mask_after_r": [49.0, 49.0, 49.0, 49.0, 49.0, 49.0, 49.0, 49.0, 49.0, 49.0, 49.0, 49.0, 49.0, 49.0, 49.0, 49.0, 49.0, 49.0, 49.0, 49.0, 49.0, 49.0, 49.0, 49.0, 49.0, 49.0, 49.0, 49.0, 49.0, 49.0, 49.0, 49.0, 49.0, 49.0, 49.0, 49.0, 49.0, 49.0, 49.0, 49.0, 49.0, 49.0, 49.0, 49.0, 49.0, 49.0], "mask_after_g": [49.0, 49.0, 49.0, 49.0, 49.0, 49.0, 49.0, 49.0, 49.0, 49.0, 49.0, 49.0, 49.0, 49.0, 49.0, 49.0, 49.0, 49.0, 49.0, 49.0, 49.0], "mask_after_i": [], "flux_after_r": [17.862466056065223, 17.84702887558481, 17.822553596731964, 17.845253832397706, 17.848939634796928, 17.852541705099558, 17.84525950609322, 17.876546114723237, 17.86034110728732, 17.852622310517578, 17.85775993338064, 17.851469924111367, 17.85419332528974, 17.843149464194255, 17.87125878494247, 17.853539679148085, 17.90826989114767, 17.881858746475192, 17.856481796115027, 17.834249302705786, 17.8367568322449, 17.885296351350085, 17.917271538493157, 17.876951533984137, 17.862295122339127, 17.84905481796148, 17.911024116769475, 17.87407726911027, 17.897390624136584, 17.850996879992003, 17.877787056534803, 17.86852503768874, 17.850266384989705, 17.88537191885552, 17.834512766354234, 17.858605535907145, 17.84845167020482, 17.856743861281227, 17.84136362098991, 17.841033119366426, 17.89630420518958, 17.90150695163248, 17.831788954558455, 17.85475341587081, 17.825540426647258],