{"name": "J085903.85+312757.8", "flux_err_before_i": [], "mask_before_i": [], "flux_before_i": [], "MJD_before_i": [], "mask_before_r": [44.0, 31.0, 31.0, 44.0, 31.0, 31.0, 44.0, 31.0, 44.0, 31.0, 31.0, 44.0, 44.0, 31.0, 44.0, 31.0, 44.0, 31.0, 44.0, 44.0, 44.0, 44.0, 31.0, 44.0, 31.0, 44.0], "mask_before_g": [31.0, 44.0, 44.0, 31.0, 31.0, 44.0, 31.0, 44.0, 31.0, 31.0, 44.0, 44.0, 44.0, 31.0, 44.0, 31.0, 44.0, 31.0, 31.0, 44.0, 31.0], "flux_before_r": [18.36350405897432, 18.35162451145015, 18.336797348947833, 18.378324495069517, 18.31492620862748, 18.281174763181696, 18.417244159133247, 18.33698912107839, 18.333374645628563, 18.134228395617633, 18.341497579069966, 18.375144121293975, 18.361104365715356, 18.381113136161538, 18.345858189055335, 18.43552615902591, 18.349535030649726, 18.371467575234313, 18.406773997117753, 18.38470460083089, 18.31621361240629, 18.38322014039327, 18.266239670596097, 18.60268834350535, 18.372909362709525, 18.3878870511003], "MJD_before_r": [58426.54952549981, 58432.39078699984, 58439.35439810017, 58439.365659699775, 58441.38204859989, 58442.34825230017, 58442.37071759999, 58448.43011569977, 58448.4305786998, 58455.53972220002, 58472.412476900034, 58472.41293979995, 58481.41785879992, 58481.42562500015, 58492.47590279998, 58492.4763656999, 58493.456770800054, 58493.485393499956, 58534.36767360009, 58540.22074070014, 58543.2682523001, 58558.18374999985, 58558.23408559989, 58582.21329860017, 58582.220127299894, 58618.27231479995], "flux_err_before_r": [0.012645347782509092, 0.013480281430652236, 0.021462884780639846, 0.022962488541579108, 0.013563745675417106, 0.0652650344617763, 0.03111178283764898, 0.005992800479990903, 0.012146160421900693, 0.1314648536954371, 0.012510889439829736, 0.012499907611419109, 0.012470701983098558, 0.013219481123476678, 0.016398058453557317, 0.016521885883948664, 0.012345343172343705, 0.012833827117011667, 0.10352119166431743, 0.014540220577911891, 0.022888355987936232, 0.01289606491947087, 0.030987421767620694, 0.011143060589660777, 0.014000156796942316, 0.05832424799401062], "flux_before_g": [18.78295170122413, 19.006479755155134, 19.12656434181634, 19.0012503761547, 18.998646582671704, 19.01007593160116, 18.910953629349166, 19.049312779584763, 19.29858898583109, 19.013358341759492, 19.048709188874206, 18.939730636907836, 19.106504821013033, 19.15213438654552, 19.00893475056707, 19.149047141283713, 18.928742159720038, 18.988387111054863, 18.925860194594705, 19.067809914689068, 19.09454652127397], "MJD_before_g": [58427.41454860009, 58427.54966440005, 58428.549918999895, 58428.552199100144, 58430.38392359996, 58430.409027799964, 58439.44869210012, 58439.4641435002, 58442.43565970007, 58482.485729199834, 58482.486192100216, 58522.406770799775, 58539.24844910018, 58561.22274310002, 58561.257071800064, 58562.223819400184, 58562.22565970011, 58574.184756900184, 58582.13849540008, 58582.14035880007, 58588.25746530015], "flux_err_before_g": [0.06791635996331857, 0.007177793631254303, 0.007929116565559365, 0.09418325035344918, 0.008673965666527493, 0.007901498069884386, 0.008757507490531257, 0.009434614891747498, 0.14766906169628183, 0.00780373301013155, 0.0072230852606501705, 0.007178130018009037, 0.0673912155017825, 0.15578246196629097, 0.12002918174316367, 0.15584449286386157, 0.1105799886772026, 0.17462652390869576, 0.009091240432872957, 0.012951588324072427, 0.170875227874373], "flux_outl_after_i": [], "MJD_outl_after_i": [], "flux_outl_err_after_i": [], "flux_outl_after_r": [18.406773997117753, 18.378324495069517, 18.281174763181696, 18.134228395617633, 18.31621361240629, 18.60268834350535, 18.3878870511003], "MJD_outl_after_r": [58534.36767360009, 58439.365659699775, 58442.34825230017, 58455.53972220002, 58543.2682523001, 58582.21329860017, 58618.27231479995], "flux_outl_err_after_r": [0.10352119166431743, 0.04342774112909042, 0.0652650344617763, 0.1314648536954371, 0.043287538147910413, 0.021074281639697195, 0.05832424799401062], "flux_outl_after_g": [18.78295170122413, 19.0012503761547, 19.29858898583109, 19.106504821013033, 18.988387111054863], "MJD_outl_after_g": [58427.41454860009, 58428.552199100144, 58442.43565970007, 58539.24844910018, 58574.184756900184], "flux_outl_err_after_g": [0.06791635996331857, 0.09418325035344918, 0.14766906169628183, 0.0673912155017825, 0.17462652390869576], "mask_after_r": [31.0, 31.0, 31.0, 31.0, 31.0, 31.0, 31.0, 31.0, 31.0, 31.0, 44.0, 44.0, 44.0, 44.0, 44.0, 44.0, 44.0, 44.0, 44.0], "mask_after_g": [44.0, 44.0, 44.0, 44.0, 44.0, 44.0, 44.0, 44.0, 44.0, 31.0, 31.0, 31.0, 31.0, 31.0, 31.0, 31.0], "mask_after_i": [], "flux_after_r": [18.393969047218942, 18.426089060155594, 18.41862066534541, 18.37637678974781, 18.46623022620286, 18.38631696730401, 18.40446113881287, 18.395063144329235, 18.411119553742033, 18.406754582559167, 18.444277916886026, 18.38632958436522, 18.48427215911837, 18.390027225329394, 18.418730591111768, 18.37285308338889, 18.429784219181542, 18.32442050029625, 18.43985024638404], "MJD_after_r": [58426.54952549981, 58432.39078699984, 58439.35439810017, 58441.38204859989, 58442.37071759999, 58448.43011569977, 58448.4305786998, 58472.412476900034, 58472.41293979995, 58481.41785879992, 58481.42562500015, 58492.47590279998, 58492.4763656999, 58493.456770800054, 58493.485393499956, 58540.22074070014, 58558.18374999985, 58558.23408559989, 58582.220127299894], "flux_err_after_r": [0.017005562853858288, 0.01885463710616488, 0.022066903867662364, 0.017356887188161696, 0.03343317948578909, 0.012064098620290719, 0.015790150664253207, 0.01885205959893232, 0.01806390220538369, 0.01747787511171657, 0.016290015995442927, 0.01985410273867075, 0.018639064315993877, 0.014954022573500056, 0.015649389643900367, 0.01799366592726267, 0.017252563412711416, 0.03410782153768411, 0.01690076704095686], "flux_after_g": [18.997776662745913, 19.100749046360953, 19.040365443765097, 18.98585389560116, 18.973367013515638, 19.014837714184576, 19.053116779978264, 19.027323194475798, 18.89723813689513, 19.178613244335615, 18.95573753729657, 19.17088541754132, 18.914619323440682, 18.942050925209777, 18.989062625422015, 19.14703563846685], "MJD_after_g": [58427.54966440005, 58428.549918999895, 58430.38392359996, 58430.409027799964, 58439.44869210012, 58439.4641435002, 58482.485729199834, 58482.486192100216, 58522.406770799775, 58561.22274310002, 58561.257071800064, 58562.223819400184, 58562.22565970011, 58582.13849540008, 58582.14035880007, 58588.25746530015], "flux_err_after_g": [0.014400012276662745, 0.01572881482753832, 0.016102229657767805, 0.016011897534336485, 0.01410609768074777, 0.016169380126332098, 0.0166614001728355, 0.012791916594189488, 0.01630398513761187, 0.15882440831365494, 0.12692931320354517, 0.15920776844886744, 0.11689953036645817, 0.017980234150499347, 0.016648538084476798, 0.17444727301622556], "flux_after_i": [], "MJD_after_i": [], "flux_err_after_i": []}