{"name": "J090557.19+520340.4", "flux_err_before_i": [0.0017788926127251293, 0.00154929361017854, 0.001651022706459636], "mask_before_i": [10.0, 10.0, 10.0], "flux_before_i": [17.17342448221931, 17.109684477447416, 17.08643276854946], "MJD_before_i": [58257.201330999844, 58261.16504629981, 58261.191423600074], "mask_before_r": [38.0, 38.0, 38.0, 38.0, 38.0, 38.0, 38.0, 38.0, 38.0, 38.0, 38.0, 38.0, 38.0, 38.0, 38.0, 38.0, 38.0, 38.0, 38.0, 38.0, 38.0, 38.0, 38.0, 38.0, 38.0, 38.0, 38.0, 38.0, 38.0, 38.0, 38.0, 38.0, 38.0, 38.0, 38.0, 38.0, 38.0, 38.0, 38.0, 38.0, 38.0, 38.0, 38.0, 38.0, 38.0, 38.0, 38.0, 38.0, 38.0, 38.0, 38.0, 38.0, 38.0], "mask_before_g": [38.0, 38.0, 38.0, 38.0, 38.0, 38.0, 38.0, 38.0, 38.0, 38.0, 38.0, 38.0, 38.0, 38.0, 38.0, 38.0, 38.0, 38.0, 38.0, 38.0, 38.0, 38.0, 38.0, 38.0, 38.0, 38.0, 38.0, 38.0, 38.0], "flux_before_r": [17.586989498308846, 17.558917530178803, 17.555228899309775, 17.581127906213503, 17.563387595279842, 17.869246498702783, 17.56896731636947, 17.599542375189287, 17.689147526590503, 17.59943873364727, 17.552644674686295, 17.50593975112375, 17.600774307989276, 17.617799270161072, 17.603692668243212, 17.506265940794528, 17.5803756187329, 17.461294002157793, 17.57294859991892, 17.56493077517256, 17.54703931484798, 17.581763593790384, 17.562694186796172, 17.564257722847714, 17.57365198077072, 17.58553673132588, 17.60916015678028, 17.63293990091593, 17.57871444467319, 17.558282026212403, 17.563486341272036, 17.577083841835787, 17.603407578450998, 17.57224291131284, 17.581362139647297, 17.593683594547606, 17.581979625522724, 17.625316909439157, 17.603614104427493, 17.57912413167619, 17.566924146661215, 17.587517789476657, 17.577541461641786, 17.564270851294452, 17.576134539122165, 17.624404124774507, 17.582706945367864, 17.52792372654289, 17.679374290405406, 17.57406242628162, 17.556677861552707, 17.562571210467546, 17.592188343122892], "MJD_before_r": [58224.158692100085, 58422.54888889985, 58432.389398099855, 58439.34581020009, 58441.39493060019, 58442.345324099995, 58448.45515049994, 58449.426909700036, 58455.53327549994, 58476.43255789997, 58481.4443518999, 58492.46995369997, 58493.452152799815, 58509.473506900016, 58534.36953700008, 58540.2165045999, 58558.191770799924, 58574.23271990009, 58582.21089120023, 58585.14436340006, 58589.20802079979, 58593.3270717999, 58618.26363429986, 58757.4835994998, 58761.51428239979, 58761.5147338002, 58770.436122700106, 58770.43657410005, 58771.444837999996, 58771.44528939994, 58772.51254629996, 58772.5129976999, 58776.489444400184, 58776.48989580013, 58783.47631940013, 58783.48570600012, 58799.375972200185, 58799.376875000075, 58806.54542820016, 58806.54589120019, 58827.32282410003, 58827.32327549998, 58828.312650499865, 58828.332245400175, 58830.33122690022, 58830.33167820005, 58833.420509300195, 58833.42097220011, 58834.51893519983, 58835.45605320018, 58835.45650460012, 58851.44759259978, 58851.44804400019], "flux_err_before_r": [0.03134946160284241, 0.013042513633994928, 0.01343772803011679, 0.01581559189020546, 0.014732258324095603, 0.08417731377967148, 0.01320022135176676, 0.013313469184284516, 0.030527644664087222, 0.014643664855380751, 0.012992482998335402, 0.04377339062594727, 0.013481679874591876, 0.014183845610612285, 0.014178534837102222, 0.012906861911494231, 0.013760193299865766, 0.29308305032199666, 0.013811909602680241, 0.014306275936842491, 0.022803946490060577, 0.014761813862256671, 0.01759672966186971, 0.015076390454273635, 0.01489961613410828, 0.015056671659095688, 0.016247193394717252, 0.016715918601818525, 0.015541039532542805, 0.015124014943372246, 0.014572995265979912, 0.014614629976108242, 0.01503409598592407, 0.014731652023784481, 0.01563936599412909, 0.015429353354706913, 0.015181201249324662, 0.015601309449101956, 0.014785633234315455, 0.014397395665462094, 0.015050951142798183, 0.01528696964129141, 0.013487481809784024, 0.012825155156378698, 0.013114994202978866, 0.013591767509855102, 0.012851596022304054, 0.012276760341608572, 0.014275259228775991, 0.012853436543936806, 0.012628315743254466, 0.012965306008803206, 0.013266294211012964], "flux_before_g": [18.598563435271505, 18.46747695215491, 18.455404018278266, 18.563193118452666, 18.49014889914352, 18.47218993723299, 18.53152026742098, 18.528743750383875, 18.542613750426696, 18.49733715866646, 18.44031204785064, 18.485214399148997, 18.531920646349363, 18.510868191846, 18.482094539113604, 18.553685496698527, 18.52891158518343, 18.55529445420735, 18.50048183090052, 18.452146764305645, 18.535985770781032, 18.54151474548192, 18.506249168736293, 18.534825840402434, 18.52602609626149, 18.514574134755183, 18.59382635469388, 18.5697508272188, 18.572645698765367], "MJD_before_g": [58384.45635419991, 58427.41174770007, 58430.38574070018, 58434.5505903, 58439.44729170017, 58443.33021989977, 58482.549895800184, 58487.47238430008, 58539.24106479995, 58560.20770830009, 58561.22884259978, 58562.21585649997, 58585.19116900023, 58588.25376159977, 58786.53392359987, 58786.534374999814, 58804.49189809989, 58804.49280089978, 58805.51275460003, 58805.51456019981, 58876.22101850016, 58876.221469900105, 58879.19093749998, 58879.191388899926, 58898.226087999996, 58900.30758100003, 58900.30983800022, 58914.19949069992, 58914.201307899784], "flux_err_before_g": [0.07603616920875186, 0.019879583138117163, 0.012467463336121155, 0.012601253251282257, 0.01660030441160881, 0.013387283711383776, 0.012691255850358905, 0.01226292275376356, 0.013340803660011441, 0.01186619158368311, 0.051997793473860326, 0.042277089708593056, 0.013229540220053218, 0.013417875848404896, 0.015455900316112018, 0.01701573412938928, 0.030206934332661, 0.03559688845492712, 0.012913656341906875, 0.01245532884210611, 0.01237231021669444, 0.012471031914200065, 0.01247602280448534, 0.012676134207068795, 0.012219879712987911, 0.011708092537694515, 0.012687820746355032, 0.26844752381374454, 0.19808373674709928], "flux_outl_after_i": [], "MJD_outl_after_i": [], "flux_outl_err_after_i": [], "flux_outl_after_r": [17.461294002157793, 17.679374290405406, 17.586989498308846, 17.869246498702783, 17.689147526590503, 17.50593975112375, 17.54703931484798, 17.562694186796172], "MJD_outl_after_r": [58574.23271990009, 58834.51893519983, 58224.158692100085, 58442.345324099995, 58455.53327549994, 58492.46995369997, 58589.20802079979, 58618.26363429986], "flux_outl_err_after_r": [0.29308305032199666, 0.013934366495378582, 0.03060083746333903, 0.08417731377967148, 0.029798645486772957, 0.04272808345909233, 0.022259388977887713, 0.01717652032085837], "flux_outl_after_g": [18.5697508272188, 18.572645698765367], "MJD_outl_after_g": [58914.19949069992, 58914.201307899784], "flux_outl_err_after_g": [0.26844752381374454, 0.19808373674709928], "mask_after_r": [38.0, 38.0, 38.0, 38.0, 38.0, 38.0, 38.0, 38.0, 38.0, 38.0, 38.0, 38.0, 38.0, 38.0, 38.0, 38.0, 38.0, 38.0, 38.0, 38.0, 38.0, 38.0, 38.0, 38.0, 38.0, 38.0, 38.0, 38.0, 38.0, 38.0, 38.0, 38.0, 38.0, 38.0, 38.0, 38.0, 38.0, 38.0, 38.0, 38.0, 38.0, 38.0, 38.0, 38.0, 38.0], "mask_after_g": [38.0, 38.0, 38.0, 38.0, 38.0, 38.0, 38.0, 38.0, 38.0, 38.0, 38.0, 38.0, 38.0, 38.0, 38.0, 38.0, 38.0, 38.0, 38.0, 38.0, 38.0, 38.0, 38.0, 38.0, 38.0, 38.0, 38.0], "mask_after_i": [10.0, 10.0, 10.0],