{"name": "J090559.58+095418.9", "flux_err_before_i": [], "mask_before_i": [], "flux_before_i": [], "MJD_before_i": [], "mask_before_r": [31.0, 44.0, 31.0, 44.0, 31.0, 44.0, 31.0, 44.0, 44.0, 31.0, 44.0, 44.0, 44.0, 31.0, 44.0, 44.0, 31.0, 44.0, 44.0, 31.0, 44.0, 44.0, 31.0, 31.0, 31.0, 31.0, 31.0, 44.0, 44.0, 31.0, 31.0, 44.0, 44.0, 31.0, 44.0, 31.0, 31.0, 44.0, 44.0, 31.0, 31.0, 44.0, 44.0, 31.0, 31.0, 44.0, 44.0, 44.0, 31.0, 31.0, 31.0, 31.0, 31.0, 31.0, 44.0, 44.0], "mask_before_g": [], "flux_before_r": [16.99410046554947, 16.981943473773576, 17.002770849936653, 16.937124131168545, 17.007665231835897, 17.000471506853316, 16.992574176122254, 16.991102200939025, 17.019592391993978, 16.998161652337167, 16.952889951710972, 16.97210549525324, 16.967666239842345, 16.997151761300863, 16.971207890850632, 17.036382905497156, 16.99454215757619, 16.98753633702383, 16.923764565500633, 17.011094481792618, 16.989105337873127, 16.97655244322557, 17.003259232812113, 17.016696129671324, 17.001589449319773, 16.97447484356274, 17.11521265131939, 16.9575083475113, 16.9508306611233, 17.003394184802847, 17.014128586556893, 16.980498918719835, 16.964173632776195, 16.994797939485032, 16.57675121541925, 16.982583488713075, 17.007915132986795, 16.98706381950252, 16.99375621023313, 17.02487107436521, 16.99530910871119, 16.974290617013626, 17.01724214035129, 17.01524607421881, 17.058677484342446, 16.998431579855865, 16.97223335223029, 16.98107000972969, 16.964746245721777, 17.00264955510669, 17.036717484203702, 17.019350250063482, 17.12843143597778, 17.087163958177907, 16.98219568343429, 16.981484197045468], "MJD_before_r": [58439.37822919991, 58439.39127309993, 58442.38299770001, 58442.39281249978, 58448.42827549996, 58448.46461809985, 58472.4346758998, 58472.435578700155, 58476.43912040023, 58481.43386569992, 58481.434780099895, 58492.43983800011, 58493.43643519981, 58493.487673600204, 58511.4151504999, 58540.25604170002, 58543.269201400224, 58556.208506899886, 58558.18743060017, 58558.224131899886, 58574.20608799998, 58582.21877310006, 58582.22194440011, 58770.4769444, 58770.47738429997, 58771.473993100226, 58771.47907410003, 58771.50004629977, 58771.50049770018, 58783.51062500011, 58783.51107640006, 58783.5115278, 58783.511979199946, 58827.46023150021, 58829.45637729997, 58836.47593750013, 58836.4781944002, 58846.413912000135, 58846.41436340008, 58854.43177080015, 58854.43222220009, 58854.43267360004, 58854.433576399926, 58892.291550899856, 58892.2920022998, 58896.287118100096, 58899.30228010006, 58899.30273150001, 58899.304537000135, 58899.30498840008, 58900.24768520007, 58900.24857639987, 58939.19347220007, 58939.19392360002, 58939.19765050011, 58939.19945599977], "flux_err_before_r": [0.0085068295404339, 0.00811680166020094, 0.03167027440506719, 0.0080466886358716, 0.007033858656348949, 0.006634926970701896, 0.006698186178493089, 0.006472147774172765, 0.007418643489066803, 0.006869928312433709, 0.006318929718110109, 0.017548893663377828, 0.006455859054652524, 0.00688887411726741, 0.006566450891193019, 0.006589928559491806, 0.014329281262785508, 0.006677625809929591, 0.006264311862352603, 0.007014639186024159, 0.01599382625940033, 0.006454587931028979, 0.0074348333338742426, 0.008292509852052456, 0.008230066114168436, 0.015413407263524515, 0.010564578034890906, 0.007242539680486106, 0.007258716065901546, 0.007658173798345805, 0.00765348048063801, 0.007136530262848441, 0.006989353356705884, 0.007457731098934418, 0.3149673206156114, 0.006516898242220433, 0.006617494629067282, 0.0061977359870448905, 0.0062418025800507594, 0.006747081777796562, 0.006575536423595183, 0.006113413773641697, 0.006392406735468631, 0.006848981198100879, 0.007131133027083013, 0.0063419114852265234, 0.006297104278711003, 0.0062944175362545885, 0.006438519903628893, 0.006686323213437469, 0.006957521194313752, 0.006845223684159494, 0.005947029854391759, 0.005696303592305487, 0.007445361987816383, 0.008211854070777085], "flux_before_g": [], "MJD_before_g": [], "flux_err_before_g": [], "flux_outl_after_i": [], "MJD_outl_after_i": [], "flux_outl_err_after_i": [], "flux_outl_after_r": [17.002770849936653, 17.019592391993978, 16.97447484356274, 17.11521265131939, 16.57675121541925, 16.97210549525324, 16.99454215757619, 16.989105337873127, 16.97655244322557, 17.12843143597778, 17.087163958177907], "MJD_outl_after_r": [58442.38299770001, 58476.43912040023, 58771.473993100226, 58771.47907410003, 58829.45637729997, 58492.43983800011, 58543.269201400224, 58574.20608799998, 58582.21877310006, 58939.19347220007, 58939.19392360002], "flux_outl_err_after_r": [0.03167027440506719, 0.012046475421146202, 0.015413407263524515, 0.010564578034890906, 0.3149673206156114, 0.02849608779499145, 0.02326804553814058, 0.01599382625940033, 0.010481031334011225, 0.009656852910553428, 0.009249720830664514], "flux_outl_after_g": [], "MJD_outl_after_g": [], "flux_outl_err_after_g": [], "mask_after_r": [44.0, 44.0, 44.0, 44.0, 44.0, 44.0, 44.0, 44.0, 44.0, 44.0, 44.0, 44.0, 44.0, 44.0, 44.0, 44.0, 44.0, 44.0, 44.0, 44.0, 44.0, 44.0, 44.0, 31.0, 31.0, 31.0, 31.0, 31.0, 31.0, 31.0, 31.0, 31.0, 31.0, 31.0, 31.0, 31.0, 31.0, 31.0, 31.0, 31.0, 31.0, 31.0, 31.0, 31.0, 31.0], "mask_after_g": [], "mask_after_i": [], "flux_after_r": [17.030896531985412, 17.063022435713762, 17.015845160926673, 17.046114251164934, 17.064704437492047, 17.021411218116217, 17.04483301975335, 17.04427551921332, 17.040255112826795, 17.04014716460034, 17.03892509215943, 17.038382062641634, 17.062184047379535, 17.048214825991028, 17.02385365659626, 17.041268667929437, 17.051223075940477, 17.06529430260515, 17.040990381695266, 17.03197388205203, 17.02792510755848, 17.035622079787778, 17.050720566351355, 17.05386038792438, 17.034881901485175, 17.044623323764576, 17.018750325071377, 17.044521920922847, 17.032193390077193, 17.05571693425588, 17.05926003331685, 17.041470794659965, 17.051566261383652, 17.080700031886412, 17.053106643631708, 17.069810401857914, 17.059099459368067, 17.034544212593183, 17.04408510984414, 17.0013455608403, 17.034691393049684, 17.03759451525708, 17.028092899399468, 17.06431549047085, 17.042687235478166], "MJD_after_r": [58439.37822919991, 58439.39127309993, 58442.39281249978, 58448.42827549996, 58448.46461809985, 58472.4346758998, 58472.435578700155, 58481.43386569992, 58481.434780099895, 58493.43643519981, 58493.487673600204, 58511.4151504999, 58540.25604170002, 58556.208506899886, 58558.18743060017, 58558.224131899886, 58582.22194440011, 58770.4769444, 58770.47738429997, 58771.50004629977, 58771.50049770018, 58783.51062500011, 58783.51107640006, 58783.5115278, 58783.511979199946, 58827.46023150021, 58836.47593750013, 58836.4781944002, 58846.413912000135, 58846.41436340008, 58854.43177080015, 58854.43222220009, 58854.43267360004, 58854.433576399926, 58892.291550899856, 58892.2920022998, 58896.287118100096, 58899.30228010006, 58899.30273150001, 58899.304537000135, 58899.30498840008, 58900.24768520007, 58900.24857639987, 58939.19765050011, 58939.19945599977], "flux_err_after_r": [0.01394306387062896, 0.011555979466833644, 0.01730985137280908, 0.01856518416342547, 0.015996258179084618, 0.012310055547217173, 0.011072639859377238, 0.012143223111167965, 0.011370661116742438, 0.009205563566346407, 0.009050995982671303, 0.011382516288989336, 0.009971078191784501, 0.01419098435428834, 0.01792150823049043, 0.016709882668456594, 0.011360371489168852, 0.01741846999913185, 0.01622317011094033, 0.01801260754784668, 0.017880612450049106, 0.014004584695389843, 0.014608908338300884, 0.013316012829545205, 0.012978215211638128, 0.015473117298045203, 0.010628019822397358, 0.010796688087341627, 0.010354182618135078, 0.010516101835424625, 0.014532843507677598, 0.015574911427030118, 0.013681282277191294, 0.01511229266273227, 0.014197315503739025, 0.014890945289842125, 0.01011902673004754, 0.009583229035262382, 0.009633548538232842, 0.009895086287663751, 0.00990540327583112, 0.011914501528803065, 0.010605559120108793, 0.012985975058566334, 0.014527960270930741],