{"name": "J091638.13+190144.5", "flux_err_before_i": [], "mask_before_i": [], "flux_before_i": [], "MJD_before_i": [], "mask_before_r": [47.0, 9.0, 47.0, 9.0, 47.0, 9.0, 47.0, 9.0, 9.0, 47.0, 9.0, 47.0, 9.0, 47.0, 47.0, 9.0, 9.0, 9.0, 47.0, 9.0, 47.0, 47.0, 9.0, 47.0, 9.0, 9.0, 47.0, 47.0, 47.0, 47.0, 9.0, 9.0, 47.0, 47.0, 9.0, 9.0, 47.0, 47.0, 47.0, 47.0, 9.0, 9.0, 47.0, 47.0, 47.0, 47.0], "mask_before_g": [], "flux_before_r": [18.153247500502673, 18.317960956501828, 17.35887297163703, 18.317822949626176, 18.203626186217978, 18.282417020774833, 18.11604493388476, 18.253489188202067, 18.300121641245717, 18.10430750053974, 18.25480448172612, 18.128052545036077, 18.272554683091155, 18.125341156382042, 18.11658172201018, 18.288959759874224, 18.174418902722145, 18.213201056657105, 18.0752202085483, 18.230614150835578, 18.14013781139637, 18.096838304505155, 18.300220923196832, 18.132269797680472, 18.259311840101063, 18.248510749893967, 18.16717499811636, 18.136649780763612, 18.175056152375113, 18.227671908933917, 18.2782042197097, 18.22345147715262, 17.976905256796638, 18.145612924951294, 18.359070438038085, 18.56977269762467, 18.181705785563434, 18.09383774540249, 18.192934919708954, 18.17525074538673, 18.278893675030577, 18.21699518470919, 18.160137470969588, 18.147289788480165, 18.14415948603568, 18.157057103704492], "MJD_before_r": [58439.37386569986, 58439.37478009984, 58442.3839004999, 58442.38436339982, 58448.42918979982, 58448.45278939977, 58472.40878470009, 58472.411562500056, 58481.42015049979, 58481.42151620006, 58492.47453700006, 58492.47818290023, 58493.45814809995, 58493.48677079985, 58511.411041699816, 58511.4115046002, 58513.436770800035, 58540.22167820018, 58540.22398150014, 58543.267800900154, 58543.26873840019, 58558.179166700225, 58558.184212999884, 58574.20473380014, 58574.20518520009, 58582.21420140006, 58582.219224500004, 58757.48656249978, 58770.476041700225, 58770.47648150008, 58770.477870400064, 58770.47832180001, 58771.47307869978, 58771.473541699816, 58771.479560200125, 58771.48001160007, 58783.49384259991, 58783.49429399986, 58827.433229200076, 58827.43368060002, 58827.43594910018, 58827.43685190007, 58830.42486110004, 58830.42531249998, 58846.41120370012, 58846.41346060019], "flux_err_before_r": [0.028394738371633848, 0.03059167479567187, 0.07157047715424267, 0.03667313617654787, 0.02404525270881712, 0.02276279984215404, 0.0216429693699317, 0.02181798036316826, 0.023181819915622695, 0.021796254562871493, 0.039331513980764315, 0.02358521769889887, 0.022596477551594992, 0.022039175021423694, 0.02189634161389806, 0.022991260130137282, 0.07983373210477226, 0.025532850003869338, 0.02129251464758627, 0.0597399055435285, 0.05203241648335494, 0.02205129976382704, 0.02381152664584897, 0.0842608525425695, 0.06680109897358036, 0.023275722524156408, 0.02448211144218002, 0.027529529152709075, 0.02771285900509615, 0.02900064351307076, 0.02724084399979254, 0.02561176227578597, 0.06270052039166583, 0.08541963638030992, 0.029102282119190852, 0.03499515732751539, 0.026303963031287507, 0.024272469800711908, 0.026051506290542974, 0.025564609862530622, 0.024956078398063863, 0.023346239966290986, 0.021676734565494474, 0.021437532048789263, 0.021707142920699356, 0.021986784144401885], "flux_before_g": [], "MJD_before_g": [], "flux_err_before_g": [], "flux_outl_after_i": [], "MJD_outl_after_i": [], "flux_outl_err_after_i": [], "flux_outl_after_r": [18.317960956501828, 17.35887297163703, 18.25480448172612, 18.174418902722145, 18.230614150835578, 18.259311840101063, 18.317822949626176, 18.14013781139637, 18.132269797680472, 17.976905256796638, 18.145612924951294], "MJD_outl_after_r": [58439.37478009984, 58442.3839004999, 58492.47453700006, 58513.436770800035, 58543.267800900154, 58574.20518520009, 58442.38436339982, 58543.26873840019, 58574.20473380014, 58771.47307869978, 58771.473541699816], "flux_outl_err_after_r": [0.022498148339659196, 0.07157047715424267, 0.028925720539099392, 0.05871241634851239, 0.043934739294028066, 0.04912777884826684, 0.026970659935794967, 0.03826639215840087, 0.0842608525425695, 0.06270052039166583, 0.08541963638030992], "flux_outl_after_g": [], "MJD_outl_after_g": [], "flux_outl_err_after_g": [], "mask_after_r": [47.0, 47.0, 47.0, 47.0, 47.0, 47.0, 47.0, 47.0, 47.0, 47.0, 47.0, 47.0, 47.0, 47.0, 47.0, 47.0, 47.0, 47.0, 47.0, 47.0, 47.0, 9.0, 9.0, 9.0, 9.0, 9.0, 9.0, 9.0, 9.0, 9.0, 9.0, 9.0, 9.0, 9.0, 9.0], "mask_after_g": [], "mask_after_i": [], "flux_after_r": [18.20343049158791, 18.266780308084144, 18.190757130994747, 18.16818599317447, 18.155417122105902, 18.23846085628155, 18.149336939460483, 18.15034424642114, 18.190963794866814, 18.146720701340584, 18.151773733629646, 18.189295270405218, 18.117551135206433, 18.157368895945297, 18.163464033644036, 18.190760756402046, 18.119290591553447, 18.185758944667512, 18.191041206201916, 18.250013832452346, 18.247614045994027, 18.178970457977734, 18.099951277326923, 18.288601044952657, 18.451767663136696, 18.268752491937008, 18.149777110123363, 18.243474353042913, 18.22803305039215, 18.208750362861178, 18.146245264978326, 18.204198711367518, 18.181744497167873, 18.18396715226835, 18.17938460260283], "MJD_after_r": [58439.37386569986, 58448.42918979982, 58448.45278939977, 58472.40878470009, 58472.411562500056, 58481.42015049979, 58481.42151620006, 58492.47818290023, 58493.45814809995, 58493.48677079985, 58511.411041699816, 58511.4115046002, 58540.22167820018, 58540.22398150014, 58558.179166700225, 58558.184212999884, 58582.21420140006, 58582.219224500004, 58757.48656249978, 58770.476041700225, 58770.47648150008, 58770.477870400064, 58770.47832180001, 58771.479560200125, 58771.48001160007, 58783.49384259991, 58783.49429399986, 58827.433229200076, 58827.43368060002, 58827.43594910018, 58827.43685190007, 58830.42486110004, 58830.42531249998, 58846.41120370012, 58846.41346060019], "flux_err_after_r": [0.036335063992462925, 0.0324211168341211, 0.030496327272698534, 0.03190892542016164, 0.028412770690812404, 0.028574842728788075, 0.028428710335318453, 0.029824816620454938, 0.02556997758938548, 0.026763562978854506, 0.02904109402222726, 0.026353032020247472, 0.030691303088755423, 0.028217018265213455, 0.03058697068143055, 0.03146552718748419, 0.027371826382572025, 0.031644244934668164, 0.037909242073761576, 0.036778191829589545, 0.03728514420650216, 0.03461428755271727, 0.0349617968375852, 0.031831016571071576, 0.03743139038632609, 0.03753916459275341, 0.034321204719734294, 0.03490406189514831, 0.040326182328186334, 0.03406536415364401, 0.03064025356427224, 0.030316187325103452, 0.033586023919059266, 0.02709697185456487, 0.02843273389590851], "flux_after_g": [], "MJD_after_g": [], "flux_err_after_g": [], "flux_after_i": [], "MJD_after_i": [], "flux_err_after_i": []}