{"name": "J091357.15+402724.9", "flux_err_before_i": [], "mask_before_i": [], "flux_before_i": [], "MJD_before_i": [], "mask_before_r": [52.0, 52.0, 6.0, 52.0, 52.0, 6.0, 6.0, 52.0, 6.0, 52.0, 6.0, 52.0, 6.0, 52.0, 6.0, 6.0, 52.0, 6.0, 52.0, 6.0, 52.0, 52.0, 52.0, 6.0, 52.0, 6.0, 6.0, 52.0, 6.0, 52.0, 52.0, 6.0, 6.0, 52.0, 6.0, 52.0, 6.0, 6.0, 52.0, 52.0, 6.0, 6.0, 6.0, 6.0, 6.0, 52.0, 52.0, 6.0, 6.0, 52.0, 52.0, 52.0, 52.0, 6.0, 6.0, 6.0, 6.0, 52.0, 52.0, 6.0, 6.0, 52.0, 6.0, 6.0, 6.0, 52.0, 52.0, 6.0, 6.0, 52.0, 6.0, 6.0, 52.0, 52.0, 6.0, 6.0, 6.0, 6.0, 52.0, 52.0, 6.0, 6.0, 6.0, 6.0, 52.0, 52.0, 52.0, 52.0, 52.0, 52.0, 6.0, 6.0, 6.0, 6.0, 52.0, 52.0, 52.0, 52.0], "mask_before_g": [6.0, 6.0, 6.0, 6.0, 6.0, 6.0, 6.0, 6.0, 6.0, 6.0, 6.0, 6.0, 6.0, 6.0, 6.0, 6.0, 6.0, 6.0, 6.0, 6.0, 6.0, 6.0, 6.0, 6.0, 6.0, 6.0, 6.0, 6.0, 6.0, 6.0, 6.0], "flux_before_r": [18.09447909150744, 18.0585413089802, 18.028179230270524, 18.125640152163673, 18.09401089269587, 18.08475161150827, 18.048651108630292, 18.154927338379473, 18.076603372084094, 18.099327105290804, 18.161552963982036, 18.062753028086952, 18.04552420563175, 18.236041867436967, 18.14992045886573, 18.053828588599426, 18.076975682301317, 18.012947297713712, 18.090756297500803, 18.098388706366, 18.10540098494019, 18.048147419884984, 18.164878927607997, 18.081339739558786, 18.03222292682723, 18.038038457402514, 18.058294224482694, 18.112009093359315, 18.01785359635975, 18.041517402925482, 18.040061906697233, 18.10322723731319, 18.138287679019268, 18.05101969420545, 18.06378054727023, 18.072256278483586, 18.134104407440873, 18.073895684062045, 18.074776078283534, 18.077609208650927, 18.073424158626963, 18.092208799635465, 18.06291585998536, 18.10753001521595, 18.046378272352136, 18.012350933043674, 18.073637901892845, 18.068951147102595, 18.101453615373728, 18.00323889373444, 18.16833107776469, 18.092714987383754, 18.04904339653875, 18.07274050726676, 18.08189451455684, 18.091639452577446, 18.08931262756972, 18.09013650203915, 18.06963697025308, 18.004431718622875, 18.05468084420539, 18.002717121829065, 18.086297659278706, 18.12377583833686, 18.04230106070138, 18.10268743581851, 18.077656829623578, 18.15728509605524, 18.040278433941758, 18.10466583693167, 18.067137267118166, 18.066145655459437, 18.04473824170029, 17.999470503737342, 18.040895931786324, 18.061643349788593, 18.059664844818442, 18.09481399230159, 18.071092502022452, 18.07396629050586, 18.01641325811598, 18.084272045045523, 18.11040948298803, 18.15670881964583, 18.104824049455623, 18.058986590660687, 18.08204142883215, 18.079817580308962, 18.08441724848281, 18.100977039946834, 18.07302409582763, 18.131755382884393, 18.10755440876197, 18.086142298638357, 18.062289774449468, 18.075277617588284, 18.071867535144023, 18.072838242357463], "MJD_before_r": [58224.16469909996, 58426.547615699936, 58439.34724539984, 58439.354849500116, 58441.39401620021, 58441.394467600156, 58442.34775459999, 58442.37026620004, 58448.43663189979, 58448.437094899826, 58449.42924770014, 58449.42969910009, 58455.53417820018, 58455.536493100226, 58472.417106499895, 58481.44481479982, 58481.451273099985, 58492.4704167, 58492.47178239981, 58493.4526157002, 58493.45398150012, 58508.2721644002, 58509.472592600156, 58509.4730440001, 58534.368136600126, 58534.36858800007, 58540.21791670006, 58540.218854200095, 58558.19545139978, 58558.23098379979, 58582.194513900205, 58582.19645830011, 58589.22508100001, 58589.227870400064, 58593.32752310019, 58593.327974500135, 58599.14590279991, 58618.26408560015, 58618.271863400005, 58757.4782292, 58757.479606499895, 58761.5133795999, 58761.513830999844, 58770.451226899866, 58770.45166670019, 58770.452129600104, 58770.45258100005, 58771.44621529989, 58771.446666699834, 58771.46556709986, 58771.46601849981, 58772.51074070018, 58772.51119210012, 58772.51164350007, 58772.51209490001, 58783.48615740007, 58783.48660880001, 58783.48706019996, 58783.4875115999, 58799.3755092998, 58799.377777799964, 58801.43396990001, 58806.54634260014, 58806.54679400008, 58828.311747699976, 58835.450625000056, 58835.4510764, 58835.45515049994, 58835.455601899885, 58837.45856480021, 58851.44625000004, 58851.44714119984, 58856.307743099984, 58856.30819439981, 58856.33021989977, 58856.33067130018, 58859.314074099995, 58859.31452549994, 58859.314976899885, 58859.31542820018, 58860.29174769996, 58860.299340299796, 58862.330046299845, 58862.3309491002, 58862.332326400094, 58862.33277780004, 58863.3528355998, 58863.35328700021, 58871.28792819986, 58871.288379599806, 58871.28928240016, 58871.289733800106, 58882.18596060015, 58882.186423600186, 58882.18686340004, 58882.20667820005, 58884.204768499825, 58884.20521989977], "flux_err_before_r": [0.0109799657704865, 0.013002470383007957, 0.013606957920344356, 0.10144287888346135, 0.013641235503861286, 0.013849369240546123, 0.03505665524238722, 0.010595323937800738, 0.011815461746241844, 0.01190858584617557, 0.012590139298615488, 0.011378121338462919, 0.016833678630983496, 0.23396986575556236, 0.012436481643321383, 0.01144196948145032, 0.01178690063906631, 0.037317401556516756, 0.04654961324190976, 0.011942213528620092, 0.01210513796607659, 0.011522542471193149, 0.013243443426797558, 0.012260417108215627, 0.052262614998493065, 0.021747618440160994, 0.011816450483606827, 0.012434060809070615, 0.012594201475254283, 0.01147985257317655, 0.011936420567019336, 0.012596800303059364, 0.015313851142058918, 0.05057190462576622, 0.012883728624977395, 0.012995466110117867, 0.013275506894435816, 0.013904892103091485, 0.01385478468707806, 0.013825887956382192, 0.013557481268523438, 0.013513656312078294, 0.01310194263536344, 0.01429227472901159, 0.013517010730588057, 0.013138619118012528, 0.013828800468785835, 0.034137809309913905, 0.018714413395638427, 0.0075155300493556605, 0.037037085343602685, 0.013130925719525564, 0.012874984303260735, 0.012984509621573926, 0.013034283278872285, 0.013445753052593393, 0.013386110344091722, 0.013367923464951598, 0.013140870568637717, 0.012363517191768376, 0.013097900511328732, 0.25070319365936444, 0.012979214604779658, 0.013343804944331449, 0.011566708050271183, 0.011556978995216528, 0.011313372361602592, 0.012092703039745996, 0.010826316598551588, 0.011658312286064084, 0.011207384103062101, 0.011202310648307687, 0.01126431135692124, 0.010829229336843263, 0.013196164549377316, 0.014260891954804403, 0.010901224599024904, 0.01135363547722941, 0.00881505902385637, 0.028341654005324457, 0.010700760719299603, 0.011137768009151179, 0.011549764866302674, 0.012005296140508031, 0.011752735692452016, 0.011227523839716378, 0.011297592898351213, 0.011335909804674561, 0.011347396991119724, 0.011558997388138375, 0.011244469944486876, 0.011870568070422948, 0.012060105671113791, 0.011856220539043727, 0.011569784222610787, 0.011648778751190646, 0.011604765357855382, 0.011648356305081665], "flux_before_g": [18.881328941084462, 18.88403148539073, 18.900568594676017, 18.814740590511384, 18.78545868248027, 18.871591501503623, 18.38750241537418, 18.876794507854676, 18.874145411867683, 18.82213214875413, 18.881665411672213, 18.79816035811332, 18.54845040009291, 18.793739473730692, 18.848047520697197, 19.072098843375198, 18.872933953287674, 18.877415899963587, 18.857928014157878, 18.89439785918666, 18.86340699049681, 18.692980629553432, 18.770337747545327, 18.8231323130966, 18.852276956702884, 18.847310197463536, 18.884108077967838, 18.831868105773125, 18.916929373386235, 18.836159260171257, 18.86191672834624],