{"name": "J092855.53+332248.4", "flux_err_before_i": [], "mask_before_i": [], "flux_before_i": [], "MJD_before_i": [], "mask_before_r": [13.0, 47.0, 60.0, 47.0, 13.0, 60.0, 47.0, 13.0, 60.0, 47.0, 13.0, 60.0, 13.0, 60.0, 13.0, 47.0, 60.0, 13.0, 13.0, 47.0, 60.0, 13.0, 13.0, 60.0, 47.0, 13.0, 47.0, 60.0, 13.0, 13.0, 60.0, 47.0, 13.0, 13.0, 60.0, 47.0, 47.0, 13.0, 60.0, 47.0, 60.0, 60.0, 13.0, 47.0, 60.0, 13.0, 13.0, 13.0, 60.0, 13.0, 60.0, 47.0], "mask_before_g": [], "flux_before_r": [16.073447877608444, 16.011241974057576, 16.139166788494073, 15.928650920545962, 16.07395530164998, 16.03438282183044, 16.168104758187923, 16.05759100177535, 15.917065264855445, 16.049926850065642, 16.07057698987873, 16.087162250560574, 16.089981017388638, 16.09929096321396, 16.074819999451954, 16.05096506374381, 16.11598181866747, 16.079652902093354, 16.099809759941834, 16.032160303649643, 16.081677289831447, 16.062873964687093, 16.09169473328231, 16.074778471606766, 16.058447919485893, 16.077514159379824, 16.07740418414985, 16.11258846621149, 16.086950705647645, 16.07585091019702, 16.06709144198367, 16.054521350968177, 16.074317067811364, 16.09680303915747, 16.158777845533294, 16.05848304720479, 16.079315461216865, 16.066377504260135, 16.150745937360245, 16.1002121341082, 16.082235918212522, 16.099645949031974, 16.08511831578686, 16.09357001159542, 16.09819007488013, 16.090900789807762, 16.067087056328038, 16.09703754749939, 16.091118170655356, 16.087766967256066, 16.108970202121288, 16.083609610687017], "MJD_before_r": [58426.54807869997, 58426.54952549981, 58426.55042820005, 58439.365659699775, 58439.368553199805, 58439.375682900194, 58442.37071759999, 58442.37214120012, 58442.385277799796, 58448.4305786998, 58448.43103010021, 58448.46094910009, 58449.430162000004, 58449.43579859985, 58455.53141199984, 58472.41293979995, 58472.413391199894, 58472.41476849979, 58476.45686340006, 58481.41785879992, 58481.43878469989, 58481.441122699995, 58492.471319399774, 58492.4736227002, 58492.47590279998, 58493.453518500086, 58493.456770800054, 58493.45723380009, 58508.47939810017, 58509.47211810015, 58513.435856500175, 58534.36767360009, 58534.3739120001, 58540.219826399814, 58540.220277800225, 58540.22074070014, 58543.2682523001, 58558.18237269996, 58558.183298599906, 58558.18374999985, 58559.24741900014, 58574.20659720013, 58582.195995400194, 58582.21329860017, 58582.21375000011, 58589.22740740003, 58592.250150499865, 58593.26666670013, 58593.284374999814, 58618.26456019981, 58618.27025459986, 58618.27231479995], "flux_err_before_r": [0.015313521578652928, 0.013656918365921658, 0.015256068822090109, 0.05357920829352036, 0.018796545679315112, 0.01910948806005051, 0.04614640008823863, 0.020962946430057805, 0.029075154404796934, 0.014057453766331359, 0.014324739065545017, 0.014569371722783565, 0.014577677251545563, 0.014993130085245672, 0.02658666868685602, 0.013637097617771987, 0.014726130719797639, 0.014381264855887534, 0.014708887549964071, 0.013692414737503622, 0.01470167574036461, 0.014233952416913139, 0.05013416858862969, 0.03850235663691259, 0.02997471700741048, 0.014594243483931396, 0.013966821972416242, 0.014975154449946867, 0.014721640430022725, 0.014731137657988237, 0.04328052304686237, 0.01428974451632221, 0.014753761237706334, 0.014629084196569702, 0.015679314161278057, 0.015067775562772012, 0.030657879174365188, 0.014647615307644139, 0.015714996866134895, 0.014584810054253692, 0.014960644082586289, 0.032667379922762044, 0.015675566692876917, 0.014415971944608775, 0.015610325315634388, 0.022168496505240318, 0.014972376736206541, 0.015563631619584519, 0.0157696913071148, 0.017255307802719423, 0.0177977050271552, 0.016367402709239226], "flux_before_g": [], "MJD_before_g": [], "flux_err_before_g": [], "flux_outl_after_i": [], "MJD_outl_after_i": [], "flux_outl_err_after_i": [], "flux_outl_after_r": [15.928650920545962, 16.168104758187923, 15.917065264855445, 16.074819999451954, 16.09169473328231, 16.074778471606766, 16.058447919485893, 16.06709144198367, 16.079315461216865, 16.099645949031974, 16.090900789807762], "MJD_outl_after_r": [58439.365659699775, 58442.37071759999, 58442.385277799796, 58455.53141199984, 58492.471319399774, 58492.4736227002, 58492.47590279998, 58513.435856500175, 58543.2682523001, 58574.20659720013, 58589.22740740003], "flux_outl_err_after_r": [0.025792879674724874, 0.022214746779705512, 0.01399669728187581, 0.012798747279638029, 0.024134447282515733, 0.01853492583333544, 0.014429744180254474, 0.0208351216593449, 0.0147586165195779, 0.015725984509148173, 0.010671851659263359], "flux_outl_after_g": [], "MJD_outl_after_g": [], "flux_outl_err_after_g": [], "mask_after_r": [13.0, 13.0, 13.0, 13.0, 13.0, 13.0, 13.0, 13.0, 13.0, 13.0, 13.0, 13.0, 13.0, 13.0, 13.0, 13.0, 13.0, 13.0, 60.0, 60.0, 60.0, 60.0, 60.0, 60.0, 60.0, 60.0, 60.0, 60.0, 60.0, 60.0, 60.0, 47.0, 47.0, 47.0, 47.0, 47.0, 47.0, 47.0, 47.0, 47.0, 47.0], "mask_after_g": [], "mask_after_i": [], "flux_after_r": [16.142555717527202, 16.16958522332626, 16.11683873386865, 16.12731317729376, 16.128378818729587, 16.150985866314805, 16.16083480731498, 16.1495151902637, 16.15752319441909, 16.159808614188638, 16.147005761468854, 16.16903951044018, 16.139937252306755, 16.156826157066988, 16.159257540950374, 16.142880151152863, 16.1354749135109, 16.157590591590825, 16.147680594241155, 16.14554176459995, 16.150820387912407, 16.159363938656924, 16.15345277591473, 16.115122288519363, 16.22131043294334, 16.151132455135148, 16.098612551461787, 16.157046377429324, 16.148066959277017, 16.1443968664898, 16.163737198544148, 16.152593739958007, 16.14727641049224, 16.1508214926639, 16.140617038139446, 16.150415108437777, 16.177445421778685, 16.132284139965737, 16.164249996325147, 16.159491529477922, 16.152064634018334], "MJD_after_r": [58426.54807869997, 58426.54952549981, 58426.55042820005, 58439.368553199805, 58439.375682900194, 58442.37214120012, 58448.4305786998, 58448.43103010021, 58448.46094910009, 58449.430162000004, 58449.43579859985, 58472.41293979995, 58472.413391199894, 58472.41476849979, 58476.45686340006, 58481.41785879992, 58481.43878469989, 58481.441122699995, 58493.453518500086, 58493.456770800054, 58493.45723380009, 58508.47939810017, 58509.47211810015, 58534.36767360009, 58534.3739120001, 58540.219826399814, 58540.220277800225, 58540.22074070014, 58558.18237269996, 58558.183298599906, 58558.18374999985, 58559.24741900014, 58582.195995400194, 58582.21329860017, 58582.21375000011, 58592.250150499865, 58593.26666670013, 58593.284374999814, 58618.26456019981, 58618.27025459986, 58618.27231479995], "flux_err_after_r": [0.01736833724314382, 0.02023903312652383, 0.021865704625137705, 0.021163292671751387, 0.019107754363567864, 0.025445029413522655, 0.021856957458400605, 0.0227862999407956, 0.02133734194850701, 0.018428035078623495, 0.022368356509314694, 0.01660759061757177, 0.019504892494214342, 0.01827820739294474, 0.01828432354914982, 0.01627410818821105, 0.015784921641512968, 0.01665977450886867, 0.013713108207956452, 0.015080496814204944, 0.015373655614939986, 0.02036834412978307, 0.021234467784692176, 0.021043248544157803, 0.030552420814621308, 0.014242987123643913, 0.018015953934630995, 0.016750897519713644, 0.019098212789282684, 0.020690263018111596, 0.018439695489943245, 0.0210700501984772, 0.015032578156831367, 0.014353665423052548, 0.016493233333869244, 0.019734301404648453, 0.019940546964621227, 0.024104007215753533, 0.019741624760405155, 0.01964124705031638, 0.021510522289126536], "flux_after_g": [], "MJD_after_g": [], "flux_err_after_g": [], "flux_after_i": [], "MJD_after_i": [], "flux_err_after_i": []}