{"name": "J093130.16+094640.6", "flux_err_before_i": [], "mask_before_i": [], "flux_before_i": [], "MJD_before_i": [], "mask_before_r": [31.0, 31.0, 31.0, 31.0, 31.0, 31.0, 31.0, 31.0, 31.0, 31.0, 31.0, 31.0, 31.0, 31.0, 31.0, 31.0, 31.0, 31.0, 31.0, 31.0, 31.0, 31.0, 31.0, 31.0, 31.0, 31.0], "mask_before_g": [], "flux_before_r": [17.932747446126, 17.901483146392298, 17.962264686541154, 17.918701060830664, 17.864146024025878, 17.93957351904239, 17.8282978564476, 17.91814009543362, 17.933434457284868, 17.93535315236358, 17.934083304441046, 18.031547194241714, 17.93127122987994, 17.837527355990424, 17.842288102874754, 17.884105743554336, 17.910088235497778, 17.970492203884632, 17.974700372252546, 17.98086853718601, 17.95794002739241, 17.940106956716384, 17.96371416172999, 17.95400850093909, 17.931830426474306, 17.979339079647673], "MJD_before_r": [58439.39127309993, 58442.39281249978, 58448.46461809985, 58472.435578700155, 58476.43912040023, 58481.434780099895, 58492.43983800011, 58493.43643519981, 58511.4151504999, 58556.208506899886, 58558.18743060017, 58574.20608799998, 58582.21877310006, 58771.50004629977, 58771.50049770018, 58783.5115278, 58783.511979199946, 58846.413912000135, 58846.41436340008, 58854.43267360004, 58854.433576399926, 58896.287118100096, 58899.30228010006, 58899.30273150001, 58939.19765050011, 58939.19945599977], "flux_err_before_r": [0.02787481940600657, 0.02017187844657966, 0.015173960826589917, 0.014534279522349378, 0.023860219755794106, 0.014836876836446435, 0.035098832460852374, 0.014688218421883057, 0.01485138192821351, 0.015246646983161999, 0.015157459123456299, 0.03210782818221513, 0.015573333207710224, 0.01594131069842663, 0.01607046062594274, 0.015815225234370307, 0.016175897195256396, 0.014728209919276074, 0.01483861042090312, 0.014838175341716699, 0.014655785324135865, 0.014559815329848364, 0.014937528559088848, 0.01471893828349074, 0.016472717651313747, 0.019295174732324685], "flux_before_g": [], "MJD_before_g": [], "flux_err_before_g": [], "flux_outl_after_i": [], "MJD_outl_after_i": [], "flux_outl_err_after_i": [], "flux_outl_after_r": [17.932747446126, 17.8282978564476, 18.031547194241714, 17.864146024025878], "MJD_outl_after_r": [58439.39127309993, 58492.43983800011, 58574.20608799998, 58476.43912040023], "flux_outl_err_after_r": [0.01493519959901206, 0.035098832460852374, 0.03210782818221513, 0.023860219755794106], "flux_outl_after_g": [], "MJD_outl_after_g": [], "flux_outl_err_after_g": [], "mask_after_r": [31.0, 31.0, 31.0, 31.0, 31.0, 31.0, 31.0, 31.0, 31.0, 31.0, 31.0, 31.0, 31.0, 31.0, 31.0, 31.0, 31.0, 31.0, 31.0, 31.0, 31.0, 31.0], "mask_after_g": [], "mask_after_i": [], "flux_after_r": [17.988407268585696, 18.043090496434633, 17.997203967457235, 18.013103295089792, 17.9952331105311, 17.99805621387552, 18.037736191556462, 18.006228636599403, 17.94039042473093, 17.930729303802426, 17.972255625290078, 17.997850815790613, 18.040504482244632, 18.03396752521693, 18.041296045174867, 18.037945544832784, 18.009879869199672, 18.027260029636633, 18.024416253403388, 18.009087430178425, 18.062849059283298], "MJD_after_r": [58442.39281249978, 58448.46461809985, 58472.435578700155, 58481.434780099895, 58511.4151504999, 58556.208506899886, 58558.18743060017, 58582.21877310006, 58771.50004629977, 58771.50049770018, 58783.5115278, 58783.511979199946, 58846.413912000135, 58846.41436340008, 58854.43267360004, 58854.433576399926, 58896.287118100096, 58899.30228010006, 58899.30273150001, 58939.19765050011, 58939.19945599977], "flux_err_after_r": [0.027453664614348252, 0.026581712251598555, 0.022563346360271026, 0.0217413521937256, 0.02019502580586427, 0.022862045564344114, 0.023614022572387483, 0.021750939575516288, 0.02434963961954568, 0.024632961251549294, 0.026106704563421318, 0.02627081323819576, 0.020617510763817692, 0.020742209449136323, 0.02442273723584913, 0.0236492607310005, 0.022256167879323437, 0.019851326248011874, 0.018913320656427493, 0.0288136059010695, 0.02819089318172695], "flux_after_g": [], "MJD_after_g": [], "flux_err_after_g": [], "flux_after_i": [], "MJD_after_i": [], "flux_err_after_i": []}