{"name": "J093940.61+402507.0", "flux_err_before_i": [], "mask_before_i": [], "flux_before_i": [], "MJD_before_i": [], "mask_before_r": [10.0, 56.0, 10.0, 56.0, 10.0, 56.0, 56.0, 10.0, 10.0, 56.0, 56.0, 56.0, 10.0, 10.0, 56.0, 56.0, 56.0, 10.0, 56.0, 56.0, 10.0, 56.0, 10.0, 56.0, 10.0, 56.0, 56.0, 10.0, 10.0, 56.0, 10.0, 10.0, 56.0, 56.0, 10.0, 56.0, 10.0, 10.0, 56.0], "mask_before_g": [10.0, 10.0, 10.0, 10.0, 10.0, 10.0, 10.0, 10.0, 10.0, 10.0, 10.0, 10.0, 10.0], "flux_before_r": [17.76146315965636, 17.761260920792388, 17.71517873132553, 17.7578937073185, 17.27317581855148, 17.77388189630606, 17.79460430977648, 17.70639429334799, 17.695792606179186, 17.770174035167635, 17.80962845996128, 17.7611592086281, 17.74608441542982, 17.726534001407117, 17.72900168757539, 17.754367415903918, 17.79203799911516, 17.718221646723244, 17.756175103543455, 17.80357758614873, 17.7552078367008, 17.7946494549498, 17.756730608090994, 17.710053624618638, 17.74412710047052, 17.774860228933356, 17.741264416888914, 17.628131343125, 16.771324624927697, 17.777979627383843, 17.726358891570356, 17.70726735526069, 17.778469847839474, 17.730680701744404, 17.76847565831534, 17.761508068679298, 17.73426175160256, 17.730888252451486, 17.76182728067381], "MJD_before_r": [58426.546701400075, 58426.54807869997, 58439.36810189998, 58439.368553199805, 58442.37168980017, 58442.37214120012, 58448.43103010021, 58448.43149309978, 58449.42877310002, 58449.430162000004, 58455.53141199984, 58472.41476849979, 58472.416631899774, 58476.456400500145, 58476.45686340006, 58481.441122699995, 58492.471319399774, 58493.45167820016, 58493.453518500086, 58508.47939810017, 58509.471192100085, 58509.47211810015, 58534.369062500075, 58534.3739120001, 58540.21839120006, 58540.219826399814, 58558.18237269996, 58558.19497689977, 58574.232233799994, 58582.195995400194, 58582.19693290023, 58589.225544000044, 58589.22740740003, 58592.250150499865, 58592.28717589984, 58593.26666670013, 58593.284861099906, 58618.21377310017, 58618.26456019981], "flux_err_before_r": [0.017546678272677065, 0.017507898396077314, 0.019223884204102974, 0.020404555209664846, 0.04027921778039504, 0.024674161773025095, 0.017498925137610585, 0.015407329363939782, 0.015257616396130486, 0.016670908327547876, 0.028097069987641526, 0.01655134657887511, 0.015532573431553214, 0.015434879732699677, 0.016221474355519856, 0.01656977516952848, 0.046810669106408145, 0.01543612575315178, 0.016566840487636986, 0.017378035646979186, 0.01635809718180681, 0.017671337900048496, 0.016697901410503254, 0.016493434463099796, 0.015606319346065621, 0.01656661352310938, 0.01679869001010591, 0.014906723176671972, 0.27768914462050165, 0.01781728390615573, 0.016387518912548325, 0.018977394746078687, 0.024601273455386406, 0.016829915287382743, 0.017566284515741697, 0.017597577104307836, 0.016795554631935505, 0.017112952711657768, 0.019363352941916375], "flux_before_g": [18.511475287385032, 18.59221164484682, 18.531813781930964, 18.610071112510653, 18.520245633934238, 18.58772008998719, 18.51470458847757, 18.56771798415025, 18.554521255556278, 18.580524541699795, 18.637345224152426, 18.563291617261772, 18.55017388635123], "MJD_before_g": [58208.290983799845, 58425.54719909979, 58427.54596060002, 58430.409942099825, 58434.54826389998, 58439.477916699834, 58507.512569400016, 58540.43368060002, 58560.19988430012, 58561.240891200025, 58582.144270800054, 58585.19164349977, 58588.2514698999], "flux_err_before_g": [0.07997797203895975, 0.01558236744453465, 0.014819525417976424, 0.01729088523303132, 0.014653016436901015, 0.022096160671136462, 0.015467873747262632, 0.016315334299436053, 0.01475017882070938, 0.07148649259657874, 0.03254819227373284, 0.01619367541687288, 0.017066259215357364], "flux_outl_after_i": [], "MJD_outl_after_i": [], "flux_outl_err_after_i": [], "flux_outl_after_r": [17.27317581855148, 16.771324624927697, 17.80962845996128, 17.79203799911516, 17.710053624618638, 17.628131343125], "MJD_outl_after_r": [58442.37168980017, 58574.232233799994, 58455.53141199984, 58492.471319399774, 58534.3739120001, 58558.19497689977], "flux_outl_err_after_r": [0.04027921778039504, 0.27768914462050165, 0.018501468967036548, 0.03082407319266263, 0.010860661485810203, 0.009815837607790059], "flux_outl_after_g": [], "MJD_outl_after_g": [], "flux_outl_err_after_g": [], "mask_after_r": [56.0, 56.0, 56.0, 56.0, 56.0, 56.0, 56.0, 56.0, 56.0, 56.0, 56.0, 56.0, 56.0, 56.0, 56.0, 56.0, 56.0, 56.0, 10.0, 10.0, 10.0, 10.0, 10.0, 10.0, 10.0, 10.0, 10.0, 10.0, 10.0, 10.0, 10.0, 10.0, 10.0], "mask_after_g": [], "mask_after_i": [], "flux_after_r": [17.80424862489433, 17.821280318735052, 17.805839305144133, 17.782858484863834, 17.806861835760213, 17.838999377241258, 17.775727246213982, 17.757783059996168, 17.79257738882511, 17.830533354693685, 17.802610136898224, 17.789851627144845, 17.81800637533774, 17.80012852104286, 17.798830082301485, 17.784413280250412, 17.8608725800632, 17.8329027063519, 17.849807825421873, 17.855315085551315, 17.792750781292533, 17.800924994911774, 17.834602331885865, 17.79406859061769, 17.77617598942264, 17.78457591664739, 17.822790105118948, 17.798917864945963, 17.790390592823748, 17.804254954209817, 17.81852498684696], "MJD_after_r": [58426.546701400075, 58426.54807869997, 58439.36810189998, 58439.368553199805, 58442.37214120012, 58448.43103010021, 58448.43149309978, 58449.42877310002, 58449.430162000004, 58472.41476849979, 58472.416631899774, 58476.456400500145, 58476.45686340006, 58481.441122699995, 58493.45167820016, 58493.453518500086, 58508.47939810017, 58509.471192100085, 58509.47211810015, 58534.369062500075, 58540.21839120006, 58558.18237269996, 58582.195995400194, 58582.19693290023, 58589.225544000044, 58592.250150499865, 58592.28717589984, 58593.26666670013, 58593.284861099906, 58618.21377310017, 58618.26456019981], "flux_err_after_r": [0.025018018095321764, 0.025455393743081058, 0.02714867746683239, 0.02845472545213859, 0.034178777072893164, 0.027426293487146203, 0.025773947202172038, 0.02624357788343268, 0.026459903800245377, 0.02541096525396035, 0.024799387004283593, 0.02654776346926704, 0.02758508413692757, 0.025361592668091987, 0.021718124176523204, 0.024146582966271583, 0.027048945368438132, 0.0271173208115762, 0.026328706696974236, 0.029915397533822528, 0.021501407609364726, 0.02777401600390152, 0.02586947013711747, 0.023083239071353356, 0.02861435223572853, 0.02760373708135756, 0.030493522435474426, 0.02725310789082842, 0.030490322299513758, 0.027095038743281005, 0.029090575730823947], "flux_after_g": [], "MJD_after_g": [], "flux_err_after_g": [], "flux_after_i": [], "MJD_after_i": [], "flux_err_after_i": []}