{"name": "J093148.20+391728.5", "flux_err_before_i": [], "mask_before_i": [], "flux_before_i": [], "MJD_before_i": [], "mask_before_r": [62.0, 62.0, 62.0, 62.0, 62.0, 62.0, 62.0, 62.0, 62.0, 62.0, 62.0, 62.0, 62.0, 62.0, 62.0, 62.0, 62.0, 62.0, 62.0, 62.0, 62.0], "mask_before_g": [], "flux_before_r": [17.247887213182253, 17.245306000460626, 17.26607466046007, 17.239650889517115, 17.27163905463107, 17.270302015727793, 17.261290078922865, 17.27191495684214, 17.241381357397145, 17.247083700024586, 17.242449472721788, 17.244956713889316, 17.289360387332174, 17.191899935629785, 17.24421476002215, 17.23456350748887, 17.24229524424447, 17.352721880750853, 17.227577300544137, 17.23662735979176, 17.24818795424443], "MJD_before_r": [58426.54807869997, 58439.368553199805, 58442.37214120012, 58448.43103010021, 58449.430162000004, 58455.53141199984, 58472.41476849979, 58476.45686340006, 58481.441122699995, 58492.471319399774, 58493.453518500086, 58508.47939810017, 58509.47211810015, 58534.3739120001, 58540.219826399814, 58558.18237269996, 58582.195995400194, 58589.22740740003, 58592.250150499865, 58593.26666670013, 58618.26456019981], "flux_err_before_r": [0.014836543818506878, 0.01660275879381093, 0.020288396439268858, 0.013681011693762159, 0.013760476727291356, 0.02332054333242536, 0.01369537378526636, 0.013272228224004775, 0.01350238233189651, 0.03682742369205057, 0.01345853063433324, 0.013808946399087273, 0.01457209564939147, 0.013715695427548361, 0.01318207451618615, 0.013688733273428958, 0.014490919904888731, 0.021245483083462437, 0.013750825742944513, 0.01416409406282816, 0.01589033452065492], "flux_before_g": [], "MJD_before_g": [], "flux_err_before_g": [], "flux_outl_after_i": [], "MJD_outl_after_i": [], "flux_outl_err_after_i": [], "flux_outl_after_r": [17.191899935629785, 17.247083700024586], "MJD_outl_after_r": [58534.3739120001, 58492.471319399774], "flux_outl_err_after_r": [0.005284970497763046, 0.014190446904367937], "flux_outl_after_g": [], "MJD_outl_after_g": [], "flux_outl_err_after_g": [], "mask_after_r": [62.0, 62.0, 62.0, 62.0, 62.0, 62.0, 62.0, 62.0, 62.0, 62.0, 62.0, 62.0, 62.0, 62.0, 62.0, 62.0, 62.0, 62.0, 62.0], "mask_after_g": [], "mask_after_i": [], "flux_after_r": [17.295792008933397, 17.28767125532711, 17.32608795871053, 17.283888401122983, 17.31554256701123, 17.30834928253885, 17.3008249753696, 17.31322797529254, 17.286942868789048, 17.292285281670125, 17.29487190662064, 17.323903069079535, 17.276026440689428, 17.2851794489302, 17.27074350745332, 17.294291403004515, 17.277097482523402, 17.27482269792495], "MJD_after_r": [58426.54807869997, 58439.368553199805, 58442.37214120012, 58448.43103010021, 58449.430162000004, 58455.53141199984, 58472.41476849979, 58476.45686340006, 58481.441122699995, 58493.453518500086, 58508.47939810017, 58509.47211810015, 58540.219826399814, 58558.18237269996, 58582.195995400194, 58592.250150499865, 58593.26666670013, 58618.26456019981], "flux_err_after_r": [0.018979211384197246, 0.018574169845277846, 0.02446378367341084, 0.020017034480074414, 0.01843397229756071, 0.026314101458836277, 0.01899351138243235, 0.018797457285687443, 0.0172885515292552, 0.014359862222856819, 0.022484411193810994, 0.021342021032010376, 0.0170727780908708, 0.021225684912095925, 0.016316340347412042, 0.019877477123557676, 0.020001321436189084, 0.02094904658895735], "flux_after_g": [], "MJD_after_g": [], "flux_err_after_g": [], "flux_after_i": [], "MJD_after_i": [], "flux_err_after_i": []}