{"name": "J094818.70+260907.8", "flux_err_before_i": [], "mask_before_i": [], "flux_before_i": [], "MJD_before_i": [], "mask_before_r": [5.0, 5.0, 56.0, 5.0, 56.0, 56.0, 5.0, 5.0, 56.0, 56.0, 5.0, 56.0, 5.0, 56.0, 56.0, 5.0, 56.0, 56.0, 5.0, 56.0, 5.0, 56.0, 5.0, 56.0, 5.0, 56.0, 56.0, 5.0, 56.0, 5.0, 56.0, 5.0, 56.0, 56.0, 5.0, 5.0, 56.0, 5.0, 5.0, 5.0, 5.0, 5.0, 56.0, 56.0, 5.0, 5.0, 56.0, 56.0, 56.0, 56.0, 56.0, 56.0, 5.0, 5.0, 5.0, 5.0, 56.0, 56.0, 5.0, 5.0, 56.0, 56.0, 5.0, 5.0, 5.0, 5.0, 56.0, 56.0, 5.0, 5.0, 56.0, 56.0, 56.0, 5.0, 5.0, 56.0, 56.0, 5.0, 5.0, 5.0], "mask_before_g": [], "flux_before_r": [16.568467672863758, 16.553413338145674, 16.53245924245038, 16.503703285135664, 16.529169503172483, 16.586002791152936, 16.55624610736421, 16.55671516303923, 16.558735828976374, 16.548296880179976, 16.555571553556334, 16.56261225242345, 16.37783727112592, 16.54173906159131, 16.56505913249794, 16.53277803520162, 16.545970879388275, 16.564933493105265, 16.555976936014147, 16.574417650511542, 16.54618577671587, 16.541508613842495, 16.400436265166594, 16.501468095261338, 16.566158764074736, 16.58129783431516, 16.572730170404647, 16.575744441569483, 16.569618753743026, 16.572894500502443, 16.565402108668522, 16.571942160043996, 16.56858086394252, 16.55299033072885, 16.56157209421664, 16.56202262301597, 16.585819357923935, 16.554631282627714, 16.557605200627236, 16.537389738760027, 16.589482809936655, 16.578147332858236, 16.579946021066224, 16.573556775087177, 16.546578470136733, 16.570827183790154, 16.567274099153227, 16.55035959580693, 16.587312354432438, 16.72894528102861, 16.55650476847823, 16.570338234477685, 16.571429868310503, 16.553203527018994, 16.537266730709035, 16.55816298624696, 16.548524081007173, 16.54964556862062, 16.532383772508286, 16.57313405730615, 16.546367081725183, 16.57094734788143, 16.534896801956386, 16.565423066439365, 16.557498046791466, 16.5610558258824, 16.569650378026346, 16.560111300217322, 16.55507152046566, 16.559028819821073, 16.565825590887385, 16.579114857981892, 16.576032161872625, 16.56968692038717, 16.5650571728207, 16.57348683017654, 16.55086632176374, 16.55562115697384, 16.54599405850333, 16.564848970763645], "MJD_before_r": [58426.55042820005, 58439.375682900194, 58439.38829859998, 58442.385277799796, 58442.39373840019, 58448.453252300154, 58448.46094910009, 58449.43579859985, 58449.437650499865, 58468.49770830013, 58472.413391199894, 58472.43740739999, 58473.36761569977, 58476.46856479999, 58481.41877309978, 58481.43878469989, 58486.45820599981, 58492.4412153, 58492.4736227002, 58493.43780090008, 58493.45723380009, 58511.40921299998, 58513.435856500175, 58513.43723380007, 58540.220277800225, 58540.22534719994, 58558.180092600174, 58558.183298599906, 58559.24696760019, 58574.20659720013, 58574.207048600074, 58582.21375000011, 58582.21515050018, 58593.26899310015, 58593.284374999814, 58618.27025459986, 58618.27278940007, 58757.48929399997, 58770.478773099836, 58770.47922449978, 58771.480463000014, 58771.48091439996, 58771.501851900015, 58771.50230319984, 58783.51336809993, 58783.51381940022, 58828.43651620019, 58828.43696760014, 58829.43277780013, 58829.43368060002, 58830.430763899814, 58830.431215300225, 58830.432118100114, 58830.43256939994, 58837.45081020007, 58837.451261600014, 58846.419375000056, 58846.4198264, 58846.42162040016, 58846.4220718001, 58854.4358333, 58854.43628469994, 58854.43673609989, 58854.43718749983, 58899.263148100115, 58899.264050900005, 58899.265856499784, 58899.266307900194, 58900.240891200025, 58900.24134259997, 58900.2426967998, 58900.2431481001, 58913.227592600044, 58939.16032409994, 58939.160763899796, 58939.16258100001, 58939.16440969985, 58967.14552079979, 58967.145972200204, 58973.16589119984], "flux_err_before_r": [0.014911775813444375, 0.018320934915570825, 0.018720868540187473, 0.020130919431418537, 0.025906580809615068, 0.015390878619022877, 0.01442914971403718, 0.014530091924298574, 0.014888009191157561, 0.01476457834708159, 0.014099733953343336, 0.014770227941589574, 0.20463429157750507, 0.01439719613948958, 0.01490204771531742, 0.013884604412055595, 0.014587156702939065, 0.029864530657475102, 0.04443171442165684, 0.014923454192232503, 0.013815818121798404, 0.014843822147845048, 0.08217066519238701, 0.04295062963435039, 0.01514278660648871, 0.01505294345930648, 0.01530362674810686, 0.014943078339990212, 0.015248593888799162, 0.03554840315348686, 0.03500282849856107, 0.015063266532708657, 0.015676699810687752, 0.015720213099498895, 0.015247938594375118, 0.018169850159748792, 0.01813301579358452, 0.01737780060214486, 0.017156329432930655, 0.017110322375140603, 0.017523280812016487, 0.017414909816185733, 0.017634400707699546, 0.01744395696904796, 0.015535802253190427, 0.015939444069942892, 0.014185738059288648, 0.014072334020351993, 0.12764024231271306, 0.13507879755564747, 0.014209676932586448, 0.014153947827687995, 0.013624301442161755, 0.013625225775794683, 0.013388409550576698, 0.013922829063207331, 0.014003349527173246, 0.013968845826639716, 0.013281765423182637, 0.013675900096062251, 0.013915189638118473, 0.014344361969542956, 0.013460494577853236, 0.013617943350608869, 0.013829978831298089, 0.01378239292038872, 0.01441061275411354, 0.014372979850234478, 0.013768635560725773, 0.013852042794016776, 0.014666028783326353, 0.014717303291745663, 0.015209507851263192, 0.014359425501488509, 0.014454569638239843, 0.0150389331456342, 0.014750570762686523, 0.01402396306989748, 0.014024904737566792, 0.014107234480858528], "flux_before_g": [], "MJD_before_g": [], "flux_err_before_g": [], "flux_outl_after_i": [], "MJD_outl_after_i": [], "flux_outl_err_after_i": [], "flux_outl_after_r": [16.37783727112592, 16.587312354432438, 16.72894528102861, 16.503703285135664, 16.529169503172483, 16.564933493105265, 16.555976936014147, 16.400436265166594, 16.501468095261338, 16.572894500502443, 16.565402108668522], "MJD_outl_after_r": [58473.36761569977, 58829.43277780013, 58829.43368060002, 58442.385277799796, 58442.39373840019, 58492.4412153, 58492.4736227002, 58513.435856500175, 58513.43723380007, 58574.20659720013, 58574.207048600074], "flux_outl_err_after_r": [0.20463429157750507, 0.12764024231271306, 0.13507879755564747, 0.011556194385786681, 0.014871724300866, 0.017143793292393548, 0.02550611413947955, 0.04717023397801694, 0.02465589446808033, 0.020406631616877863, 0.020093443399828964], "flux_outl_after_g": [], "MJD_outl_after_g": [], "flux_outl_err_after_g": [], "mask_after_r": [5.0, 5.0, 5.0, 5.0, 5.0, 5.0, 5.0, 5.0, 5.0, 5.0, 5.0, 5.0, 5.0, 5.0, 5.0, 5.0, 5.0, 5.0, 5.0, 5.0, 5.0, 5.0, 5.0, 5.0, 5.0, 5.0, 5.0, 5.0, 5.0, 5.0, 5.0, 5.0, 5.0, 5.0, 5.0, 5.0, 56.0, 56.0, 56.0, 56.0, 56.0, 56.0, 56.0, 56.0, 56.0, 56.0, 56.0, 56.0, 56.0, 56.0, 56.0, 56.0, 56.0, 56.0, 56.0, 56.0, 56.0, 56.0, 56.0, 56.0, 56.0, 56.0, 56.0, 56.0, 56.0, 56.0, 56.0, 56.0, 56.0], "mask_after_g": [], "mask_after_i": [],