{"name": "J094733.06+001302.9", "flux_err_before_i": [], "mask_before_i": [], "flux_before_i": [], "MJD_before_i": [], "mask_before_r": [61.0, 61.0, 61.0, 61.0, 61.0, 61.0, 61.0, 61.0, 61.0, 61.0, 61.0, 61.0, 61.0, 61.0, 61.0, 61.0, 61.0, 28.0, 61.0, 61.0, 28.0, 61.0, 61.0, 61.0, 61.0, 61.0, 61.0, 61.0, 28.0, 61.0, 61.0, 61.0, 61.0, 28.0, 61.0, 61.0, 28.0, 61.0, 61.0, 28.0, 61.0, 61.0, 61.0, 28.0, 61.0, 61.0, 28.0, 28.0, 61.0, 61.0, 61.0, 28.0, 61.0, 61.0, 61.0, 61.0, 61.0, 61.0, 61.0, 61.0, 61.0, 61.0, 61.0, 61.0, 61.0, 61.0, 61.0, 61.0, 61.0, 61.0, 61.0, 61.0, 61.0, 61.0, 61.0, 61.0, 61.0, 61.0, 61.0, 61.0, 61.0, 61.0, 61.0, 61.0, 61.0, 61.0, 61.0, 61.0, 61.0, 61.0, 61.0, 61.0, 61.0, 61.0, 61.0, 61.0, 61.0, 61.0, 61.0, 61.0, 61.0], "mask_before_g": [61.0, 61.0, 61.0, 61.0, 61.0, 61.0, 61.0, 61.0, 61.0, 61.0, 61.0, 61.0, 61.0, 61.0, 61.0, 61.0, 61.0, 61.0, 61.0, 61.0, 61.0, 61.0, 61.0, 61.0, 61.0, 61.0, 61.0, 61.0, 61.0, 61.0, 61.0, 61.0, 61.0, 61.0, 61.0, 61.0, 61.0, 61.0, 61.0, 61.0, 61.0, 61.0, 61.0, 61.0, 61.0, 61.0, 61.0, 61.0, 61.0, 61.0, 61.0, 61.0, 61.0, 61.0, 61.0, 61.0, 61.0, 61.0, 61.0, 61.0, 61.0, 61.0, 61.0, 61.0, 61.0, 61.0, 61.0, 61.0, 61.0, 61.0, 61.0, 61.0, 61.0, 61.0, 61.0, 61.0, 61.0, 61.0, 61.0, 61.0, 61.0, 61.0, 61.0, 61.0, 61.0, 61.0, 61.0, 61.0], "flux_before_r": [17.89821235734579, 17.938649294776944, 17.94622794991835, 18.00860479582123, 17.93733407327199, 17.9343786827369, 17.96009596157907, 17.965983363723133, 18.04469019044485, 17.919677531434893, 17.963956251082774, 17.97007613858051, 17.95397847887078, 17.97199386237149, 17.940553960817205, 17.94967982204389, 17.924420791581916, 17.89143611387904, 17.951313503572617, 17.900683383772492, 17.90577262422066, 17.965510297906675, 17.949274665166996, 17.95313911108523, 17.957975221557078, 17.890063602220067, 17.93511097998591, 17.971454424635006, 18.232353756523683, 17.922544828891347, 17.86812331259233, 18.29895560486257, 17.969999358702616, 17.88976379520137, 17.89385649428264, 17.92187459111218, 17.837164449580214, 17.910283855202223, 17.962460829084666, 17.880005035130665, 17.975040370232843, 18.016412078942345, 17.87543374389564, 17.906463000476094, 17.919896343741375, 17.947643538737466, 17.869066942774406, 17.85931348248063, 17.99565512987931, 17.927277577590395, 17.906336016531636, 17.86681676811873, 17.947464614911695, 17.905490860418148, 17.995456166453458, 17.945009176193167, 17.93571645246054, 17.97339726281927, 17.957997295013136, 17.906127899162506, 17.95403157915453, 17.941749863857904, 17.984059309221372, 17.963196104872566, 17.969112223155868, 17.94056076007558, 17.874675535402822, 17.95408669782953, 17.91464152116851, 17.96579878242973, 17.920906051490075, 17.909331830904954, 17.837213580223644, 17.947126709525648, 17.925085153924016, 17.887310398895163, 17.969401516007444, 17.952055092871174, 18.070462301455304, 17.94228547197939, 17.95983616603221, 17.93956877568924, 17.997286551035096, 17.958393950962705, 17.94755920602954, 17.978010622596226, 17.926074380595153, 17.92494846237991, 17.945361435593647, 17.9387276002393, 17.95281234904087, 17.927253228475458, 17.976574517094985, 17.898579203754615, 18.055273377700203, 17.94746426338047, 17.95860845180007, 17.924047693564045, 17.98445348252841, 17.988589269446972, 17.943212150700646], "MJD_before_r": [58199.2352661998, 58199.2567592999, 58214.19502309989, 58217.19929399993, 58217.21574069979, 58223.17990740016, 58244.15314809978, 58247.2161226999, 58423.50466440013, 58423.505659699906, 58426.521539399866, 58426.53969909996, 58429.5462962999, 58432.52142360015, 58432.539293999784, 58434.48182869982, 58438.553310200106, 58439.557708300184, 58439.55815970013, 58440.54365740018, 58442.4166898001, 58443.456446799915, 58443.45782409981, 58447.44025459979, 58447.455324099865, 58447.52152779978, 58448.48344910005, 58448.53932869993, 58449.467997699976, 58449.52287039999, 58455.518391199876, 58467.522141200025, 58474.47460650001, 58476.49800929986, 58476.49846060015, 58480.45570599986, 58481.48248839984, 58481.48293979978, 58487.42035879986, 58493.488622699864, 58510.2859259001, 58513.4125926001, 58538.249328699894, 58540.262905099895, 58541.27311340021, 58546.31427079998, 58558.18651620019, 58559.20484950021, 58559.24504629988, 58573.232731500175, 58580.21011570003, 58582.26759260008, 58584.152326399926, 58587.15674770018, 58592.245312499814, 58598.186134300195, 58601.25803240016, 58894.271851900034, 58912.2291203998, 59150.54027780006, 59151.52165509993, 59152.49543979997, 59153.49515049998, 59156.52483800007, 59158.52607640019, 59165.479027799796, 59168.4248147998, 59170.54401620012, 59173.50857640011, 59176.5405323999, 59181.48579860013, 59187.479838000145, 59189.46377310017, 59194.4839931, 59198.44089120021, 59200.505324100144, 59203.4776157001, 59210.42134260014, 59216.402905100025, 59218.44145830022, 59220.435555600096, 59222.44041670021, 59224.37077549985, 59226.41964119999, 59228.44127310021, 59230.42141199997, 59232.39936339995, 59248.38653940009, 59250.33832179988, 59252.31682869978, 59254.38041670015, 59256.37986110011, 59264.2931597, 59266.3174883998, 59273.27461809991, 59275.319236100186, 59278.281944400165, 59281.251643499825, 59291.235069400165, 59293.21254630014, 59296.24986110022], "flux_err_before_r": [0.03648240079471852, 0.13084017165089853, 0.34730510278072707, 0.023097255875820018, 0.01779803664227182, 0.016598541947791808, 0.01670462966234304, 0.017196173281120924, 0.018723823707868747, 0.016681284134481212, 0.016555449150098697, 0.01626555635442816, 0.016357233707197657, 0.01654230455404602, 0.016183037912723377, 0.01668285580454969, 0.01584917949405368, 0.016024072926719465, 0.018956749388482807, 0.015775815581762238, 0.00406558056171705, 0.01716969523413476, 0.016727395803948397, 0.016526242139776205, 0.016438741108371544, 0.015167147424779223, 0.016221195527525722, 0.016388538929863403, 0.26085763848631127, 0.015548782865599596, 0.03121819523249703, 0.306530844405521, 0.016161371397903797, 0.013423444926506918, 0.015202011787944654, 0.015777140885829804, 0.012877283205293188, 0.015845721160918435, 0.016385616981278665, 0.013495857416648157, 0.026098444002605223, 0.021741189368848675, 0.04995482268748725, 0.01390668659671911, 0.07490751978054974, 0.016482226681650808, 0.013497870102045926, 0.013219160032699602, 0.017082070864611335, 0.01680155578628357, 0.017579757251256854, 0.014696204089723003, 0.017241867892942374, 0.08737336953190926, 0.01726716081758356, 0.01753566086400048, 0.01756972840735113, 0.016359023352864967, 0.016087086064095386, 0.01467201042503246, 0.015177879442204667, 0.015534540539695899, 0.01579727545441821, 0.015363031081550889, 0.0215081648512401, 0.015355457887051461, 0.015069841390474216, 0.014942840003227818, 0.019857980308738782, 0.015448203443900087, 0.014690645802305804, 0.014437473483950039, 0.017487345853986345, 0.014981977863748839, 0.014849523870184532, 0.02476752595618169, 0.015232075147779162, 0.016538667055823682, 0.0635570466669157, 0.014957969937218402, 0.028257447777605506, 0.01503508810943012, 0.015783128328202865, 0.015520869509438281, 0.015272219230185558, 0.0154668800078348, 0.01474579593547166, 0.014560552419776945, 0.015008698778225086, 0.01500684881622444, 0.015329338235793704, 0.015001675209638764, 0.015309051149300222, 0.014183719982065322, 0.06834774914043945, 0.015044722188596786, 0.015244804101142801, 0.014767179185924411, 0.01596540207158547, 0.015645670331360346, 0.015738499606103528],