{"name": "J094604.43+185641.2", "flux_err_before_i": [], "mask_before_i": [], "flux_before_i": [], "MJD_before_i": [], "mask_before_r": [47.0, 9.0, 60.0, 9.0, 60.0, 9.0, 60.0, 47.0, 9.0, 60.0, 60.0, 9.0, 47.0, 60.0, 9.0, 9.0, 60.0, 9.0, 9.0, 47.0, 60.0, 9.0, 60.0, 47.0, 9.0, 60.0, 47.0, 9.0, 60.0, 60.0, 9.0, 47.0, 60.0, 9.0, 47.0, 47.0, 60.0, 9.0, 47.0, 47.0, 9.0, 60.0, 60.0, 9.0, 47.0, 9.0, 60.0, 9.0, 47.0, 60.0, 9.0, 60.0, 9.0, 47.0, 47.0, 47.0, 9.0, 9.0, 60.0, 60.0, 47.0, 47.0, 9.0, 9.0, 60.0, 9.0, 60.0, 60.0, 47.0, 47.0, 9.0, 9.0, 60.0, 60.0, 9.0, 9.0, 47.0, 47.0, 60.0, 60.0, 9.0, 9.0, 60.0, 60.0, 47.0, 47.0, 47.0, 9.0, 9.0, 60.0, 47.0, 47.0, 60.0, 9.0, 9.0, 47.0, 47.0, 47.0, 47.0, 60.0, 60.0, 9.0, 9.0, 9.0, 60.0, 47.0, 47.0, 60.0], "mask_before_g": [], "flux_before_r": [16.33776361117824, 16.403808130498945, 16.325453492964634, 16.39723548905131, 16.336730985250234, 16.385826148355164, 16.33864702842305, 16.369443700571534, 16.40165228542206, 16.349074045737403, 16.374981714511314, 16.42308210073119, 16.37432627827522, 16.37909177242794, 16.42057676181973, 16.46941120209751, 16.339884987793663, 16.416955085031468, 16.388496932014984, 16.36360863861472, 16.350554276382496, 16.41288855505752, 16.33466429061327, 16.339583822153443, 16.397758015932645, 16.36788161804148, 16.35688069481438, 16.398626882629426, 16.347515107360394, 16.38626395282066, 16.40591063149447, 16.376559339672028, 16.26535338708899, 16.45753252526281, 16.378102841425765, 16.344448872326478, 16.43109061243537, 16.413127991933848, 16.417268807162202, 16.381595525467716, 16.39469169623041, 16.370512007367246, 16.37839488906033, 16.4198168465878, 16.330479633510464, 16.453019060902314, 16.385246631143232, 16.43358624205037, 16.39473939616297, 16.38226647387757, 16.40093300244782, 16.353843558918758, 16.422357835679243, 16.367032555795852, 16.371011471076727, 16.34605519731481, 16.425316855980206, 16.420404807903623, 16.368517328084423, 16.366179630955017, 16.37163559821237, 16.394737358543374, 16.42200710723285, 16.401900950548775, 16.416701601189963, 16.08905085727333, 16.379989137201044, 16.364333793470415, 16.380757269890474, 16.373284508321035, 16.411972042068435, 16.40797094451554, 16.33996111428452, 16.377115938404536, 16.413771091459093, 16.39512164807201, 16.372403164218063, 16.369934200707945, 16.378985576388956, 16.38118211013073, 16.41955198371273, 16.404950699461736, 16.352057000902853, 16.36857368272002, 16.38322879309878, 16.390365805682613, 16.39056445165439, 16.420679936608973, 16.416572639747393, 16.36582663583145, 16.3733610510926, 16.366257241372836, 16.373278088713825, 16.416335006859512, 16.414714254242543, 16.372567166946194, 16.36783396702432, 16.399372058149904, 16.382752201984687, 16.377228501221317, 16.374608298766084, 16.422394227288724, 16.427096935342938, 16.420290358798717, 16.368052760922176, 16.36515560573357, 16.38180719925089, 16.368041099655056], "MJD_before_r": [58439.38738430012, 58439.38829859998, 58439.396851900034, 58442.39373840019, 58442.404074099846, 58448.453252300154, 58448.462789400015, 58448.463703699876, 58449.437650499865, 58449.45604170021, 58468.497256900184, 58468.49770830013, 58472.43649310013, 58472.43695600005, 58472.43740739999, 58473.37268520007, 58476.46810190007, 58476.46856479999, 58481.41877309978, 58481.43569440022, 58481.43706020014, 58486.45820599981, 58486.45865740022, 58492.44030090002, 58492.4412153, 58492.441666699946, 58493.43688660022, 58493.43780090008, 58493.43826390011, 58511.40828699991, 58511.40921299998, 58511.41012729984, 58513.43402779987, 58513.43723380007, 58513.43768520001, 58540.22443290008, 58540.2248958, 58540.22534719994, 58543.26733799977, 58558.17962960014, 58558.180092600174, 58558.18516199989, 58559.205324099865, 58559.24696760019, 58574.20563660003, 58574.207048600074, 58574.20750000002, 58582.21515050018, 58582.21560190013, 58582.216053199954, 58593.26899310015, 58593.28388890019, 58618.27278940007, 58757.50046300003, 58771.500949100126, 58771.50140050007, 58771.501851900015, 58771.50230319984, 58771.51159719983, 58771.512048599776, 58783.51243059989, 58783.512881900184, 58828.43651620019, 58828.43696760014, 58829.43187499978, 58829.43277780013, 58830.42756940005, 58830.4280208, 58830.42937499983, 58830.42982639978, 58830.430763899814, 58830.431215300225, 58846.417083300184, 58846.41753470013, 58846.419375000056, 58846.4198264, 58854.42728010006, 58854.42773150001, 58854.434930600226, 58854.43538190005, 58854.4358333, 58854.43628469994, 58859.31730319979, 58859.3177546002, 58892.26469910005, 58892.265150499996, 58896.29074069997, 58899.265856499784, 58899.266307900194, 58899.267222200055, 58899.269467600156, 58899.2699190001, 58899.30046299985, 58900.2426967998, 58900.2431481001, 58900.244953699876, 58900.24586809985, 58913.225335599855, 58913.2257869998, 58913.22623840021, 58913.226689800154, 58913.227592600044, 58939.16258100001, 58939.16440969985, 58939.165312500205, 58939.19810190005, 58939.19855319988, 58939.201261600014], "flux_err_before_r": [0.020772684974152883, 0.01941916011679962, 0.020320228517163478, 0.018975856439026367, 0.02112513945346959, 0.014765142739291186, 0.01635482877957996, 0.01640154163245039, 0.014954369410560206, 0.025340595045858415, 0.016630292056570333, 0.015161425307930047, 0.016098955567649884, 0.0166657130321234, 0.014872291707512393, 0.210699752094364, 0.01607759874338431, 0.015028970239363355, 0.014564848221144113, 0.016229705746027733, 0.016465271678045772, 0.014930096420494832, 0.016154477162062853, 0.04589662165594245, 0.03140583877138393, 0.03809077751660265, 0.016093832180006876, 0.014455660616194218, 0.01634531269847392, 0.016503375132132868, 0.01494415774075887, 0.016129129405465938, 0.025263210763340975, 0.04045015597162153, 0.0420792825989508, 0.016184032406039786, 0.017275213977331175, 0.0154041729927455, 0.044069153990969695, 0.016931888528696093, 0.015189513665248101, 0.017022839067725417, 0.017115324833251, 0.0154452139666588, 0.04818801577535949, 0.040670060158076615, 0.042950264521098284, 0.01619055317199651, 0.017158643412287913, 0.017830921169373924, 0.01558835872648615, 0.01772901526735008, 0.01766730573851729, 0.02030861061424052, 0.018924820932236075, 0.018679673000764858, 0.01780549012492534, 0.01752544739578484, 0.019075420558076546, 0.019420438995148302, 0.018208804358357793, 0.01861753306625192, 0.014528809632061568, 0.014242544027819777, 0.1652433345558083, 0.08863821729504141, 0.016082103223472546, 0.015892810601494015, 0.015450057440698477, 0.015457561880686603, 0.014157155661568388, 0.014044153521654886, 0.015865422288058185, 0.016333285964779762, 0.01429340261441588, 0.01399960717501347, 0.01602021927430357, 0.015767428515764494, 0.016295264755008167, 0.016417235743690924, 0.014409469229017993, 0.014142541773990868, 0.01627233928161481, 0.016476185144795225, 0.016056049843485767, 0.016325012132718735, 0.01612920534658205, 0.014567303383613815, 0.014586001246459595, 0.016110827393373762, 0.015791071896497418, 0.01568231189470848, 0.016347766499987683, 0.014897767532657914, 0.014807198285775751, 0.015993151719797802, 0.015897205095242957, 0.016614834272848, 0.016442508355897615, 0.01720753220076296, 0.017121842980678845, 0.015373929363939717, 0.015210586653555421, 0.015126670049791745, 0.01673124638938325, 0.01859728012381559, 0.019152702823893294, 0.0195543610772488], "flux_before_g": [], "MJD_before_g": [], "flux_err_before_g": [], "flux_outl_after_i": [], "MJD_outl_after_i": [], "flux_outl_err_after_i": [], "flux_outl_after_r": [16.46941120209751, 16.416701601189963, 16.08905085727333, 16.349074045737403, 16.339583822153443, 16.397758015932645, 16.36788161804148, 16.26535338708899, 16.45753252526281, 16.378102841425765, 16.417268807162202, 16.330479633510464, 16.453019060902314, 16.385246631143232, 16.352057000902853, 16.36857368272002],