{"name": "J095534.78+332048.2", "flux_err_before_i": [], "mask_before_i": [], "flux_before_i": [], "MJD_before_i": [], "mask_before_r": [1.0, 48.0, 1.0, 48.0, 1.0, 48.0, 1.0, 48.0, 1.0, 48.0, 1.0, 48.0, 1.0, 1.0, 48.0, 1.0, 1.0, 48.0, 1.0, 48.0, 1.0, 1.0, 48.0, 1.0, 48.0, 1.0, 48.0, 48.0, 48.0, 1.0, 48.0, 1.0, 1.0, 1.0, 48.0, 1.0, 48.0, 1.0, 48.0, 1.0, 1.0, 48.0, 48.0, 1.0, 1.0, 48.0, 48.0, 48.0, 48.0, 1.0, 1.0, 48.0, 48.0, 1.0, 48.0, 48.0, 1.0, 1.0, 48.0, 48.0, 1.0, 1.0, 48.0, 48.0, 48.0, 48.0, 1.0, 1.0, 1.0, 1.0, 48.0, 48.0, 1.0, 1.0, 1.0, 1.0, 48.0, 48.0, 48.0, 48.0, 1.0, 1.0, 48.0, 1.0], "mask_before_g": [], "flux_before_r": [18.223739767005384, 18.195367867569153, 18.265038115761485, 18.229320904508096, 18.13974635554871, 18.228708419308514, 18.14830684506763, 18.23953831868246, 18.192722155536934, 18.21856537008421, 18.150233255228905, 18.215266211628197, 18.20486357543578, 18.98591510420145, 18.327347046710784, 18.204345748087093, 18.35402835778293, 18.197409187843288, 18.20494605142798, 18.264310428629386, 18.200807071379785, 18.230947185707663, 18.389429175647205, 18.075782447521938, 18.21507963055278, 18.1863674129775, 18.278585412994275, 18.23446435513308, 18.244618265143693, 18.209541695528817, 18.30753484801057, 18.263435767805483, 18.166245252389984, 18.16163959278253, 18.176686249800326, 18.184637318099497, 18.27996037662576, 18.153936985961042, 18.317627432176266, 18.223385424356223, 18.12740593656573, 18.258906724529027, 18.248224881796965, 18.360447128213718, 18.384094837675335, 18.31697854996087, 18.232122743682595, 18.25574378719889, 18.252531086256077, 18.2461101948308, 18.24651762030277, 18.323387935865135, 18.265537480575468, 18.23006470704786, 18.205373739469035, 18.294015727330855, 18.219380923392603, 18.15583702810588, 18.278592645917804, 18.28560393710458, 18.192051359962008, 18.19386353512307, 18.302385963072798, 18.2966098023553, 18.34141080780327, 18.28544762593269, 18.18604670952725, 18.19129131618744, 18.1678919500944, 18.173384375814955, 18.276598942887677, 18.303329469032658, 18.241640139932848, 18.19955573320983, 18.179378282531896, 18.19464734106602, 18.27448102612313, 18.313702502915937, 18.236009715794566, 18.266427996176485, 18.14349459223019, 18.171583471956612, 18.30952409192451, 18.198807700684235], "MJD_before_r": [58426.54807869997, 58426.55042820005, 58439.368553199805, 58439.375682900194, 58442.37214120012, 58442.385277799796, 58448.43103010021, 58448.46094910009, 58449.430162000004, 58449.43579859985, 58455.53141199984, 58472.413391199894, 58472.41476849979, 58476.45686340006, 58481.43878469989, 58481.441122699995, 58492.471319399774, 58492.4736227002, 58493.453518500086, 58493.45723380009, 58508.47939810017, 58509.47211810015, 58513.435856500175, 58534.3739120001, 58540.220277800225, 58558.18237269996, 58558.183298599906, 58559.24741900014, 58574.20659720013, 58582.195995400194, 58582.21375000011, 58589.22740740003, 58592.250150499865, 58593.26666670013, 58593.284374999814, 58618.26456019981, 58618.27025459986, 58757.47869209992, 58757.48929399997, 58770.469826399814, 58770.470277800225, 58770.478773099836, 58770.47922449978, 58771.47210650006, 58771.47256939998, 58771.480463000014, 58771.48091439996, 58783.51336809993, 58783.51381940022, 58783.514270800166, 58783.51472220011, 58830.432118100114, 58830.43256939994, 58830.433923599776, 58837.45081020007, 58837.451261600014, 58837.454479199834, 58837.45493059978, 58846.42162040016, 58846.4220718001, 58846.432106500026, 58846.43255789997, 58854.43673609989, 58854.43718749983, 58899.263148100115, 58899.264050900005, 58899.27913190005, 58899.2795833, 58900.23268519994, 58900.23313659988, 58900.240891200025, 58900.24134259997, 58913.20416670013, 58913.205069399904, 58939.15668979986, 58939.1571411998, 58939.16032409994, 58939.160763899796, 58967.14552079979, 58967.145972200204, 58971.17913189996, 58971.17960650008, 58973.16589119984, 58978.16702549998], "flux_err_before_r": [0.025025325331113228, 0.02373509488784495, 0.039382118220949745, 0.0313799456496866, 0.034861202813781106, 0.1553561466209736, 0.023668272634940913, 0.024249297001494776, 0.024293645366631658, 0.023656471810500086, 0.03669248516690143, 0.023299698963628494, 0.02379848195654758, 0.017320876571523813, 0.026209735845144317, 0.023978506217597225, 0.095740384732344, 0.05346228298637997, 0.023508355294417586, 0.024059577504896037, 0.024183917564619493, 0.02497483913209572, 0.06323179280614613, 0.022417996873261393, 0.024056679234671627, 0.02467804719426803, 0.02538387909026597, 0.024379767931640317, 0.061632691147620725, 0.026289389654372046, 0.025983506816350886, 0.08811714355109795, 0.02460718453842569, 0.024691055880445335, 0.023930861052050497, 0.028993373647959047, 0.027996772992166213, 0.02906287805379143, 0.031542404593280074, 0.029760347294298984, 0.02744392348824383, 0.029390468908833654, 0.0288598306266385, 0.07571386268124157, 0.1019623893275698, 0.04494796524611725, 0.028542560003386227, 0.027195768780342335, 0.027300855716070167, 0.027588488238864648, 0.027923565612399427, 0.02476275721110708, 0.023036623129758387, 0.023069049879657917, 0.022756911524154416, 0.02514028033836861, 0.02337309340378184, 0.022353145061186845, 0.02424604370188498, 0.02431114424288155, 0.02281940778093573, 0.022796555925207386, 0.024998745226457817, 0.024563358467438973, 0.025202762588501244, 0.024530300907014472, 0.022813005703499725, 0.02304200952003107, 0.022579826746260537, 0.02273409003247484, 0.02414145283331083, 0.024825363304687438, 0.025441334099265273, 0.025014171237262437, 0.023752817845352048, 0.02397854139859509, 0.020800617873932045, 0.025965986467040732, 0.024561094244557404, 0.0248940194032923, 0.021873670319916445, 0.022461420276758653, 0.0246952519878263, 0.023812604863241237], "flux_before_g": [], "MJD_before_g": [], "flux_err_before_g": [], "flux_outl_after_i": [], "MJD_outl_after_i": [], "flux_outl_err_after_i": [], "flux_outl_after_r": [18.360447128213718, 18.384094837675335, 18.13974635554871, 18.228708419308514, 18.150233255228905, 18.98591510420145, 18.35402835778293, 18.197409187843288, 18.389429175647205, 18.244618265143693, 18.263435767805483, 18.232122743682595, 18.075782447521938], "MJD_outl_after_r": [58771.47210650006, 58771.47256939998, 58442.37214120012, 58442.385277799796, 58455.53141199984, 58476.45686340006, 58492.471319399774, 58492.4736227002, 58513.435856500175, 58574.20659720013, 58589.22740740003, 58771.48091439996, 58534.3739120001], "flux_outl_err_after_r": [0.07571386268124157, 0.1019623893275698, 0.08217760761054729, 0.1553561466209736, 0.08649445242633633, 0.040830151672297456, 0.22568687061787732, 0.12602555731330073, 0.14905502502285317, 0.14528549505781918, 0.08811714355109795, 0.06728279883766783, 0.05284549016584939], "flux_outl_after_g": [], "MJD_outl_after_g": [], "flux_outl_err_after_g": [], "mask_after_r": [48.0, 48.0, 48.0, 48.0, 48.0, 48.0, 48.0, 48.0, 48.0, 48.0, 48.0, 48.0, 48.0, 48.0, 48.0, 48.0, 48.0, 48.0, 48.0, 48.0, 48.0, 48.0, 48.0, 48.0, 48.0, 48.0, 48.0, 48.0, 48.0, 48.0, 48.0, 48.0, 48.0, 48.0, 48.0, 48.0, 1.0, 1.0, 1.0, 1.0, 1.0, 1.0, 1.0, 1.0, 1.0, 1.0, 1.0, 1.0, 1.0, 1.0, 1.0, 1.0, 1.0, 1.0, 1.0, 1.0, 1.0, 1.0, 1.0, 1.0, 1.0, 1.0, 1.0, 1.0, 1.0, 1.0, 1.0, 1.0, 1.0, 1.0, 1.0], "mask_after_g": [], "mask_after_i": [],