{"name": "J095410.11+545642.6", "flux_err_before_i": [], "mask_before_i": [], "flux_before_i": [], "MJD_before_i": [], "mask_before_r": [9.0, 9.0, 9.0, 9.0, 9.0, 9.0, 9.0, 9.0, 9.0, 9.0, 9.0, 9.0, 9.0, 9.0, 9.0, 9.0, 9.0, 9.0, 9.0, 9.0, 9.0, 9.0, 9.0, 9.0, 9.0, 9.0, 9.0, 9.0, 9.0, 9.0, 9.0, 9.0, 9.0, 9.0, 9.0, 9.0, 9.0, 9.0, 9.0, 9.0, 9.0, 9.0, 9.0, 9.0, 9.0, 9.0, 9.0, 9.0, 9.0, 9.0, 9.0, 9.0], "mask_before_g": [9.0, 9.0, 9.0], "flux_before_r": [18.15262312567089, 18.099159837484848, 18.074284220896814, 18.0671660352606, 18.084215784673063, 18.082753353030746, 18.08903489411452, 18.09863671183635, 18.21676000451469, 18.08281695820287, 18.090198733812862, 18.171012451246114, 18.01299175014136, 18.076956543351194, 18.033143195400477, 18.125238561453212, 18.07781657715364, 18.143320182498734, 18.05782145630581, 18.130046320512285, 18.04481228916991, 18.1087864752547, 18.019451824679386, 18.056779720292585, 18.043493817385187, 18.020876945336532, 18.092062069009437, 18.126774740826196, 18.067464440642688, 18.06112097737867, 18.120854739449015, 18.114847490199487, 18.05113107504098, 18.05850889511112, 18.08655148765162, 17.985032414620555, 18.07675985362404, 18.086203285153587, 18.044395339273848, 18.03954187509687, 18.101814331570687, 18.08545483713972, 18.04818947951134, 18.0625243154633, 18.070115321251212, 18.08383038909997, 18.102023558279647, 18.05583911554356, 18.084263966021773, 18.112600858770328, 18.076090549717943, 18.10265233265708], "MJD_before_r": [58439.367071799934, 58448.457025500014, 58449.42784720007, 58476.43118060008, 58481.45277780015, 58492.4578009001, 58493.450277800206, 58509.474919000175, 58513.47212960012, 58534.3316434999, 58540.22811339982, 58558.19269679999, 58574.2308565001, 58582.20768520003, 58585.145717599895, 58589.2051736, 58592.285370400175, 58593.28535880009, 58618.202048600186, 58770.4671180998, 58770.46756940009, 58771.469270799775, 58771.469722200185, 58776.50037040003, 58783.52064809995, 58783.52109949989, 58804.54133100016, 58804.541782400105, 58806.5431597, 58806.54361109994, 58831.43047450017, 58831.43092590012, 58833.42370369984, 58833.42460650019, 58834.52120369999, 58835.458796299994, 58846.43578700023, 58846.43668980012, 58859.2603703998, 58859.260833300184, 58860.28532409994, 58860.285775499884, 58862.328229200095, 58862.32868060004, 58899.28550929995, 58899.28596059978, 58900.23768519983, 58900.23813659977, 58913.20141200023, 58913.20186340017, 58939.18209489994, 58939.18254629988], "flux_err_before_r": [0.017391177250506217, 0.012927176134202953, 0.012515073932135053, 0.012359080052526322, 0.012561631383278867, 0.034862677834472826, 0.0123200845643383, 0.012922139225542025, 0.3192869131075407, 0.013135497147309909, 0.012688176890979012, 0.01423130451745948, 0.29583842423668577, 0.013274627663231786, 0.013089920512041373, 0.026009667161480163, 0.013339094891010726, 0.014108726158479077, 0.013334241414128917, 0.015429017064453642, 0.014278567759191561, 0.014995271081901, 0.03935205489499757, 0.013750282450278347, 0.013432512646388743, 0.013093944907332898, 0.013691926488785814, 0.014236054026240686, 0.013456914944392821, 0.01346629493762366, 0.01235212354928193, 0.012443390409001711, 0.011705020029174574, 0.011694005377421511, 0.012333897252757749, 0.011123787837030838, 0.012259243536211988, 0.012001652426124942, 0.011907973702277969, 0.011801480176078193, 0.01254773863138744, 0.012377178835369804, 0.01185428933068187, 0.0118830919415798, 0.012021699270913717, 0.012068460874479218, 0.012935081054977914, 0.012297458832815137, 0.012760430238559365, 0.013058102541563718, 0.012779561463137828, 0.013148029330403724], "flux_before_g": [18.848517083851654, 18.987833298823105, 18.67870675646487], "MJD_before_g": [58206.26653939998, 58208.2886806, 58259.16377309989], "flux_err_before_g": [0.04919263056696168, 0.17785194366429638, 0.17664279017833506], "flux_outl_after_i": [], "MJD_outl_after_i": [], "flux_outl_err_after_i": [], "flux_outl_after_r": [18.21676000451469, 18.082753353030746, 18.01299175014136, 18.125238561453212, 18.019451824679386], "MJD_outl_after_r": [58513.47212960012, 58492.4578009001, 58574.2308565001, 58589.2051736, 58771.469722200185], "flux_outl_err_after_r": [0.3192869131075407, 0.034862677834472826, 0.29583842423668577, 0.026009667161480163, 0.03935205489499757], "flux_outl_after_g": [18.67870675646487], "MJD_outl_after_g": [58259.16377309989], "flux_outl_err_after_g": [0.17664279017833506], "mask_after_r": [9.0, 9.0, 9.0, 9.0, 9.0, 9.0, 9.0, 9.0, 9.0, 9.0, 9.0, 9.0, 9.0, 9.0, 9.0, 9.0, 9.0, 9.0, 9.0, 9.0, 9.0, 9.0, 9.0, 9.0, 9.0, 9.0, 9.0, 9.0, 9.0, 9.0, 9.0, 9.0, 9.0, 9.0, 9.0, 9.0, 9.0, 9.0, 9.0, 9.0, 9.0, 9.0, 9.0, 9.0, 9.0, 9.0, 9.0], "mask_after_g": [9.0, 9.0], "mask_after_i": [], "flux_after_r": [18.203745283229736, 18.202415749581725, 18.176788370794867, 18.160145193921984, 18.176706287645494, 18.144395431533624, 18.214548600611934, 18.231301320884082, 18.181389913785758, 18.279946333454838, 18.189074602970805, 18.13540058006048, 18.184883823064286, 18.25284101580538, 18.169923739659566, 18.22748351272184, 18.150001053175405, 18.22158875094557, 18.1600263583017, 18.159021939729183, 18.135952985304577, 18.20704227145626, 18.240172172506536, 18.17114908892221, 18.165510722373952, 18.244354045172056, 18.22109591445921, 18.17745678641, 18.15372300894308, 18.201819013136635, 18.095488536809796, 18.18064882552038, 18.18590435144187, 18.15521392457363, 18.15562055430229, 18.207001926984418, 18.18772350312517, 18.166455099818027, 18.174742268882934, 18.16051208392522, 18.190450854336, 18.206950813704584, 18.16999753950963, 18.18900263958771, 18.219371652733926, 18.17881733027366, 18.190848848925487], "MJD_after_r": [58439.367071799934, 58448.457025500014, 58449.42784720007, 58476.43118060008, 58481.45277780015, 58493.450277800206, 58509.474919000175, 58534.3316434999, 58540.22811339982, 58558.19269679999, 58582.20768520003, 58585.145717599895, 58592.285370400175, 58593.28535880009, 58618.202048600186, 58770.4671180998, 58770.46756940009, 58771.469270799775, 58776.50037040003, 58783.52064809995, 58783.52109949989, 58804.54133100016, 58804.541782400105, 58806.5431597, 58806.54361109994, 58831.43047450017, 58831.43092590012, 58833.42370369984, 58833.42460650019, 58834.52120369999, 58835.458796299994, 58846.43578700023, 58846.43668980012, 58859.2603703998, 58859.260833300184, 58860.28532409994, 58860.285775499884, 58862.328229200095, 58862.32868060004, 58899.28550929995, 58899.28596059978, 58900.23768519983, 58900.23813659977, 58913.20141200023, 58913.20186340017, 58939.18209489994, 58939.18254629988], "flux_err_after_r": [0.022832947792797348, 0.01850774905055019, 0.01929063822097078, 0.017172193101955755, 0.020447193885011705, 0.017437919115154223, 0.019392576846700017, 0.020634709526179365, 0.017635240091604436, 0.017733539528737595, 0.018494311587991228, 0.019519047470638696, 0.018382857577654267, 0.018712513178712805, 0.018718890766179462, 0.02008704838499986, 0.018654177617072797, 0.020969351813767606, 0.020070658927363424, 0.018819823095775064, 0.02002591803625651, 0.02103839935313491, 0.019867771650531836, 0.02035166381194673, 0.019916455057917015, 0.01740361386917249, 0.019538598647890537, 0.01626416141161556, 0.015723867255800897, 0.017584920686953366, 0.014741358339322956, 0.01805683063854291, 0.017375821283468165, 0.019127120820120247, 0.015478209759846689, 0.01612469888558762, 0.018400296777435567, 0.020319952585496064, 0.020304689906292684, 0.017259515086554083, 0.016283588647017587, 0.01822215731903431, 0.017973929919976536, 0.019318051707445376, 0.01994847628863161, 0.019466259922736446, 0.018492130614825696], "flux_after_g": [], "MJD_after_g": [], "flux_err_after_g": [], "flux_after_i": [], "MJD_after_i": [], "flux_err_after_i": []}