{"name": "J095304.81+610554.9", "flux_err_before_i": [], "mask_before_i": [], "flux_before_i": [], "MJD_before_i": [], "mask_before_r": [30.0, 30.0, 30.0, 30.0, 30.0, 30.0, 30.0, 30.0, 30.0, 30.0, 30.0, 30.0, 30.0, 30.0, 30.0, 30.0, 30.0, 30.0, 30.0, 30.0, 30.0, 30.0, 30.0, 30.0, 30.0, 30.0, 30.0, 30.0, 30.0, 30.0, 30.0, 30.0, 30.0, 57.0, 57.0, 30.0, 30.0, 30.0, 57.0, 57.0, 30.0, 30.0, 30.0, 30.0, 30.0, 57.0, 30.0, 57.0, 30.0, 30.0, 30.0, 57.0, 30.0, 57.0, 30.0, 30.0, 30.0, 30.0, 30.0, 57.0, 30.0, 30.0, 30.0, 57.0, 57.0, 30.0, 30.0, 57.0, 57.0, 57.0, 57.0, 57.0, 57.0, 57.0, 57.0, 57.0, 57.0, 57.0, 57.0, 57.0, 57.0, 57.0, 57.0, 57.0, 57.0, 57.0, 57.0, 57.0, 57.0, 57.0, 57.0, 57.0, 57.0, 57.0, 57.0, 57.0, 57.0, 57.0, 57.0, 57.0, 57.0, 57.0, 57.0, 57.0, 57.0, 57.0, 57.0, 30.0, 30.0, 30.0, 30.0, 30.0, 30.0, 30.0, 30.0, 30.0, 30.0, 30.0, 30.0, 30.0, 30.0, 30.0, 30.0, 30.0, 30.0, 30.0, 30.0, 30.0, 30.0, 30.0, 30.0, 30.0, 30.0, 30.0, 30.0, 30.0, 30.0, 30.0, 30.0, 30.0, 30.0, 30.0, 30.0, 30.0, 30.0, 30.0, 30.0, 30.0], "mask_before_g": [57.0, 57.0, 57.0], "flux_before_r": [17.688841268166563, 17.603707710271017, 17.843022783690735, 17.722176383527618, 17.802457911373246, 17.758620536052423, 17.763092377082458, 17.70818639232925, 17.68113668847561, 17.68942353026273, 17.888008059113506, 17.788616256181136, 17.964305373037913, 18.141425875722568, 17.82277077083658, 17.772904867002516, 17.76216849666013, 17.789314367547547, 17.64416955321922, 17.673667133451843, 17.707359264624866, 17.894321994225933, 17.629399259339053, 17.666857522870203, 17.644435940201852, 17.673632761946173, 17.62168180763297, 17.644435088242087, 17.66852447229193, 17.613371008001472, 17.636730299763787, 17.65740028143259, 17.738302111302456, 18.1027758196921, 18.166483012393133, 17.762655663085788, 17.671702901100637, 17.638319926679372, 18.059938971439472, 18.056381589088232, 17.796326868421964, 17.770659877800174, 17.50412413683713, 17.732272390567328, 17.3938565713638, 18.06418719017362, 17.735963752584773, 18.074474598203576, 17.73353409605935, 17.687428499443104, 17.778607586747206, 18.05601647286502, 17.61752761881632, 18.084905033879355, 17.737899320689134, 17.86259858763729, 17.884051402902205, 18.106196455131585, 18.02547019130047, 18.088498077108405, 17.853057187847394, 17.79024976456515, 17.888279332392933, 18.102239472261168, 18.091199785052726, 17.69134417838498, 17.60874282549832, 18.07928316536031, 18.043174550924693, 18.08913313455612, 18.08308978317468, 18.070448173640294, 18.0481061488889, 18.06189572975606, 18.084302240363925, 18.032369771790382, 18.123307969051776, 17.9198106240868, 18.11099553982159, 18.075584956174918, 18.046668141638058, 18.060789614532396, 18.062687192341848, 18.065437535721227, 18.125643355881788, 18.117586982417404, 18.091682855732973, 18.07987787553203, 18.11705021668154, 18.13218862485158, 18.147496669596446, 18.13296911738724, 18.071758170924006, 18.06541334839072, 18.071309533818308, 18.032880885769963, 18.06765716785916, 18.11716314291258, 18.113682100063542, 18.088852874011618, 18.111874975589373, 18.085454641401775, 18.1131141086367, 18.060618485710627, 18.117311370926387, 18.064205019560923, 18.055023528430695, 17.65840273921315, 17.65102835567686, 17.63850607549012, 17.40399029310919, 17.66269521945186, 17.52109542627472, 17.514918090066725, 17.555059220010293, 17.630851355623697, 17.437658332305293, 17.86327239729092, 17.56710904270715, 17.65631907151195, 17.593602738284083, 17.64472885806459, 17.62024275042818, 17.646000500499703, 17.452158995433305, 17.66369912987728, 17.585285809370518, 17.64089672134494, 17.649734653485368, 17.600408146593438, 17.635559991422063, 17.65013522783643, 17.67563079976933, 17.689529223033745, 17.577382849557132, 17.649802612835828, 17.6680196223708, 17.639462077127124, 17.66337749786158, 17.619052561228898, 17.616979831077344, 17.650021635122883, 17.863234257528063, 17.65758586085282, 17.55502490586875, 17.642295736697015, 17.70285990514319, 17.63991542136334], "MJD_before_r": [58214.21061340021, 58215.18820599979, 58215.18912040023, 58217.20902779978, 58218.227557899896, 58218.22945600003, 58218.23037040001, 58218.266597200185, 58219.203229200095, 58219.2086920999, 58222.2516667, 58223.18856480019, 58224.154386600014, 58224.2096644002, 58226.2607522998, 58227.25540510006, 58227.25641199993, 58231.26913189981, 58232.216273100115, 58245.16195600014, 58245.16288190009, 58250.22105319984, 58257.22251159977, 58258.19905090006, 58258.19996530004, 58260.18204860017, 58267.298750000075, 58267.29973379988, 58279.18140049977, 58280.18092590012, 58281.20003469987, 58283.20432869997, 58284.20020829979, 58439.367071799934, 58442.37265049992, 58442.53059029998, 58447.52957180003, 58447.53054400021, 58448.457025500014, 58449.42784720007, 58450.532557900064, 58455.47086809995, 58455.50710650021, 58464.53472220013, 58467.51046299981, 58476.43118060008, 58480.447106500156, 58481.45277780015, 58486.4957059999, 58486.497152800206, 58487.43196759978, 58492.4578009001, 58492.46809029998, 58493.450277800206, 58493.51534719998, 58502.51112269983, 58502.51396990009, 58505.5107522998, 58505.511678200215, 58509.474919000175, 58514.385254600085, 58524.445543999784, 58524.44645830011, 58534.3316434999, 58540.22811339982, 58546.30629630014, 58557.24202550016, 58558.19269679999, 58582.20768520003, 58585.145717599895, 58589.2051736, 58592.285370400175, 58593.28535880009, 58618.202048600186, 58770.4671180998, 58770.46756940009, 58771.469270799775, 58771.469722200185, 58776.50037040003, 58783.52064809995, 58783.52109949989, 58804.54133100016, 58804.541782400105, 58806.5431597, 58806.54361109994, 58831.43047450017, 58831.43092590012, 58833.42370369984, 58833.42460650019, 58834.52120369999, 58835.458796299994, 58846.43578700023, 58846.43668980012, 58859.2603703998, 58859.260833300184, 58860.28532409994, 58860.285775499884, 58862.328229200095, 58862.32868060004, 58899.28550929995, 58899.28596059978, 58900.23768519983, 58900.23813659977, 58913.20141200023, 58913.20186340017, 58939.18209489994, 58939.18254629988, 59126.513414400164, 59135.49142359989, 59171.49267360009, 59180.54951390019, 59182.49126160005, 59187.46656250022, 59194.4926967998, 59196.49936340004, 59199.41356479982, 59202.531354200095, 59206.4971758998, 59215.46533560008, 59217.365046299994, 59219.35813659988, 59221.40890049981, 59223.45157410018, 59227.37065970013, 59229.415879600216, 59248.42938659992, 59250.34458329994, 59254.40916670021, 59256.413379599806, 59262.24023150001, 59264.30120369978, 59290.26753470022, 59292.345891200006, 59297.226446799934, 59319.218275499996, 59322.26751160016, 59328.237986099906, 59341.20373839978, 59353.197164400015, 59355.197210600134, 59500.493761599995, 59512.51548610022, 59520.49049769994, 59526.51458329987, 59622.44973379979, 59624.346516199876, 59627.369953699876, 59629.33197919978],