{"name": "J100504.46+033734.9", "flux_err_before_i": [], "mask_before_i": [], "flux_before_i": [], "MJD_before_i": [], "mask_before_r": [20.0, 20.0, 20.0, 20.0, 20.0, 20.0, 20.0, 20.0, 20.0, 20.0, 20.0, 20.0, 20.0, 20.0, 20.0, 20.0, 20.0, 20.0, 20.0, 20.0, 20.0, 20.0, 20.0, 20.0, 20.0, 53.0, 20.0, 20.0, 20.0, 20.0, 53.0, 20.0, 20.0, 20.0, 20.0, 20.0, 20.0, 20.0, 20.0, 20.0, 53.0, 20.0, 20.0, 20.0, 20.0, 20.0, 20.0, 53.0, 20.0, 20.0, 53.0, 20.0, 20.0, 53.0, 20.0, 20.0, 20.0, 20.0, 20.0, 20.0, 20.0, 20.0, 20.0, 20.0, 20.0, 20.0, 20.0, 20.0, 53.0, 20.0, 20.0, 53.0, 53.0, 20.0, 53.0, 20.0, 20.0, 20.0, 20.0, 20.0, 20.0, 20.0, 20.0, 20.0, 20.0], "mask_before_g": [20.0, 20.0, 20.0, 20.0, 20.0, 20.0, 20.0, 20.0, 20.0, 20.0, 20.0, 20.0, 20.0, 20.0, 20.0, 20.0, 20.0, 20.0, 20.0, 20.0, 20.0, 20.0, 20.0, 20.0, 20.0, 20.0, 20.0, 20.0, 20.0, 20.0, 20.0, 20.0, 20.0, 20.0, 20.0, 20.0, 20.0, 20.0, 20.0, 20.0, 20.0, 20.0, 20.0, 20.0, 20.0, 20.0, 20.0, 20.0, 20.0, 20.0, 20.0, 20.0], "flux_before_r": [16.49503004947612, 16.422331507764767, 16.34946432526574, 16.430127380575758, 16.417651300273032, 16.424646325301108, 16.39078232676401, 16.398612493302373, 16.42838939872472, 16.44808407534503, 16.413210295973197, 16.427461082595737, 16.460393589837693, 16.41501350450772, 16.4432342000816, 16.38758931071429, 16.37974110932393, 16.446413878607203, 16.42793964001904, 16.432214097970586, 16.4337787476534, 16.394149238891725, 16.37847870949541, 16.435625881718924, 16.453129994273628, 16.333853040440463, 16.416154766221588, 16.43648468693293, 16.43517347710157, 15.948087041223598, 16.553893573850296, 16.441359015051066, 16.439835490576414, 16.43493939083739, 16.449817833516924, 16.438250603735256, 16.465925335203657, 16.430497229182393, 16.45215606999586, 16.798415359976417, 16.292289697430597, 16.45677862690073, 16.43091085879772, 16.144630682368273, 16.418572729907886, 16.42725871267584, 16.445661514765213, 16.32035113931128, 16.413002487051152, 16.450064578457518, 16.324838369000197, 16.452942170707544, 16.43909761864805, 16.32586981570936, 16.46131991910363, 16.449647037551678, 16.503228235487235, 16.565579728337667, 16.476869604997354, 16.48087700330063, 16.461453663027186, 16.437908509496147, 16.428141101759703, 16.432471715234286, 16.42396199622368, 16.420425170123174, 17.359557739656424, 16.41141274831091, 16.354838187994968, 16.42263752498426, 16.434729146855183, 16.366268784082646, 16.3465854988954, 16.43586692259, 16.33104991472541, 16.459436506358337, 16.443011716072697, 16.41084309268768, 16.448438430434017, 16.446228974809838, 16.39195278419224, 16.423561946481072, 16.419975226954925, 16.45671190980778, 16.42901415744597], "MJD_before_r": [58199.25721060019, 58199.27327550016, 58214.195486099925, 58217.19974539988, 58217.218055599835, 58221.20340280002, 58224.17854169989, 58227.24533559987, 58231.147210599855, 58243.15070600016, 58247.21658559982, 58254.16949070012, 58422.5245949002, 58426.53924770001, 58427.498472199775, 58429.52172450023, 58429.53857639991, 58430.47826390015, 58431.541828699876, 58432.54305560002, 58432.554004599806, 58434.48228010023, 58435.52486110013, 58438.5228587999, 58439.5572453998, 58439.557708300184, 58440.52237269981, 58441.522696800064, 58441.538344900124, 58442.41234950023, 58442.4166898001, 58442.52584489994, 58443.457361099776, 58447.46008099988, 58447.47657410009, 58447.52199070016, 58447.541759300046, 58448.483900499996, 58448.5388656999, 58449.46613429999, 58449.467997699976, 58449.51074070018, 58455.51793979993, 58456.54576390004, 58464.54129630001, 58467.52260420006, 58474.47505789995, 58476.49800929986, 58480.456168999895, 58481.47579859989, 58481.48248839984, 58486.47790510021, 58493.47278939979, 58493.488622699864, 58502.42633099994, 58502.50425929995, 58503.3073148001, 58503.32372689992, 58503.34030089993, 58503.357199099846, 58503.37494210014, 58503.39243059978, 58503.40984949982, 58503.426400499884, 58503.442824100144, 58510.28547450015, 58513.438807900064, 58538.24887729995, 58540.262905099895, 58541.29537039995, 58556.21085650008, 58558.18651620019, 58559.20484950021, 58567.23062499985, 58582.26759260008, 58584.186423600186, 58587.27605320001, 58592.24486109987, 58601.258483800106, 58617.247928199824, 59266.32032410009, 59268.33888889989, 59270.323333300184, 59273.27555559995, 59275.31876160018], "flux_err_before_r": [0.11406666464238095, 0.023537445427323587, 0.08861198250731465, 0.02301005597867971, 0.018508330375547666, 0.02534458901278649, 0.026721427413058496, 0.016930575481154442, 0.01673333410594653, 0.017404451982835616, 0.016993030674908344, 0.016906400622728513, 0.018044471179374934, 0.016908774207384927, 0.0191743390725489, 0.01668562378743342, 0.016392423542849748, 0.01773177755458295, 0.017352521013505016, 0.01700561576627305, 0.016804214713917697, 0.016868886593092224, 0.016376391296556478, 0.017212227420956336, 0.021563473563093644, 0.01872957570814719, 0.016971828300580014, 0.01999772527186577, 0.024611388378446734, 0.034649864408726166, 0.03066932039642441, 0.01843021192086544, 0.017312545157827413, 0.017158624859411872, 0.01719467044080035, 0.016757412658553163, 0.017150502812840297, 0.017024156956148728, 0.017281011172827463, 0.05168361313032055, 0.01827017057095403, 0.016866236033775548, 0.02772241538002928, 0.07440285807173423, 0.01667154369250873, 0.1269200422671895, 0.016785385848285473, 0.015356320891147515, 0.016679680129623235, 0.016984491709074474, 0.015928030204876664, 0.016837731943325916, 0.016789036390373123, 0.015718628481206653, 0.01932300608456024, 0.018262723252691133, 0.030478810741731182, 0.03439842946154458, 0.02249544377141936, 0.020004952490134013, 0.019295151292163235, 0.02430805032440486, 0.01754377963908377, 0.01668996435232099, 0.016745245593165852, 0.029520029764140532, 0.25510955514788647, 0.04966744531825114, 0.016808230617697133, 0.1748725862364868, 0.017414795611365653, 0.016824192801347435, 0.016667133826649486, 0.017762066513320268, 0.01722846912278875, 0.01829284799171934, 0.018900418013857, 0.017566448227407775, 0.01828614230430375, 0.019720517751077513, 0.014947475032335377, 0.015316922028971563, 0.01539489792804727, 0.016557375071991617, 0.015516450702881424], "flux_before_g": [17.119525037804245, 17.10860396841788, 17.166836004848154, 17.14881310222731, 17.107495824283724, 17.133178414717975, 17.088962200275585, 17.098399408549803, 17.141250449310075, 17.12852552187518, 17.054957035020927, 17.067973593014084, 17.081667484994878, 17.109508699376498, 17.11418682408966, 17.113597130159683, 17.11692761182131, 17.112981865989298, 17.12471092485559, 17.126288666263992, 17.101085076906323, 17.132507580805026, 16.989167737359214, 17.132084130818658, 17.14246349642618, 17.175220279563565, 17.11889697483265, 17.131655246827982, 17.111232915634435, 17.15498304494609, 17.221743185491533, 17.125668446894217, 17.130950381791976, 17.104741525394704, 17.09532150117675, 17.127223754059482, 17.07736553360542, 17.02588973721229, 17.08365493875784, 17.055200389832862, 17.164089753896754, 17.06714446512035, 17.150305169721832, 17.104980470971185, 17.1274700076439, 17.091444786071584, 17.0910166528315, 17.115431439097936, 17.110513560115255, 17.124508496176855, 17.069373738995864, 17.119600614258715],