{"name": "J101618.09+194407.5", "flux_err_before_i": [], "mask_before_i": [], "flux_before_i": [], "MJD_before_i": [], "mask_before_r": [8.0, 8.0, 8.0, 8.0, 8.0, 8.0, 8.0, 8.0, 8.0, 8.0, 8.0, 8.0, 8.0, 8.0, 8.0, 8.0, 8.0, 8.0, 8.0, 8.0, 8.0, 8.0, 8.0, 8.0, 8.0, 8.0, 8.0, 8.0, 8.0, 8.0, 8.0, 8.0, 8.0, 8.0, 8.0], "mask_before_g": [8.0, 8.0, 8.0, 8.0, 8.0, 8.0, 8.0, 8.0, 8.0, 8.0, 8.0, 8.0, 8.0, 8.0, 8.0, 8.0], "flux_before_r": [17.634188084043387, 17.620871973293546, 17.608343867199903, 17.639746516404994, 17.61403355226402, 17.57631285839205, 17.611187308535303, 17.64422346637947, 17.59526915641414, 17.614464991302576, 17.588016551361687, 17.61872155421197, 17.563502162614604, 17.650419427457738, 17.781926606508605, 17.613357217170535, 17.611323302456825, 17.60264126808707, 17.624850282816297, 17.61704650072592, 17.581657543109543, 17.57135329310348, 17.589848274124712, 17.586409688907246, 17.561279040924234, 17.587181643070473, 17.574300898033012, 17.628587898711082, 17.58204233808837, 17.590527964092008, 17.60166742462586, 17.595059140484707, 17.585674535075754, 17.596030652544613, 17.603427733655717], "MJD_before_r": [58439.397766199894, 58442.404999999795, 58448.46233800007, 58449.4367244998, 58468.49907410005, 58476.45822919998, 58481.4604282002, 58492.4448958002, 58493.44010420004, 58511.39335650019, 58513.43356479984, 58540.225810199976, 58558.18054400012, 58559.20578699978, 58574.217731500044, 58582.2165045999, 58593.26853010012, 58618.265474500135, 58771.51114579989, 58771.51623839978, 58831.45832179999, 58831.45877309982, 58836.52017359994, 58836.52062499989, 58837.44990740018, 58846.4207175998, 58846.42388889985, 58859.31594910007, 58859.316400500014, 58899.29775460018, 58899.29820600012, 58913.22804399999, 58913.22849539993, 58939.16167820012, 58939.162118100096], "flux_err_before_r": [0.024517735189611724, 0.024429462164780133, 0.017900397011989738, 0.018422294596738723, 0.01726229512699116, 0.017162093344185992, 0.017790986896722982, 0.05695010156704668, 0.01711562564469646, 0.01775460901670897, 0.043927019507439935, 0.01780794222878092, 0.017537431246901557, 0.018871780969760898, 0.12336655296423575, 0.018764975566792394, 0.01876784626845101, 0.01974884147117251, 0.02160256047198886, 0.021017628759165734, 0.016488765198030234, 0.016265463133368175, 0.016531201746952183, 0.01638509606469926, 0.01645874561140658, 0.01659119904630898, 0.016326213653736564, 0.017443766952093435, 0.016833795680370953, 0.01658732301569109, 0.01687765426648673, 0.018267064935290473, 0.01742749354029184, 0.01750561518530292, 0.01754107517769793], "flux_before_g": [18.51776285762236, 18.470530131024017, 18.514455741852192, 18.520025780472466, 18.591624971762357, 18.535592174868484, 18.498084595328272, 18.495619290147374, 18.479931149598787, 18.48861992062463, 18.50584342602797, 18.4791399833046, 18.521732485379715, 18.52068426228117, 18.598131174238123, 18.5127511314027], "MJD_before_g": [58202.26677080011, 58439.485370399896, 58482.5103356, 58491.43763889978, 58507.510266200174, 58522.41089119995, 58539.266724499874, 58540.435046299826, 58580.20423609996, 58585.20365739986, 58852.51853010012, 58852.51898150006, 58853.495763900224, 58853.497569399886, 58854.5165856001, 58854.51703700004], "flux_err_before_g": [0.010194001374862075, 0.013411939854742025, 0.010175173928032155, 0.010148686965268798, 0.03126203465345987, 0.010242274586769042, 0.014290037975056739, 0.01033444744036196, 0.01001225736500904, 0.010289813728861216, 0.009207397973918115, 0.008933374448051373, 0.009460901891670063, 0.009296366771376217, 0.010460971393345718, 0.010198586819243951], "flux_outl_after_i": [], "MJD_outl_after_i": [], "flux_outl_err_after_i": [], "flux_outl_after_r": [17.588016551361687, 17.781926606508605, 17.64422346637947], "MJD_outl_after_r": [58513.43356479984, 58574.217731500044, 58492.4448958002], "flux_outl_err_after_r": [0.013636361334206632, 0.12336655296423575, 0.017679145357369037], "flux_outl_after_g": [18.591624971762357], "MJD_outl_after_g": [58507.510266200174], "flux_outl_err_after_g": [0.03126203465345987], "mask_after_r": [8.0, 8.0, 8.0, 8.0, 8.0, 8.0, 8.0, 8.0, 8.0, 8.0, 8.0, 8.0, 8.0, 8.0, 8.0, 8.0, 8.0, 8.0, 8.0, 8.0, 8.0, 8.0, 8.0, 8.0, 8.0, 8.0, 8.0, 8.0, 8.0, 8.0, 8.0, 8.0], "mask_after_g": [8.0, 8.0, 8.0, 8.0, 8.0, 8.0, 8.0, 8.0, 8.0, 8.0, 8.0, 8.0, 8.0, 8.0, 8.0], "mask_after_i": [], "flux_after_r": [17.718668072298616, 17.730918129088042, 17.743792775923932, 17.72589245433294, 17.70205251481771, 17.683165490641443, 17.73249365988165, 17.70415718503305, 17.74360644190883, 17.727598551357403, 17.700422574377633, 17.72857974271426, 17.696384792231516, 17.729687757274164, 17.69465174718556, 17.741908466440506, 17.7229452513423, 17.70465299215467, 17.683871430766956, 17.69974014690896, 17.68906371668265, 17.695910929105587, 17.68859780227122, 17.68590996827686, 17.73186922235892, 17.725325670292108, 17.683466724886298, 17.695260259709002, 17.694018452611417, 17.69854677270754, 17.703993758944613, 17.703526814795758], "MJD_after_r": [58439.397766199894, 58442.404999999795, 58448.46233800007, 58449.4367244998, 58468.49907410005, 58476.45822919998, 58481.4604282002, 58493.44010420004, 58511.39335650019, 58540.225810199976, 58558.18054400012, 58559.20578699978, 58582.2165045999, 58593.26853010012, 58618.265474500135, 58771.51114579989, 58771.51623839978, 58831.45832179999, 58831.45877309982, 58836.52017359994, 58836.52062499989, 58837.44990740018, 58846.4207175998, 58846.42388889985, 58859.31594910007, 58859.316400500014, 58899.29775460018, 58899.29820600012, 58913.22804399999, 58913.22849539993, 58939.16167820012, 58939.162118100096], "flux_err_after_r": [0.02766987820858887, 0.031021106845575765, 0.026096147464389405, 0.023242189975864712, 0.018430936330387553, 0.021963440246075588, 0.02207523226355747, 0.018109611713790906, 0.019732040623734355, 0.01912415309785456, 0.023000622643112936, 0.02471357349029359, 0.02063501340569494, 0.023136802516287976, 0.02470526332335385, 0.02830357016239266, 0.02368620048442791, 0.024230425181925978, 0.02354216614567571, 0.018551799429078756, 0.018669766876818438, 0.023712200726849698, 0.01936126924580173, 0.017401147660770475, 0.023653977009264995, 0.027616549405195638, 0.017929520983152113, 0.018030177646452816, 0.022009328159744844, 0.02107282450390047, 0.0201221037526163, 0.01875491116889714], "flux_after_g": [18.40254358577605, 18.453620145438997, 18.420158054298618, 18.466815188131903, 18.40379881467777, 18.42209568024007, 18.40355176051692, 18.44571868691404, 18.418185413793573, 18.38501402793132, 18.44200622574189, 18.429972402806666, 18.50402773206587, 18.425924655939205], "MJD_after_g": [58439.485370399896, 58482.5103356, 58491.43763889978, 58522.41089119995, 58539.266724499874, 58540.435046299826, 58580.20423609996, 58585.20365739986, 58852.51853010012, 58852.51898150006, 58853.495763900224, 58853.497569399886, 58854.5165856001, 58854.51703700004], "flux_err_after_g": [0.021441956239148286, 0.021771694367475707, 0.02176677186294845, 0.02003822339336153, 0.023564788937017547, 0.021110466892590676, 0.020825837114853883, 0.02181875724836059, 0.019668432699767282, 0.020891148997140552, 0.01706420700311409, 0.01916084344996924, 0.02234848891638509, 0.02026933629952846], "flux_after_i": [], "MJD_after_i": [], "flux_err_after_i": []}