{"name": "J101709.60+261008.4", "flux_err_before_i": [], "mask_before_i": [], "flux_before_i": [], "MJD_before_i": [], "mask_before_r": [5.0, 56.0, 5.0, 56.0, 5.0, 56.0, 5.0, 56.0, 56.0, 5.0, 56.0, 5.0, 56.0, 56.0, 5.0, 56.0, 5.0, 5.0, 5.0, 56.0, 56.0, 5.0, 5.0, 56.0, 5.0, 56.0, 5.0, 56.0, 5.0, 56.0, 56.0, 5.0, 5.0, 5.0, 56.0, 5.0, 5.0, 56.0, 56.0, 56.0, 56.0, 56.0, 56.0, 56.0, 5.0, 5.0, 56.0, 5.0, 5.0, 56.0, 5.0, 5.0, 5.0, 56.0, 56.0, 5.0, 5.0, 56.0, 56.0, 56.0, 56.0, 5.0, 5.0, 5.0, 56.0, 56.0, 5.0], "mask_before_g": [56.0, 5.0, 5.0, 56.0, 56.0, 5.0, 56.0, 56.0, 5.0, 5.0, 56.0, 5.0, 56.0, 5.0, 56.0, 56.0, 5.0, 5.0, 56.0, 5.0, 5.0, 5.0, 5.0, 5.0, 56.0, 56.0, 56.0, 56.0, 5.0, 5.0, 56.0, 56.0, 5.0, 5.0, 5.0, 5.0], "flux_before_r": [19.080939133761483, 18.94351122761352, 18.54954520758196, 19.095739995388914, 18.911673854879112, 18.902126149938248, 19.142729879509663, 19.032716497785422, 19.02380938030876, 18.96044172430357, 19.00299263765048, 19.117102051477406, 19.01662066220535, 19.266266045429482, 19.072390672767206, 19.050178406010424, 19.090452363405518, 19.082277240347594, 19.162724047762524, 19.119401869167245, 19.241897178350907, 19.088654559112015, 18.955294413784053, 19.087825650217177, 18.918383232801702, 19.073346416015163, 19.156159541574702, 18.9785193038703, 19.049220529902648, 19.03727898953067, 19.034945870211665, 19.07913722304385, 19.044516657607065, 19.047329263175932, 18.89176460856878, 18.814965629654296, 19.111214481133242, 19.301120562546846, 19.170213463117328, 19.0310796440695, 19.11563284282149, 19.047868810290154, 19.06985497340087, 19.107804173243586, 19.066774057769454, 19.020650981660584, 19.054034051739166, 18.971506644360673, 19.07350840232776, 19.056920124899264, 19.082893517243885, 18.937690123380147, 19.14672838286862, 19.14074410083611, 18.893782640131732, 19.068426691097685, 19.1196695617342, 19.10422627696713, 19.125783530653617, 18.989200438231297, 19.11184689622037, 19.023481083870294, 19.07324188265879, 19.08184536437281, 19.111846460675064, 19.125113937050628, 19.099940917334745], "MJD_before_r": [58439.390740700066, 58439.397766199894, 58442.38619210012, 58442.404999999795, 58448.4537037001, 58448.46233800007, 58449.43626159988, 58449.4367244998, 58468.49907410005, 58476.45777780004, 58476.45822919998, 58481.43924769992, 58481.4604282002, 58492.4448958002, 58492.44534720015, 58493.44010420004, 58493.4410184999, 58508.47844910016, 58511.39289350016, 58511.39335650019, 58513.43356479984, 58513.43539350014, 58534.36717589991, 58540.225810199976, 58540.22626159992, 58558.18054400012, 58558.18283559987, 58559.20578699978, 58582.21469909977, 58582.2165045999, 58593.26853010012, 58593.26944439998, 58597.24187499983, 58618.26502310019, 58618.265474500135, 58771.50275459979, 58771.5032060002, 58771.51114579989, 58771.51623839978, 58831.45832179999, 58831.45877309982, 58836.52017359994, 58836.52062499989, 58837.44990740018, 58837.45172449993, 58837.4521643999, 58846.4207175998, 58846.42253470002, 58846.42298609996, 58846.42388889985, 58856.33339119982, 58859.30109950015, 58859.3015509001, 58859.31594910007, 58859.316400500014, 58899.26223379979, 58899.2626852002, 58899.29775460018, 58899.29820600012, 58913.22804399999, 58913.22849539993, 58913.22939810017, 58939.15895830002, 58939.159861099906, 58939.16167820012, 58939.162118100096, 58980.16709489981], "flux_err_before_r": [0.05245215462115925, 0.05347892675515678, 0.20459619874385687, 0.17956462735615433, 0.06536910296189237, 0.07991348358869638, 0.07397804970608893, 0.07616092951303437, 0.02344420233632904, 0.06492261967924663, 0.07152231605490979, 0.050206711085149444, 0.049876447605263614, 0.1774879843151077, 0.1543931442598433, 0.0208191532114335, 0.01686638646540754, 0.0824452764039119, 0.03559716775237112, 0.03816855129946494, 0.13565054311713617, 0.06817036905265762, 0.2145538990924025, 0.039404010563453336, 0.02434949767688711, 0.09682716698702099, 0.10379149718024884, 0.07882853570616451, 0.023231755613923905, 0.02681055295807906, 0.07668810153659146, 0.07147660523474311, 0.031912044061726624, 0.09103695508792381, 0.08597444079205584, 0.1183550104531672, 0.13383415595299328, 0.21046926077888212, 0.1825427862488022, 0.09742689403493318, 0.10463996492479083, 0.041649567594054596, 0.04731291447262423, 0.09064687874057341, 0.07289317188876755, 0.05776301025731795, 0.031623878108414244, 0.027026849846703668, 0.02905393423927204, 0.026336857355140006, 0.3485991906714825, 0.1098897155973471, 0.123477022399076, 0.14311942887058962, 0.11683374167055476, 0.02565102838302147, 0.022104441878231712, 0.03230153663297986, 0.030787975721803904, 0.06546156262319719, 0.07196331827525221, 0.050674396664971484, 0.03440455045650253, 0.03369847678481112, 0.04601048544972745, 0.04453919307294486, 0.02045480467603961], "flux_before_g": [19.478394990489047, 19.4377411421168, 19.561561019852377, 19.450210342520847, 19.471604915991968, 19.346661980662308, 19.398924148883353, 19.386814462147374, 19.319223771004236, 19.41727889120456, 19.40816190927714, 19.421301674834744, 19.508935449178693, 19.477464297748966, 19.39407675074646, 19.431555406982813, 19.41352729250601, 19.63392563014731, 19.542486998933512, 19.458227232166216, 19.265353912393888, 19.557280185395932, 19.494300155775424, 19.49972587964617, 19.53048782064652, 19.560799546029802, 19.50844865003945, 19.479345243274253, 19.44638968194186, 19.458646719116548, 19.470713653710778, 19.442452802757302, 19.470161260249355, 19.45722398439532, 19.492259515300596, 19.441248219009857], "MJD_before_g": [58202.26677080011, 58430.546747699846, 58439.48262730008, 58439.485370399896, 58482.5103356, 58482.51216439996, 58491.43763889978, 58507.510266200174, 58507.51118060015, 58522.40861110017, 58522.41089119995, 58539.247523100115, 58539.266724499874, 58540.43459489988, 58540.435046299826, 58580.20423609996, 58580.20468749991, 58582.14127309993, 58585.20365739986, 58585.20508099999, 58587.249050899874, 58591.187627300154, 58852.51627309993, 58852.5167129999, 58852.51853010012, 58852.51898150006, 58853.495763900224, 58853.497569399886, 58853.49981479999, 58853.50026619993, 58854.5165856001, 58854.51703700004, 58904.29010420013, 58981.16427080007, 58981.164733800106, 58986.1864120001], "flux_err_before_g": [0.10767147346348721, 0.04140387223812019, 0.05387923999365371, 0.03667938830689079, 0.0783338851976908, 0.04917976043658322, 0.05472287467384447, 0.18555204494953742, 0.1500549416603384, 0.042185084442027634, 0.05541253870205814, 0.08092935194916907, 0.06867192577722227, 0.04783762230599463, 0.058296503770306284, 0.041689706874352875, 0.03703346904856197, 0.06204031085287573, 0.07007551736138908, 0.05707123798192194, 0.10430885592343962, 0.114952813554064, 0.041268643172953895, 0.0385755959336969, 0.0351259266587972, 0.03516270793791324, 0.02386801249539531, 0.030261770643514034, 0.033603186563931874, 0.0356029107262283, 0.08562211740714094, 0.08894345152421207, 0.036314659625426404, 0.04682931560890382, 0.04493138349020079, 0.03842566737852243], "flux_outl_after_i": [], "MJD_outl_after_i": [], "flux_outl_err_after_i": [], "flux_outl_after_r": [19.072390672767206, 19.241897178350907, 19.088654559112015, 18.54954520758196, 19.095739995388914, 19.266266045429482, 19.082893517243885, 18.955294413784053], "MJD_outl_after_r": [58492.44534720015, 58513.43356479984, 58513.43539350014, 58442.38619210012, 58442.404999999795, 58492.4448958002, 58856.33339119982, 58534.36717589991], "flux_outl_err_after_r": [0.1543931442598433, 0.13565054311713617, 0.06817036905265762, 0.20459619874385687, 0.17956462735615433, 0.1774879843151077, 0.3485991906714825, 0.2145538990924025], "flux_outl_after_g": [19.265353912393888, 19.557280185395932], "MJD_outl_after_g": [58587.249050899874, 58591.187627300154], "flux_outl_err_after_g": [0.10430885592343962, 0.114952813554064],