{"name": "J101740.68+204744.2", "flux_err_before_i": [], "mask_before_i": [], "flux_before_i": [], "MJD_before_i": [], "mask_before_r": [25.0, 25.0, 25.0, 25.0, 25.0, 25.0, 25.0, 25.0, 25.0, 25.0, 25.0, 25.0, 25.0, 25.0, 25.0, 25.0, 25.0, 25.0, 25.0, 25.0, 25.0, 25.0, 25.0, 25.0, 25.0, 25.0, 25.0, 25.0, 25.0, 25.0, 25.0, 25.0, 25.0, 25.0, 25.0], "mask_before_g": [25.0, 25.0, 25.0, 25.0, 25.0, 25.0, 25.0, 25.0, 25.0, 25.0, 25.0, 25.0, 25.0, 25.0, 25.0, 25.0], "flux_before_r": [17.98427346099278, 18.066035488714178, 18.02402295534676, 17.979711856728734, 18.014237641081163, 18.009570081482792, 17.97676611832535, 18.036021424695015, 17.993198623556097, 17.993932387330794, 17.98609246093721, 17.972585239854922, 18.016896876549488, 18.03206355400701, 18.333862247692025, 17.985073612029403, 18.04055354063945, 17.90095866801738, 17.940235783229035, 17.905355655459676, 18.012516847133718, 18.031243532242275, 17.990441059920663, 18.015816013890515, 17.92429738271239, 17.96961023985852, 17.992162063311426, 18.004673434606243, 18.038254914301632, 18.012938443366316, 18.012050544919703, 17.944781755010098, 17.980680063002822, 18.00162763125755, 18.006990516478922], "MJD_before_r": [58439.397766199894, 58442.404999999795, 58448.46233800007, 58449.4367244998, 58468.49907410005, 58476.45822919998, 58481.4604282002, 58492.4448958002, 58493.44010420004, 58511.39335650019, 58513.43356479984, 58540.225810199976, 58558.18054400012, 58559.20578699978, 58574.217731500044, 58582.2165045999, 58593.26853010012, 58618.265474500135, 58771.51114579989, 58771.51623839978, 58831.45832179999, 58831.45877309982, 58836.52017359994, 58836.52062499989, 58837.44990740018, 58846.4207175998, 58846.42388889985, 58859.31594910007, 58859.316400500014, 58899.29775460018, 58899.29820600012, 58913.22804399999, 58913.22849539993, 58939.16167820012, 58939.162118100096], "flux_err_before_r": [0.022900962202860226, 0.025056392358342984, 0.018113130984076672, 0.017703905724748673, 0.017416440562875484, 0.01728432318257785, 0.01726039749112431, 0.054379212680773274, 0.01716895233748713, 0.017499969851686337, 0.03820333967858862, 0.017275015332651716, 0.018532887787308976, 0.018769373091820488, 0.23417764620702156, 0.017944600346510294, 0.019245347702316527, 0.018220815592306816, 0.019548734974991665, 0.019123465987429505, 0.01703692001268061, 0.0172663984391919, 0.016924691825111856, 0.016849644838502934, 0.01600528082772886, 0.016325573311811836, 0.01645315431108574, 0.017211301775911934, 0.018115332564055103, 0.01722501952700357, 0.01717768219326343, 0.017465340122652006, 0.01751686450918405, 0.017889384480634214, 0.01770355775619401], "flux_before_g": [18.588404980904254, 18.562985918191263, 18.588900934514683, 18.50907354514482, 18.754327421317498, 18.527642465180968, 18.533514769037794, 18.592452409514912, 18.550340268113118, 18.566482248818957, 18.531364477695377, 18.563989209096075, 18.542269150389064, 18.541720776664008, 18.52595470569244, 18.51228895649877], "MJD_before_g": [58202.26677080011, 58439.485370399896, 58482.5103356, 58491.43763889978, 58507.510266200174, 58522.41089119995, 58539.266724499874, 58540.435046299826, 58580.20423609996, 58585.20365739986, 58852.51853010012, 58852.51898150006, 58853.495763900224, 58853.497569399886, 58854.5165856001, 58854.51703700004], "flux_err_before_g": [0.009997902942582383, 0.013552558522362014, 0.010372114391408753, 0.009502904002868203, 0.06403911877153139, 0.00966682619191641, 0.013087986297935299, 0.010499482350553454, 0.010025892213576778, 0.010384362102701314, 0.008959684461358152, 0.009225344814018653, 0.009096086553146827, 0.009001507231243324, 0.009359417194595954, 0.009590969427917713], "flux_outl_after_i": [], "MJD_outl_after_i": [], "flux_outl_err_after_i": [], "flux_outl_after_r": [18.014237641081163, 17.993198623556097, 17.98609246093721, 17.972585239854922, 18.333862247692025, 17.985073612029403, 17.92429738271239, 17.992162063311426, 18.012938443366316, 18.012050544919703, 18.036021424695015], "MJD_outl_after_r": [58468.49907410005, 58493.44010420004, 58513.43356479984, 58540.225810199976, 58574.217731500044, 58582.2165045999, 58837.44990740018, 58846.42388889985, 58899.29775460018, 58899.29820600012, 58492.4448958002], "flux_outl_err_after_r": [0.02107343694296752, 0.020773982671986022, 0.04622504046226234, 0.020902316118335994, 0.23417764620702156, 0.0217124964486144, 0.01936597062183782, 0.01990788580685368, 0.020841822502896287, 0.020784545568839657, 0.0657974231473676], "flux_outl_after_g": [18.754327421317498], "MJD_outl_after_g": [58507.510266200174], "flux_outl_err_after_g": [0.06403911877153139], "mask_after_r": [25.0, 25.0, 25.0, 25.0, 25.0, 25.0, 25.0, 25.0, 25.0, 25.0, 25.0, 25.0, 25.0, 25.0, 25.0, 25.0, 25.0, 25.0, 25.0, 25.0, 25.0, 25.0, 25.0, 25.0], "mask_after_g": [25.0, 25.0, 25.0, 25.0, 25.0, 25.0, 25.0, 25.0, 25.0, 25.0, 25.0, 25.0, 25.0, 25.0, 25.0], "mask_after_i": [], "flux_after_r": [18.03733050384087, 18.149997199774393, 18.091871172706444, 18.04871825240679, 18.068947621551523, 18.041339233212604, 18.070521384486867, 18.087760208430968, 18.129806123206215, 18.127860808420007, 18.01030503514091, 18.03566805804853, 17.996680015847677, 18.097525521003803, 18.121293808995503, 18.063334139058433, 18.090219709704144, 18.056918800934266, 18.064623583841914, 18.108945526832443, 18.022525936542756, 18.050396673055715, 18.094803431720745, 18.09091057047549], "MJD_after_r": [58439.397766199894, 58442.404999999795, 58448.46233800007, 58449.4367244998, 58476.45822919998, 58481.4604282002, 58511.39335650019, 58558.18054400012, 58559.20578699978, 58593.26853010012, 58618.265474500135, 58771.51114579989, 58771.51623839978, 58831.45832179999, 58831.45877309982, 58836.52017359994, 58836.52062499989, 58846.4207175998, 58859.31594910007, 58859.316400500014, 58913.22804399999, 58913.22849539993, 58939.16167820012, 58939.162118100096], "flux_err_after_r": [0.028766023740873573, 0.03208732747241491, 0.026141946833430303, 0.024510134705269915, 0.025564055530712924, 0.02389616294336741, 0.022808601710023874, 0.02852997413070511, 0.026630583857323437, 0.027184704279570954, 0.027375878922131117, 0.0292042984889612, 0.027830752205670866, 0.02585302528305259, 0.02784244026360056, 0.023468461334666804, 0.02345213477020018, 0.02157181215972746, 0.025523818072883824, 0.02804783410060438, 0.02568541638129598, 0.02571857344585241, 0.02414255368538916, 0.023790974859437607], "flux_after_g": [18.522133708412515, 18.534265143292085, 18.472144486439284, 18.493847376952665, 18.46730924821607, 18.57649021835543, 18.52269262892794, 18.558890745873146, 18.466957506520988, 18.50236058524402, 18.45740970796477, 18.460633097063308, 18.482234036826185, 18.442341862832013], "MJD_after_g": [58439.485370399896, 58482.5103356, 58491.43763889978, 58522.41089119995, 58539.266724499874, 58540.435046299826, 58580.20423609996, 58585.20365739986, 58852.51853010012, 58852.51898150006, 58853.495763900224, 58853.497569399886, 58854.5165856001, 58854.51703700004], "flux_err_after_g": [0.019125162064345617, 0.020292950154087927, 0.016593266432286476, 0.017840171657561063, 0.021121924820110896, 0.017039197692358066, 0.016772745419737393, 0.01952369288789636, 0.018053113219867908, 0.019563378438041425, 0.019080446667092705, 0.021390425396207474, 0.0200735696715614, 0.02124160969136024], "flux_after_i": [], "MJD_after_i": [], "flux_err_after_i": []}