{"name": "J101924.45+635925.1", "flux_err_before_i": [], "mask_before_i": [], "flux_before_i": [], "MJD_before_i": [], "mask_before_r": [25.0, 25.0, 25.0, 25.0, 25.0, 25.0, 25.0, 25.0, 25.0, 25.0, 25.0, 25.0, 25.0, 25.0, 25.0, 25.0, 25.0, 25.0, 25.0, 25.0, 25.0, 25.0, 25.0, 25.0, 25.0, 25.0, 25.0, 25.0, 25.0, 25.0], "mask_before_g": [], "flux_before_r": [17.10270884370659, 17.439578804888594, 17.139996792917167, 17.17908554632057, 17.176323465329034, 17.121916415296944, 17.123371703514103, 17.170822328819604, 17.16215576424768, 17.149890643595796, 17.1762216572125, 17.15027274662114, 17.312250139332114, 17.15975387600294, 17.089412614932566, 17.19885625850823, 17.18203194584014, 17.174973026558696, 17.168298590284564, 17.15941768226543, 17.182265616866857, 17.24310609547821, 17.200489753554912, 17.210812035386937, 17.167677343761497, 17.16591825929517, 17.1594602019736, 17.155738843767274, 17.177691842557266, 17.21463469267222], "MJD_before_r": [58439.37711809995, 58442.37311339984, 58448.45656249998, 58449.43202550011, 58476.430717600044, 58481.46502309991, 58492.45826390013, 58493.51976849977, 58509.46358799981, 58534.371435199864, 58540.25175930001, 58558.19314809982, 58574.23736110004, 58582.20814809995, 58589.20658560004, 58592.28490740014, 58593.319363399874, 58618.20251160022, 58770.47319439985, 58770.47364579979, 58771.47111110017, 58771.47156250011, 58833.42825229978, 58833.42870370019, 58859.25946759991, 58859.261759299785, 58860.28667820012, 58860.28712960007, 58862.37415509997, 58862.374594899826], "flux_err_before_r": [0.015786433327213953, 0.10487080809351818, 0.01220222979374214, 0.013165419465172272, 0.012945829065790523, 0.011890689767817195, 0.045393029021779795, 0.012639486016924502, 0.012544772447278186, 0.012600759994743815, 0.012474097812324166, 0.012466644661459827, 0.08278288126463945, 0.012934273280317312, 0.02242670798595432, 0.013443210084657329, 0.013264572585195181, 0.013386581699344063, 0.014491719468987741, 0.014335325387965886, 0.014453956022240519, 0.015745734362922943, 0.012411846149589604, 0.01256623845036818, 0.012364923100394698, 0.012466019042562598, 0.012177119360835813, 0.01223533936806579, 0.012094759006485569, 0.012655938603739026], "flux_before_g": [], "MJD_before_g": [], "flux_err_before_g": [], "flux_outl_after_i": [], "MJD_outl_after_i": [], "flux_outl_err_after_i": [], "flux_outl_after_r": [17.10270884370659, 17.439578804888594, 17.123371703514103, 17.312250139332114, 17.089412614932566], "MJD_outl_after_r": [58439.37711809995, 58442.37311339984, 58492.45826390013, 58574.23736110004, 58589.20658560004], "flux_outl_err_after_r": [0.017048186564031682, 0.10487080809351818, 0.04902113171667141, 0.08939942131670393, 0.02421919466143808], "flux_outl_after_g": [], "MJD_outl_after_g": [], "flux_outl_err_after_g": [], "mask_after_r": [25.0, 25.0, 25.0, 25.0, 25.0, 25.0, 25.0, 25.0, 25.0, 25.0, 25.0, 25.0, 25.0, 25.0, 25.0, 25.0, 25.0, 25.0, 25.0, 25.0, 25.0, 25.0, 25.0, 25.0, 25.0], "mask_after_g": [], "mask_after_i": [], "flux_after_r": [17.237893912357244, 17.24698323702956, 17.25236645732003, 17.22320587214909, 17.248848558455627, 17.25230342798123, 17.258563412114377, 17.221107020741567, 17.14709378329659, 17.253034638044177, 17.2636501195071, 17.260991204840142, 17.25272701131945, 17.237011323768236, 17.267412176183598, 17.285371655135872, 17.34565761175495, 17.26345997507262, 17.27081759758972, 17.27774722385103, 17.279001296956675, 17.28369746378806, 17.23663843261631, 17.281876140753113, 17.270256214652164], "MJD_after_r": [58448.45656249998, 58449.43202550011, 58476.430717600044, 58481.46502309991, 58493.51976849977, 58509.46358799981, 58534.371435199864, 58540.25175930001, 58558.19314809982, 58582.20814809995, 58592.28490740014, 58593.319363399874, 58618.20251160022, 58770.47319439985, 58770.47364579979, 58771.47111110017, 58771.47156250011, 58833.42825229978, 58833.42870370019, 58859.25946759991, 58859.261759299785, 58860.28667820012, 58860.28712960007, 58862.37415509997, 58862.374594899826], "flux_err_after_r": [0.014891459589473553, 0.014119784188639238, 0.017357369841838187, 0.015015392741872087, 0.011161792629159258, 0.014337576086528334, 0.020682321029549516, 0.012122419828172247, 0.017247412471853216, 0.013694836307931833, 0.015236553670626523, 0.014980130871969815, 0.01484681430059369, 0.017157586511602044, 0.019593804695826073, 0.02322245394161306, 0.02216620687658287, 0.016557014333469608, 0.015611689555432575, 0.019479986824362517, 0.02032338487854067, 0.020603088894340413, 0.017385496950097362, 0.01459875472417796, 0.01312564330067886], "flux_after_g": [], "MJD_after_g": [], "flux_err_after_g": [], "flux_after_i": [], "MJD_after_i": [], "flux_err_after_i": []}