{"name": "J101639.87+194048.4", "flux_err_before_i": [0.03920643772550331, 0.052592432401518126], "mask_before_i": [33.0, 33.0], "flux_before_i": [18.883313024014132, 18.733903897863204], "MJD_before_i": [58257.18356479984, 58558.26207179995], "mask_before_r": [33.0, 33.0, 33.0, 33.0, 33.0, 33.0, 33.0, 33.0, 33.0, 33.0, 33.0, 33.0, 33.0, 33.0, 33.0, 33.0, 33.0, 33.0, 33.0, 33.0, 33.0, 33.0, 33.0, 33.0, 33.0, 33.0, 33.0, 33.0, 33.0, 33.0, 33.0, 33.0, 33.0, 33.0, 33.0, 33.0, 33.0, 33.0, 33.0, 33.0, 33.0, 33.0, 33.0, 33.0, 33.0, 33.0, 33.0, 33.0, 33.0, 33.0, 33.0, 33.0, 33.0, 33.0, 33.0, 33.0, 33.0, 33.0, 33.0, 33.0, 33.0, 33.0, 33.0, 33.0, 33.0, 33.0, 33.0, 33.0, 33.0, 33.0, 33.0, 33.0, 33.0, 33.0, 33.0, 33.0, 33.0], "mask_before_g": [33.0, 33.0, 33.0, 33.0, 33.0, 33.0, 33.0, 33.0, 33.0, 33.0, 33.0, 33.0, 33.0, 33.0, 33.0, 33.0, 33.0, 33.0, 33.0, 33.0, 33.0, 33.0, 33.0, 33.0, 33.0, 33.0, 33.0, 33.0, 33.0, 33.0, 33.0, 33.0, 33.0, 33.0, 33.0, 33.0, 33.0, 33.0, 33.0, 33.0, 33.0, 33.0, 33.0, 33.0, 33.0, 33.0, 33.0, 33.0, 33.0, 33.0, 33.0, 33.0, 33.0], "flux_before_r": [19.3074637993094, 19.428656032138445, 19.21211562882187, 19.128673284302383, 19.582282689688487, 19.444920647547825, 19.328596121510344, 19.200411175687314, 19.44919230708725, 19.3451102039552, 19.37087176254297, 19.29853545020319, 19.220423733169675, 19.017965557004327, 19.205911084709868, 19.122276085675473, 19.327775116630136, 19.10765548931136, 19.204373067975972, 19.160129655413286, 19.014186416376358, 19.026850739347104, 19.318144006287273, 19.090208750219343, 19.20077545468236, 19.249576364067124, 19.15419512477659, 18.76039581865286, 19.17110968351085, 19.34810419827639, 19.326691029535162, 19.14111873579195, 19.070851115098336, 19.178907503066217, 19.173407141358428, 19.468254777569868, 19.26618739846341, 19.285044915953186, 19.474878737637503, 19.242900814612646, 19.29642582987689, 19.242775591356335, 19.324569332311917, 18.959000245670065, 19.313583254654404, 19.264617581854687, 19.170663241230177, 19.281284832073702, 19.130329206577542, 19.285729359090215, 19.236751592664994, 19.665078924370484, 18.04974199922311, 19.210769043298008, 19.22694601054873, 19.184508830789305, 19.165752334334336, 19.15587165696426, 19.37439277278223, 19.209324053985945, 19.168935086745165, 19.216867594981565, 19.156144627656722, 19.13154921478392, 19.16442800560583, 19.177550383206054, 19.16465378021273, 19.01451921052203, 19.06827329403705, 19.291893697259393, 19.153312185943637, 19.139555638666607, 19.013674572585213, 19.116924611649658, 19.04885721465441, 19.082377126099352, 19.20706231827043], "MJD_before_r": [58214.219270799775, 58217.200671299826, 58217.21896990016, 58221.205324099865, 58224.179456000216, 58224.19137729984, 58227.24680559989, 58231.16996529978, 58245.15364579996, 58248.16237269994, 58257.22806710005, 58263.20358800003, 58271.18412039988, 58425.48231479991, 58428.501875000075, 58431.52598380018, 58434.49721059995, 58437.522696800064, 58439.39730319986, 58440.53952550003, 58442.40361109981, 58443.44234950002, 58447.46149310004, 58447.54084490007, 58448.46187500004, 58449.45089119999, 58461.542083300184, 58467.52351849992, 58468.49817130016, 58471.525080999825, 58474.47597219981, 58476.46901619993, 58480.45293979999, 58481.41923609981, 58486.47699069977, 58492.44212959986, 58493.43871530006, 58502.422002300154, 58502.51905089989, 58503.32037039986, 58503.336932899896, 58503.3538079001, 58503.37151619978, 58503.38901619986, 58503.40643520001, 58503.42306709988, 58503.43951389985, 58503.45587959979, 58510.28456019983, 58511.39609949989, 58513.43219910003, 58513.439294000156, 58538.2347569, 58556.21175929997, 58559.244108799845, 58567.22825230006, 58581.234768500086, 58584.18552079983, 58591.33609949984, 58594.15505790012, 58598.18748839991, 58601.25983799994, 58605.16450229986, 58617.2474421002, 58634.171157400124, 58637.177233799826, 58640.22240740014, 58648.199780100025, 58770.49506939994, 58803.429583299905, 58827.44060190022, 58828.43743060017, 58884.23271990009, 59266.321261600126, 59268.34076389996, 59273.254965300206, 59275.322534699924], "flux_err_before_r": [0.170181873120554, 0.0427888331182843, 0.022605244721679334, 0.09269824331206093, 0.06499017546484667, 0.04259798832332304, 0.0030170801569775908, 0.042973418560853446, 0.044009979287613805, 0.018778082451576483, 0.031644627633922194, 0.01767138403099994, 0.04522659826799201, 0.08377450926645542, 0.06248488055333362, 0.06663287371017487, 0.10123801797913881, 0.045971822266435, 0.024180621346096255, 0.002403257255366084, 0.09915472444936471, 0.045735733825850854, 0.10408862714180445, 0.08827911368862763, 0.11383319311615965, 0.17184190596098034, 0.01960875498827278, 0.1794464975703013, 0.0024673585997117757, 0.043746465754596724, 0.07517298392275844, 0.04093733942447526, 0.07435788550371575, 0.04919381489745921, 0.002446984714612478, 0.09987688167953516, 0.002726109896186687, 0.13503821479208872, 0.0997055178139945, 0.3287409707104551, 0.226081175414897, 0.17136887995708863, 0.2141446179357005, 0.17306486020626155, 0.13812567603258072, 0.06896730452919024, 0.07406023074701465, 0.14246530465783105, 0.13239302303293732, 0.029211614641098983, 0.11457000415828913, 0.13646039377919816, 0.32286062419351513, 0.04910070288851324, 0.06147501169469064, 0.0025807856323212678, 0.0026093319599227644, 0.035766504850703124, 0.35278530074869263, 0.031157217865800405, 0.002570410192369937, 0.014755194004702576, 0.0026519556142156992, 0.08972468851740538, 0.0027094403998666836, 0.023132478568601643, 0.054277297742122484, 0.1724205874244042, 0.1032086597282327, 0.1380620632614472, 0.07386328652903404, 0.07004930571721082, 0.1257179494018886, 0.07104200399416591, 0.043456561461732636, 0.21622562984280047, 0.07145791141423598], "flux_before_g": [19.922072847539994, 19.731078653159308, 19.690024588109033, 19.725405704521407, 20.172562290992005, 19.43479303670879, 19.75455996525382, 19.87720519797923, 19.693545001517514, 19.79733317202725, 19.859569051787734, 20.07412793074987, 19.580406681949565, 19.58445014108912, 19.570206865426304, 19.650213959626754, 19.56422089916872, 19.552675504008494, 19.655961419197638, 19.64490081427892, 19.812362106085487, 19.644263746802228, 19.65047129673563, 19.813239001822062, 19.7919921997052, 19.817395408369144, 19.681831520891897, 19.743113378697075, 19.51461130187545, 19.62059894015861, 19.77255413131161, 19.804866877245956, 19.72724625417915, 19.71302032827689, 19.624990803791214, 19.67736426412596, 19.814133676386778, 19.720119209817476, 19.86805507049408, 19.66085453695863, 19.644714270697367, 19.701344423245008, 19.61626665062679, 19.55879389652729, 19.678405201521905, 19.656590411170402, 20.001303517648598, 19.628845128837558, 19.371441434124332, 19.562830589243738, 19.494213669030895, 19.333494525256892, 19.54985905294046], "MJD_before_g": [58202.26618060004, 58202.27375000017, 58210.26501160022, 58210.273958299775, 58234.22670139978, 58237.20635419991, 58245.227557899896, 58248.17288189987, 58268.1707870001, 58274.214259299915, 58279.19053239981, 58290.194340299815, 58425.523333299905, 58428.5440508998, 58431.48268519994, 58434.53874999983, 58437.48796299985, 58439.48490739986, 58440.49915509997, 58443.519895799924, 58457.54731479986, 58461.47642360022, 58464.46811340004, 58480.48214119999, 58482.5089699002, 58486.43517359998, 58491.43626159988, 58494.48229169985, 58507.468599500135, 58513.3796759001, 58522.410439800005, 58522.42964120023, 58526.415289400145, 58556.34203700023, 58559.30952550005, 58567.20697919978, 58575.255613400135, 58581.21091439994, 58584.23171300022, 58591.185347199906, 58598.22734950017, 58601.22953699995, 58605.2118286998, 58608.20706020016, 58634.20171299996, 58637.21814810019, 58645.201330999844, 58814.5178704001, 58884.295879600104, 59266.30145830009, 59268.22320599994, 59273.30055559985, 59275.207094899844],