{"name": "J102713.98+134432.0", "flux_err_before_i": [], "mask_before_i": [], "flux_before_i": [], "MJD_before_i": [], "mask_before_r": [26.0, 26.0, 26.0, 26.0, 26.0, 26.0, 26.0, 26.0, 26.0, 26.0, 26.0, 26.0, 26.0, 26.0, 26.0], "mask_before_g": [], "flux_before_r": [17.58797377614923, 17.58432203949924, 17.600236958424738, 17.575242143961297, 17.55128991952314, 17.541747054673493, 17.55655553604611, 17.578470262391832, 17.546637477404467, 17.566691708185374, 17.50509859847831, 17.521698971957427, 17.558797086106637, 17.536347918100788, 17.563296789548993], "MJD_before_r": [58439.55587959988, 58442.413263900205, 58448.469224500004, 58449.45135420002, 58476.44048610004, 58481.47346059978, 58492.44443289982, 58493.439641200006, 58513.43083330011, 58540.24159719981, 58558.18471059995, 58574.20840279991, 58582.216955999844, 58593.28343749978, 58618.26976849977], "flux_err_before_r": [0.029722618062211537, 0.03177944922788697, 0.02470542524962421, 0.026080409606139717, 0.021125817229176787, 0.02300786774174176, 0.07624296282295871, 0.023611612939396877, 0.1447813231496126, 0.02398027911054234, 0.023053506374429898, 0.058745842843154206, 0.02453897311408613, 0.023972687140175444, 0.02656417093457773], "flux_before_g": [], "MJD_before_g": [], "flux_err_before_g": [], "flux_outl_after_i": [], "MJD_outl_after_i": [], "flux_outl_err_after_i": [], "flux_outl_after_r": [17.58797377614923, 17.541747054673493, 17.578470262391832, 17.566691708185374, 17.558797086106637, 17.55655553604611, 17.546637477404467, 17.521698971957427], "MJD_outl_after_r": [58439.55587959988, 58481.47346059978, 58493.439641200006, 58540.24159719981, 58582.216955999844, 58492.44443289982, 58513.43083330011, 58574.20840279991], "flux_outl_err_after_r": [0.038653305005124435, 0.029920989042004208, 0.03070614017578041, 0.03118557862661036, 0.03191214213721066, 0.09915151115967706, 0.18828343556526736, 0.07639707163234297], "flux_outl_after_g": [], "MJD_outl_after_g": [], "flux_outl_err_after_g": [], "mask_after_r": [26.0, 26.0, 26.0, 26.0, 26.0, 26.0, 26.0], "mask_after_g": [], "mask_after_i": [], "flux_after_r": [17.62203590310379, 17.628900052485072, 17.62000286765994, 17.605879086711553, 17.56987696357335, 17.57813158457401, 17.62053628452714], "MJD_after_r": [58442.413263900205, 58448.469224500004, 58449.45135420002, 58476.44048610004, 58558.18471059995, 58593.28343749978, 58618.26976849977], "flux_err_after_r": [0.029673321549029186, 0.026812910023705956, 0.02864283610850503, 0.024959795665014217, 0.030640639478509736, 0.028913652223175365, 0.029299874295041595], "flux_after_g": [], "MJD_after_g": [], "flux_err_after_g": [], "flux_after_i": [], "MJD_after_i": [], "flux_err_after_i": []}