{"name": "J102623.84+124545.3", "flux_err_before_i": [], "mask_before_i": [], "flux_before_i": [], "MJD_before_i": [], "mask_before_r": [7.0, 7.0, 7.0, 7.0, 7.0, 7.0, 7.0, 7.0, 7.0, 7.0, 7.0, 7.0, 7.0, 7.0, 7.0, 7.0, 7.0, 7.0, 7.0, 7.0, 7.0, 7.0], "mask_before_g": [7.0], "flux_before_r": [18.511775602242473, 18.53883580278849, 18.4880970457841, 18.481704057307727, 18.459775060837842, 18.541093791804077, 18.49356934827891, 18.554430474445645, 18.524231812248594, 18.49957745284098, 18.534631133524865, 18.460296399310685, 18.52085812867498, 18.48365329039909, 18.56524827768504, 18.491329347976915, 18.472773919171466, 18.57558559408546, 18.51201292430952, 18.52159230763827, 18.511408831242456, 18.537949501347402], "MJD_before_r": [58439.55587959988, 58442.413263900205, 58448.469224500004, 58449.45135420002, 58476.44048610004, 58481.47346059978, 58492.44443289982, 58493.439641200006, 58511.394270800054, 58513.43083330011, 58540.24159719981, 58558.18471059995, 58574.20840279991, 58582.216955999844, 58593.28343749978, 58618.26976849977, 58828.4378819, 58836.5197222, 58899.29910880001, 58899.29956019996, 58939.20306710014, 58939.203530100174], "flux_err_before_r": [0.01386870398484873, 0.06354401079809233, 0.027876688707753713, 0.020404382117558725, 0.010424030227408024, 0.011286600536460818, 0.06829038230423526, 0.011103447092424109, 0.011009772945976644, 0.14628424239444923, 0.011450332316472673, 0.010942692554079038, 0.05698345611746364, 0.011441078196468519, 0.028981152722042946, 0.03716374763506442, 0.010286679418972098, 0.010995117513370014, 0.010559681213163082, 0.010623865425905737, 0.011606176485299708, 0.011579916778897954], "flux_before_g": [19.178843063413822], "MJD_before_g": [58202.26795140002], "flux_err_before_g": [0.016832674535502096], "flux_outl_after_i": [], "MJD_outl_after_i": [], "flux_outl_err_after_i": [], "flux_outl_after_r": [18.49356934827891, 18.49957745284098, 18.52085812867498], "MJD_outl_after_r": [58492.44443289982, 58513.43083330011, 58574.20840279991], "flux_outl_err_after_r": [0.06829038230423526, 0.14628424239444923, 0.05698345611746364], "flux_outl_after_g": [19.178843063413822], "MJD_outl_after_g": [58202.26795140002], "flux_outl_err_after_g": [0.016832674535502096], "mask_after_r": [7.0, 7.0, 7.0, 7.0, 7.0, 7.0, 7.0, 7.0, 7.0, 7.0, 7.0, 7.0, 7.0, 7.0, 7.0, 7.0, 7.0, 7.0, 7.0], "mask_after_g": [], "mask_after_i": [], "flux_after_r": [18.558152569935547, 18.573664754468588, 18.546058131268797, 18.544859265819895, 18.539842844103422, 18.595468521264078, 18.606018910405645, 18.579722620325725, 18.58134870270121, 18.520795727110684, 18.533375745607135, 18.62692093879176, 18.53156412129072, 18.535299178714887, 18.62923022992546, 18.55921062353152, 18.570556804937244, 18.549929990395153, 18.580389220657526], "MJD_after_r": [58439.55587959988, 58442.413263900205, 58448.469224500004, 58449.45135420002, 58476.44048610004, 58481.47346059978, 58493.439641200006, 58511.394270800054, 58540.24159719981, 58558.18471059995, 58582.216955999844, 58593.28343749978, 58618.26976849977, 58828.4378819, 58836.5197222, 58899.29910880001, 58899.29956019996, 58939.20306710014, 58939.203530100174], "flux_err_after_r": [0.02108551937430501, 0.06949809699888207, 0.036422549844352815, 0.03114693046385084, 0.01978755152537068, 0.01895950517682858, 0.015934491037964297, 0.017366549292909293, 0.015970781767242967, 0.020425908483340544, 0.016280908047326677, 0.03792333455843821, 0.04427475247188179, 0.018700526343526598, 0.01673500100590838, 0.015151739305423692, 0.015295777419647376, 0.01812186363593954, 0.017276245176258316], "flux_after_g": [], "MJD_after_g": [], "flux_err_after_g": [], "flux_after_i": [], "MJD_after_i": [], "flux_err_after_i": []}