{"name": "J102645.38+240959.1", "flux_err_before_i": [], "mask_before_i": [], "flux_before_i": [], "MJD_before_i": [], "mask_before_r": [35.0, 35.0, 35.0, 35.0, 35.0, 35.0, 35.0, 35.0, 35.0, 35.0, 35.0, 35.0, 35.0, 35.0, 35.0, 35.0], "mask_before_g": [35.0, 35.0, 35.0, 35.0, 35.0, 35.0, 35.0, 35.0, 35.0], "flux_before_r": [17.75239383657471, 17.82813345711687, 17.839516667370095, 17.87306096223269, 17.86818650141778, 17.82841546101975, 17.801950466139992, 17.890361691648494, 17.8620414953214, 17.94005891499892, 17.827607375740733, 17.753400532550835, 17.829243544952135, 17.679883202811837, 17.8550391071605, 17.84123702410803], "MJD_before_r": [58439.397766199894, 58442.404999999795, 58448.46233800007, 58449.4367244998, 58468.49907410005, 58476.45822919998, 58481.4604282002, 58492.4448958002, 58493.44010420004, 58513.43356479984, 58540.225810199976, 58558.18054400012, 58559.20578699978, 58574.217731500044, 58582.2165045999, 58593.26853010012], "flux_err_before_r": [0.042263942821016864, 0.02326729297236192, 0.01673628806928011, 0.017112633940831477, 0.016820816615313167, 0.015768074380041006, 0.016014473381993504, 0.050600773091338314, 0.01673821236419035, 0.058430020878024735, 0.017053574617475555, 0.01591082461403544, 0.0167582974054547, 0.10984979109482405, 0.017393545530026255, 0.017340726363800674], "flux_before_g": [18.698342162344023, 18.73546234509655, 18.699516247504494, 18.650728215318455, 18.63555306941055, 18.672713384590583, 18.748365670957547, 18.695305957942963, 18.65817815199138], "MJD_before_g": [58202.26677080011, 58439.485370399896, 58482.5103356, 58491.43763889978, 58507.510266200174, 58522.41089119995, 58539.266724499874, 58540.435046299826, 58585.20365739986], "flux_err_before_g": [0.005517048630187245, 0.008143195946544102, 0.0056039783157385585, 0.005438275854890342, 0.047246802279973694, 0.005559238431209601, 0.008789339004563808, 0.005671949171522433, 0.005623946853530252], "flux_outl_after_i": [], "MJD_outl_after_i": [], "flux_outl_err_after_i": [], "flux_outl_after_r": [17.75239383657471, 17.890361691648494, 17.94005891499892, 17.679883202811837], "MJD_outl_after_r": [58439.397766199894, 58492.4448958002, 58513.43356479984, 58574.217731500044], "flux_outl_err_after_r": [0.003228310473061432, 0.003865115150462014, 0.004463148389646315, 0.10984979109482405], "flux_outl_after_g": [], "MJD_outl_after_g": [], "flux_outl_err_after_g": [], "mask_after_r": [35.0, 35.0, 35.0, 35.0, 35.0, 35.0, 35.0, 35.0, 35.0, 35.0, 35.0, 35.0], "mask_after_g": [35.0, 35.0, 35.0, 35.0, 35.0, 35.0, 35.0, 35.0, 35.0], "mask_after_i": [], "flux_after_r": [17.92412148409562, 17.959372593646428, 17.97154566114324, 17.982583742657102, 17.9259475678102, 17.9215312206791, 17.964267581420984, 18.013469609893384, 17.936843359039667, 17.94584525219309, 17.965299865820143, 17.98466642533229], "MJD_after_r": [58442.404999999795, 58448.46233800007, 58449.4367244998, 58468.49907410005, 58476.45822919998, 58481.4604282002, 58493.44010420004, 58540.225810199976, 58558.18054400012, 58559.20578699978, 58582.2165045999, 58593.26853010012], "flux_err_after_r": [0.026664302421425545, 0.0235863469923076, 0.02291646872241838, 0.016961978446979473, 0.019405207314944533, 0.021744635773249338, 0.015949292842834615, 0.019753820680214827, 0.022466754304548506, 0.02069294626802646, 0.01792916261267604, 0.020700223664996218], "flux_after_g": [18.714658126300943, 18.60427466613789, 18.616956679140415, 18.654531764029635, 18.6494575130015, 18.62025705713601, 18.638602292422046], "MJD_after_g": [58439.485370399896, 58482.5103356, 58491.43763889978, 58522.41089119995, 58539.266724499874, 58540.435046299826, 58585.20365739986], "flux_err_after_g": [0.01884322178762775, 0.017690619313401653, 0.01732908454388986, 0.021958116904273555, 0.022293741800626724, 0.023305768443573564, 0.020896555723043206], "flux_after_i": [], "MJD_after_i": [], "flux_err_after_i": []}