{"name": "J102212.61+383742.8", "flux_err_before_i": [], "mask_before_i": [], "flux_before_i": [], "MJD_before_i": [], "mask_before_r": [36.0, 36.0, 36.0, 36.0, 36.0, 36.0, 36.0, 36.0, 36.0, 36.0, 36.0, 36.0, 36.0, 36.0, 36.0, 36.0, 36.0, 36.0, 36.0, 36.0, 36.0, 36.0, 36.0, 36.0, 36.0, 36.0, 36.0, 36.0, 36.0, 36.0, 36.0, 36.0, 36.0, 36.0, 36.0, 36.0, 36.0, 36.0, 36.0, 36.0, 36.0, 36.0, 36.0, 36.0], "mask_before_g": [36.0, 36.0, 36.0, 36.0, 36.0, 36.0, 36.0, 36.0, 36.0, 36.0, 36.0, 36.0, 36.0, 36.0, 36.0, 36.0, 36.0, 36.0, 36.0, 36.0, 36.0, 36.0, 36.0, 36.0, 36.0, 36.0], "flux_before_r": [18.76259276560171, 18.6765910480687, 18.695267751569332, 18.6736579990303, 18.736003669756826, 18.817666697966175, 18.778861467554243, 18.851689184330993, 18.774813666540155, 18.798141429445096, 18.738992998243248, 18.755047566253417, 18.82265531812439, 18.757397665073853, 18.741393097176676, 18.708621882438145, 18.669856000023167, 18.809927029149208, 18.758798570895216, 18.79791363501287, 18.85913948225829, 18.71981646220673, 18.931308410990695, 18.764787385284787, 18.760099046512103, 18.775033498737006, 18.641381943196457, 18.713905633836536, 18.870407139113702, 18.78092088800326, 18.772442863238187, 18.84107149257099, 18.80621678605458, 18.75008576998558, 18.840292512527505, 18.828618696427913, 18.684770723421735, 18.737276004053186, 18.775741348051245, 18.746499083267974, 18.730832062006577, 18.802099513165878, 18.7680333227945, 18.75237561690605], "MJD_before_r": [58439.38878470007, 58448.45416670013, 58449.43533559982, 58455.52864579996, 58472.41568290023, 58476.444618099835, 58481.44065969996, 58492.456423600204, 58493.44841440022, 58509.47165510012, 58534.37344910018, 58540.22672449984, 58557.25025459984, 58558.181909699924, 58574.21262730006, 58582.19975689985, 58589.2269444, 58593.2662037001, 58597.24142359989, 58618.26166669978, 58757.500972200185, 58771.48322919989, 58771.483680599835, 58830.43438659981, 58830.43483800022, 58833.45150459977, 58833.45195600018, 58837.45356479986, 58837.4540161998, 58846.43302079989, 58846.43347219983, 58851.456666700076, 58851.45711810002, 58856.332036999986, 58856.33248839993, 58859.291215300094, 58859.29701389978, 58893.326226899866, 58893.32667820016, 58899.27821760019, 58899.27866900014, 58900.24042819999, 58939.157604199834, 58939.15805559978], "flux_err_before_r": [0.022213886039496304, 0.015759551454897398, 0.015878685023044087, 0.017814376753928593, 0.016235620868989605, 0.017696774318003285, 0.017143205071876822, 0.04700801544757086, 0.01626720350987587, 0.017906223671459442, 0.127535432923689, 0.016401609200915518, 0.018298250155905763, 0.017602992313328097, 0.04847454892038812, 0.016285315859445943, 0.08584875636588202, 0.018383925227900274, 0.01734390402605581, 0.020931140230232678, 0.022738574043425927, 0.07873811625458325, 0.11898824729407934, 0.016382583395769153, 0.016014266514835736, 0.028390298663286025, 0.014699420392587552, 0.015833965226518094, 0.01823854919510585, 0.016274804805981574, 0.01563596100269472, 0.017518464213795736, 0.016894842509670795, 0.023760911824976902, 0.020445073073016778, 0.048837974479177745, 0.027469209460673768, 0.015653729863389768, 0.015953059042308804, 0.015942156442679385, 0.015716659998886006, 0.016748936597552673, 0.01710333343116105, 0.01703168750244901], "flux_before_g": [19.520479163681415, 19.523386032397543, 19.475190551630128, 19.52953278197029, 19.530564124219612, 19.32251727422135, 19.55097308209937, 19.406466203386515, 19.54349922383227, 19.58011853516578, 19.768508059669088, 19.602154613105842, 19.94957373773841, 19.4777835113768, 19.44778926022879, 19.889522820694097, 19.351806436046363, 19.54327988700429, 19.5449354320625, 19.442345764786104, 19.591323977546168, 19.572148903708452, 19.487792069475724, 19.490548041572783, 19.538951624280777, 19.455549713670415], "MJD_before_g": [58430.54583329987, 58434.546423600055, 58439.482164400164, 58482.492638899945, 58487.46638889983, 58506.49008100014, 58507.5121065001, 58522.45743060019, 58539.238275500014, 58540.39590279991, 58560.20128470007, 58561.244131899904, 58582.142696800176, 58585.19438660005, 58587.24951389991, 58588.25193289993, 58804.479282400105, 58804.48734949995, 58805.50550930016, 58805.505960599985, 58853.51591440011, 58853.516365699936, 58854.5402199002, 58854.54067130014, 58985.16518520005, 58985.165648099966], "flux_err_before_g": [0.00979955406701656, 0.07975951183239488, 0.01384238322790417, 0.009765798535004196, 0.00977327901682697, 0.14520128501302057, 0.1862015689478791, 0.00917236079263557, 0.01048417683326063, 0.011012909287205407, 0.1493397782879483, 0.2191288969578061, 0.21553693228096119, 0.0099652466513836, 0.09919230692363482, 0.32517068574691516, 0.1502998607055974, 0.1559484122209121, 0.0936912047278746, 0.07366473761702003, 0.01000147926538409, 0.009798378447126038, 0.06629057118390512, 0.08336960669137024, 0.010088702083285016, 0.009246865345002062], "flux_outl_after_i": [], "MJD_outl_after_i": [], "flux_outl_err_after_i": [], "flux_outl_after_r": [18.851689184330993, 18.738992998243248, 18.741393097176676, 18.755047566253417], "MJD_outl_after_r": [58492.456423600204, 58534.37344910018, 58574.21262730006, 58540.22672449984], "flux_outl_err_after_r": [0.04700801544757086, 0.127535432923689, 0.04847454892038812, 0.016243337557233957], "flux_outl_after_g": [19.523386032397543, 19.487792069475724, 19.490548041572783, 19.94957373773841], "MJD_outl_after_g": [58434.546423600055, 58854.5402199002, 58854.54067130014, 58582.142696800176], "flux_outl_err_after_g": [0.07975951183239488, 0.06629057118390512, 0.08336960669137024, 0.21553693228096119], "mask_after_r": [36.0, 36.0, 36.0, 36.0, 36.0, 36.0, 36.0, 36.0, 36.0, 36.0, 36.0, 36.0, 36.0, 36.0, 36.0, 36.0, 36.0, 36.0, 36.0, 36.0, 36.0, 36.0, 36.0, 36.0, 36.0, 36.0, 36.0, 36.0, 36.0, 36.0, 36.0, 36.0, 36.0, 36.0, 36.0, 36.0, 36.0, 36.0, 36.0, 36.0], "mask_after_g": [36.0, 36.0, 36.0, 36.0, 36.0, 36.0, 36.0, 36.0, 36.0, 36.0, 36.0, 36.0, 36.0, 36.0, 36.0, 36.0, 36.0, 36.0, 36.0, 36.0, 36.0, 36.0], "mask_after_i": [], "flux_after_r": [18.835992901555183, 18.786634358135323, 18.794255395885756, 18.75697068740024, 18.80975896687577, 18.92344994351403, 18.858850590308506, 18.83863636050895, 18.86270052513584, 18.91490112030715, 18.867951481990485, 18.82759173484262, 18.743057909840704, 18.924734462083986, 18.834476611824126, 18.86957608864541, 18.936745446001698, 18.79425243889601, 19.0146866391849, 18.87065765947011, 18.83441752127532, 18.848290170459727, 18.719295192873734, 18.78161192162641, 18.939095381210265, 18.866554197125833, 18.82005314654043, 18.903718232660246, 18.86916044670925, 18.789786615193222, 18.957768945234854, 18.92494184996916, 18.76124770360574, 18.79461389351227, 18.82875843373372, 18.812799658276838, 18.800503732864144, 18.867542545085534, 18.83489079840106, 18.838698482037124], "MJD_after_r": [58439.38878470007, 58448.45416670013, 58449.43533559982, 58455.52864579996, 58472.41568290023, 58476.444618099835, 58481.44065969996, 58493.44841440022, 58509.47165510012, 58557.25025459984, 58558.181909699924, 58582.19975689985, 58589.2269444, 58593.2662037001, 58597.24142359989, 58618.26166669978, 58757.500972200185, 58771.48322919989, 58771.483680599835, 58830.43438659981, 58830.43483800022, 58833.45150459977, 58833.45195600018, 58837.45356479986, 58837.4540161998, 58846.43302079989, 58846.43347219983, 58851.456666700076, 58851.45711810002, 58856.332036999986, 58856.33248839993, 58859.291215300094, 58859.29701389978, 58893.326226899866, 58893.32667820016, 58899.27821760019, 58899.27866900014, 58900.24042819999, 58939.157604199834, 58939.15805559978],