{"name": "J102658.12+091317.4", "flux_err_before_i": [], "mask_before_i": [], "flux_before_i": [], "MJD_before_i": [], "mask_before_r": [7.0, 7.0, 7.0, 7.0, 7.0, 7.0, 7.0, 7.0, 7.0, 7.0, 7.0, 7.0, 7.0, 7.0, 7.0, 7.0, 7.0, 7.0, 7.0, 7.0, 7.0, 7.0, 7.0, 7.0, 7.0, 7.0, 7.0, 7.0, 7.0, 7.0, 7.0, 7.0], "mask_before_g": [7.0, 7.0, 7.0, 7.0, 7.0, 7.0, 7.0, 7.0, 7.0, 7.0, 7.0, 7.0, 7.0, 7.0, 7.0, 7.0, 7.0, 7.0, 7.0, 7.0, 7.0, 7.0, 7.0, 7.0, 7.0, 7.0, 7.0, 7.0, 7.0, 7.0, 7.0, 7.0, 7.0, 7.0, 7.0, 7.0], "flux_before_r": [17.840727097318872, 17.858244664274565, 17.809649222208424, 17.885122752856287, 17.791026580052485, 17.7885982915913, 17.819700010754957, 17.820880374223456, 17.85004723089149, 17.846269659772616, 17.81029378922889, 17.817118592203045, 17.79105844055364, 17.78251767235571, 17.77123975231808, 17.810357800699727, 17.797586794931405, 17.780002944985473, 17.84731977908953, 17.827634695851383, 17.80302139575287, 17.786952466333865, 17.81760218365848, 17.800010173569348, 17.887033845981676, 17.76772205797097, 17.83207909329773, 17.67979699412626, 17.762602314247133, 17.788974071769438, 17.784273810383702, 17.74590047717406], "MJD_before_r": [58217.2021643999, 58217.2175925998, 58221.20487269992, 58221.22515049996, 58224.180405099876, 58229.18958330015, 58245.15225689998, 58248.161006900016, 58257.22945600003, 58266.23182869982, 58272.165439799894, 58429.52217590017, 58432.538344900124, 58442.416215300094, 58447.480833299924, 58449.45650460012, 58461.54114580015, 58464.54221059987, 58471.5232406999, 58476.45870369999, 58481.47391200019, 58486.49965280015, 58492.44398149988, 58493.470046299975, 58514.40315969987, 58559.2436573999, 58567.23197920015, 58591.357847199775, 59266.322210600134, 59268.33935189992, 59270.31100689992, 59274.36085649999], "flux_err_before_r": [0.011033270745529138, 0.01121272839106538, 0.01583263228807622, 0.015848294676015735, 0.010539598538058075, 0.010516052683472448, 0.010821648933944975, 0.010833420140345525, 0.011128389784151337, 0.013107543281667924, 0.01072830105865333, 0.011689094600554494, 0.011390867831489123, 0.014606309722181299, 0.010956436788158287, 0.012226905533737243, 0.012968452465463598, 0.010954047366461996, 0.011718211929680047, 0.01110164446832277, 0.011319363191059629, 0.010970702118886884, 0.034678021378576986, 0.011220636826282127, 0.14569882689800645, 0.011127106882512774, 0.012154163488771894, 0.05761637290835393, 0.00988403699457444, 0.01013358384636205, 0.010279286263030324, 0.009868556397770793], "flux_before_g": [18.335846775659835, 18.279812055518306, 18.399674329969518, 18.25448575248314, 18.24186553061081, 18.26089385211851, 18.298494456129994, 18.231864505147506, 18.15115746700726, 18.26695182443804, 18.319187396516003, 18.268810641693133, 18.368499171380957, 18.261692054196438, 18.310389503171084, 18.266417398074992, 18.269998339442918, 18.222214905965227, 18.262435433441397, 18.217877330127642, 18.256239841740914, 18.219505876424734, 18.295060215629725, 18.24084100254615, 18.241239256412626, 18.23657903696217, 18.274721094369134, 18.17001864821225, 18.3102335661268, 18.26716206751101, 18.27026827489685, 18.285220721615623, 18.23602875368362, 18.150683057847083, 18.21365640797203, 18.30975347443021], "MJD_before_g": [58202.272361100186, 58208.26146990014, 58208.28090280015, 58229.16560189985, 58235.169953700155, 58235.20800929982, 58238.14825229999, 58242.2045948999, 58245.228483799845, 58248.17195599992, 58269.234895799775, 58279.18961809995, 58290.19387729978, 58426.46170140011, 58429.48304399988, 58432.482199099846, 58438.49858799996, 58439.499270800035, 58441.51880790014, 58461.46049770014, 58464.498182899784, 58480.49914349988, 58482.50668979995, 58486.434722200036, 58491.45508099999, 58508.52519680001, 58522.43055560021, 58538.2943519, 58559.310902799945, 58598.227812500205, 58634.19392360002, 58637.2176967999, 59266.300995400175, 59268.22366899997, 59270.278472200036, 59274.21245370014], "flux_err_before_g": [0.007644269276587693, 0.1367951330738279, 0.16311870505748816, 0.006998284081240303, 0.025083384114082518, 0.015410442242484683, 0.02944156820645142, 0.0072074737423680766, 0.048024403573044654, 0.007130139003549128, 0.053705053309833446, 0.008045657177446281, 0.030704753118394178, 0.008602686339852563, 0.008445649774833284, 0.007892311646360594, 0.0076884111983147405, 0.008218701914014593, 0.008317090749712205, 0.011735678376001202, 0.007036767526952636, 0.006932974732379164, 0.007410736184861598, 0.007038071391514739, 0.012388335814071408, 0.02870659003643709, 0.007548240073859688, 0.04935432322825213, 0.019771723364513723, 0.007894817476423883, 0.008745498643917009, 0.00970343621661341, 0.006387468454155971, 0.0061346598876088655, 0.03504408977797498, 0.08201157595495162], "flux_outl_after_i": [], "MJD_outl_after_i": [], "flux_outl_err_after_i": [], "flux_outl_after_r": [17.81760218365848, 17.887033845981676, 17.67979699412626], "MJD_outl_after_r": [58492.44398149988, 58514.40315969987, 58591.357847199775], "flux_outl_err_after_r": [0.05707992451452248, 0.14569882689800645, 0.05761637290835393], "flux_outl_after_g": [18.279812055518306, 18.399674329969518, 18.15115746700726, 18.17001864821225], "MJD_outl_after_g": [58208.26146990014, 58208.28090280015, 58245.228483799845, 58538.2943519], "flux_outl_err_after_g": [0.1367951330738279, 0.16311870505748816, 0.048024403573044654, 0.04935432322825213], "mask_after_r": [7.0, 7.0, 7.0, 7.0, 7.0, 7.0, 7.0, 7.0, 7.0, 7.0, 7.0, 7.0, 7.0, 7.0, 7.0, 7.0, 7.0, 7.0, 7.0, 7.0, 7.0, 7.0, 7.0, 7.0, 7.0, 7.0, 7.0, 7.0, 7.0], "mask_after_g": [7.0, 7.0, 7.0, 7.0, 7.0, 7.0, 7.0, 7.0, 7.0, 7.0, 7.0, 7.0, 7.0, 7.0, 7.0, 7.0, 7.0, 7.0, 7.0, 7.0, 7.0, 7.0, 7.0, 7.0, 7.0, 7.0, 7.0, 7.0, 7.0, 7.0, 7.0, 7.0], "mask_after_i": [], "flux_after_r": [17.9002876997419, 17.869370371735176, 17.87612853696475, 17.840627834460374, 17.89961340277123, 17.853733000039554, 17.86593233139101, 17.85792145931426, 17.901912393906272, 17.881347626833648, 17.846125004749737, 17.87023371184894, 17.852523931848715, 17.877679247991843, 17.852806640007962, 17.86332632639267, 17.870371365840093, 17.809643304761522], "MJD_after_r": [58429.52217590017, 58432.538344900124, 58442.416215300094, 58447.480833299924, 58449.45650460012, 58461.54114580015, 58464.54221059987, 58471.5232406999, 58476.45870369999, 58481.47391200019, 58486.49965280015, 58493.470046299975, 58559.2436573999, 58567.23197920015, 59266.322210600134, 59268.33935189992, 59270.31100689992, 59274.36085649999], "flux_err_after_r": [0.016420021252471155, 0.021322109420939553, 0.026133942334116426, 0.018443433893245795, 0.01930060344744105, 0.018755985304685016, 0.013618811393223894, 0.0186674429003149, 0.018524837549434264, 0.019078831582889907, 0.017290298079553686, 0.01596980674360422, 0.01858076950872542, 0.01725914006832698, 0.018057443429023674, 0.01808910349864609, 0.020318273680101848, 0.019086188203022346], "flux_after_g": [18.226280694494235, 18.302394919753795, 18.20105334184056, 18.239218627464815, 18.218500824282227, 18.22739599039553, 18.18313912068581, 18.210559935349586, 18.14613753159225, 18.198684706666306, 18.167107672244935, 18.233574452964582, 18.182561123479037, 18.192667109576504, 18.180233367479776, 18.205141300880165, 18.24514742545354, 18.211070157712197, 18.222354895308133, 18.20830845448141, 18.17851722277298, 18.104812647997107, 18.1711452136497, 18.26080644785149], "MJD_after_g": [58279.18961809995, 58290.19387729978, 58426.46170140011, 58429.48304399988, 58432.482199099846, 58438.49858799996, 58439.499270800035, 58441.51880790014, 58461.46049770014, 58464.498182899784, 58480.49914349988, 58482.50668979995, 58486.434722200036, 58491.45508099999, 58508.52519680001, 58522.43055560021, 58559.310902799945, 58598.227812500205, 58634.19392360002, 58637.2176967999, 59266.300995400175, 59268.22366899997, 59270.278472200036, 59274.21245370014],