{"name": "J102523.66+645955.3", "flux_err_before_i": [], "mask_before_i": [], "flux_before_i": [], "MJD_before_i": [], "mask_before_r": [24.0, 24.0, 24.0, 24.0, 24.0, 24.0, 24.0, 24.0, 24.0, 24.0, 24.0, 24.0, 24.0, 24.0, 24.0, 24.0, 24.0, 24.0, 24.0, 24.0, 24.0, 24.0, 24.0, 24.0, 24.0, 24.0, 24.0, 24.0, 24.0, 24.0, 24.0, 24.0, 24.0, 24.0], "mask_before_g": [], "flux_before_r": [16.859047461833594, 16.78725814454047, 16.804962813660154, 16.791834728779925, 16.7905921156923, 16.80602130590952, 16.76634448275217, 16.79878046030256, 16.804709258190528, 16.7602192117332, 16.789661711556697, 16.809138799829284, 16.74296538154865, 16.798266033466362, 16.808391704095044, 16.802987319819685, 16.77846438091065, 16.780122100526196, 16.790120164658227, 16.802802018934553, 16.82055971442227, 16.736620002781876, 16.81766071847072, 16.829189242499897, 16.78527875468891, 16.768254195818308, 16.78395433652603, 16.803650352888766, 16.81066162857981, 16.80045566516457, 16.78592928192451, 16.83206107801315, 16.80085640804129, 16.815569686012523], "MJD_before_r": [58439.37711809995, 58442.37311339984, 58448.45656249998, 58449.43202550011, 58476.430717600044, 58481.46502309991, 58492.45826390013, 58493.51976849977, 58509.46358799981, 58534.371435199864, 58540.25175930001, 58558.19314809982, 58574.23736110004, 58582.20814809995, 58589.20658560004, 58592.28490740014, 58593.319363399874, 58618.20251160022, 58770.47319439985, 58770.47364579979, 58771.47111110017, 58771.47156250011, 58806.55636569997, 58806.556828700006, 58833.42825229978, 58833.42870370019, 58859.25946759991, 58859.261759299785, 58860.28667820012, 58860.28712960007, 58862.37415509997, 58862.374594899826, 58899.289178200066, 58899.28961810004], "flux_err_before_r": [0.018786193666734542, 0.016889994820274902, 0.014112531876555829, 0.014476837579789568, 0.015023691486052017, 0.01412369507652165, 0.05562084770055716, 0.013824581544819798, 0.014322654433293688, 0.01389272679074994, 0.01372538372652152, 0.014410376585727558, 0.07509412531267302, 0.014556139995484638, 0.029256104060504863, 0.01465867575018754, 0.014499918553403506, 0.014698352232600697, 0.016088215549431278, 0.01636894230654947, 0.016563941812446505, 0.015766954398222413, 0.015670544888908726, 0.016819593963738735, 0.013360149327261293, 0.013117210523076232, 0.013605720498768863, 0.01413188034463302, 0.014172434609297268, 0.013912400665570153, 0.013370619294772405, 0.01389838191839404, 0.013474801419903855, 0.01367123299214534], "flux_before_g": [], "MJD_before_g": [], "flux_err_before_g": [], "flux_outl_after_i": [], "MJD_outl_after_i": [], "flux_outl_err_after_i": [], "flux_outl_after_r": [16.78725814454047, 16.76634448275217, 16.74296538154865, 16.808391704095044], "MJD_outl_after_r": [58442.37311339984, 58492.45826390013, 58574.23736110004, 58589.20658560004], "flux_outl_err_after_r": [0.016889994820274902, 0.015826590606206243, 0.021367599153705813, 0.008324655247811702], "flux_outl_after_g": [], "MJD_outl_after_g": [], "flux_outl_err_after_g": [], "mask_after_r": [24.0, 24.0, 24.0, 24.0, 24.0, 24.0, 24.0, 24.0, 24.0, 24.0, 24.0, 24.0, 24.0, 24.0, 24.0, 24.0, 24.0, 24.0, 24.0, 24.0, 24.0, 24.0, 24.0, 24.0, 24.0, 24.0, 24.0, 24.0, 24.0, 24.0], "mask_after_g": [], "mask_after_i": [], "flux_after_r": [16.837867567155854, 16.847593841965327, 16.856335143636407, 16.858455179070592, 16.862607865365145, 16.841463271281174, 16.86443858722309, 16.838143088336096, 16.826435687955374, 16.84342599612212, 16.872335477701053, 16.82654507702703, 16.846523247913815, 16.842420150187667, 16.83276423757741, 16.85470612597888, 16.811140988381098, 16.848075306770202, 16.854226021858977, 16.8543456311275, 16.819613742903414, 16.822938669538203, 16.850800160798727, 16.83822226720221, 16.85976330867842, 16.831541879104236, 16.87735217201315, 16.84198089827472, 16.834638287646058], "MJD_after_r": [58439.37711809995, 58448.45656249998, 58449.43202550011, 58476.430717600044, 58481.46502309991, 58493.51976849977, 58509.46358799981, 58534.371435199864, 58558.19314809982, 58582.20814809995, 58592.28490740014, 58593.319363399874, 58618.20251160022, 58770.47319439985, 58770.47364579979, 58771.47111110017, 58771.47156250011, 58806.55636569997, 58806.556828700006, 58833.42825229978, 58833.42870370019, 58859.25946759991, 58859.261759299785, 58860.28667820012, 58860.28712960007, 58862.37415509997, 58862.374594899826, 58899.289178200066, 58899.28961810004], "flux_err_after_r": [0.01801651601048329, 0.018879415693111367, 0.017445410576532976, 0.02091576300965923, 0.01741196253436406, 0.013863569059678886, 0.017857312492384692, 0.018929044134666628, 0.019832751414732376, 0.01493421140087623, 0.01900650777721896, 0.018593817889201177, 0.016552661901502758, 0.02106238675177427, 0.01968313675327226, 0.022368543138568973, 0.021634235093272766, 0.019608463435327357, 0.020097290792865784, 0.020257547473700493, 0.02028919574487665, 0.020549540017981514, 0.021562994523317544, 0.021482258171069208, 0.020085594674412233, 0.017894202319185138, 0.019471175804240768, 0.014927200411702972, 0.014988162132041632], "flux_after_g": [], "MJD_after_g": [], "flux_err_after_g": [], "flux_after_i": [], "MJD_after_i": [], "flux_err_after_i": []}