{"name": "J103107.04+400222.6", "flux_err_before_i": [], "mask_before_i": [], "flux_before_i": [], "MJD_before_i": [], "mask_before_r": [48.0, 48.0, 48.0, 48.0, 48.0, 48.0, 48.0, 48.0, 48.0, 48.0, 48.0, 48.0, 48.0, 48.0, 48.0, 48.0, 48.0, 48.0, 48.0, 48.0, 48.0, 48.0, 48.0, 48.0, 48.0, 48.0, 48.0, 48.0, 48.0, 48.0, 48.0, 48.0, 48.0, 48.0, 48.0, 48.0, 48.0, 48.0, 48.0, 48.0, 48.0, 48.0, 48.0, 48.0, 48.0], "mask_before_g": [48.0, 48.0, 48.0, 48.0, 48.0, 48.0, 48.0, 48.0, 48.0, 48.0, 48.0, 48.0, 48.0, 48.0, 48.0, 48.0, 48.0, 48.0, 48.0, 48.0, 48.0, 48.0, 48.0, 48.0, 48.0], "flux_before_r": [17.23047500809863, 17.269292872861556, 17.245276559040768, 17.20509622319675, 17.22982197996112, 17.220605583006225, 17.215900860055605, 17.248806285665918, 17.21788388585911, 17.262059188514176, 17.23137588645237, 17.232494043248323, 17.43433335423006, 17.22731127352415, 17.260919659732252, 17.221661490504722, 17.222463210853437, 17.25511113273344, 17.220496384653742, 17.23054084403077, 17.23596631628825, 17.222240787820564, 17.169503522520444, 17.18873659419628, 17.228577035343918, 17.238069001510286, 17.25244189040363, 17.24098864887024, 17.244516342432483, 17.235937898505078, 17.21190596296062, 17.218183670707916, 17.22210151348206, 17.221500443433825, 17.200535969886122, 17.24095868109906, 17.22988432351418, 17.22097866627096, 17.231434737110035, 17.234292482527717, 17.24683837423654, 17.241047480339866, 17.221029395027443, 17.69453240906198, 17.43481331295533], "MJD_before_r": [58439.38878470007, 58448.45416670013, 58449.43533559982, 58455.52864579996, 58472.41568290023, 58476.444618099835, 58481.44065969996, 58492.456423600204, 58493.44841440022, 58503.49394680001, 58509.47165510012, 58534.37344910018, 58540.22672449984, 58557.25025459984, 58558.181909699924, 58574.21262730006, 58582.19975689985, 58589.2269444, 58593.2662037001, 58597.24142359989, 58618.26166669978, 58757.500972200185, 58771.48322919989, 58771.483680599835, 58830.43438659981, 58830.43483800022, 58833.45150459977, 58833.45195600018, 58837.45356479986, 58837.4540161998, 58846.43302079989, 58846.43347219983, 58851.456666700076, 58851.45711810002, 58856.332036999986, 58856.33248839993, 58859.291215300094, 58859.29701389978, 58893.326226899866, 58893.32667820016, 58899.27821760019, 58899.27866900014, 58900.24042819999, 58939.157604199834, 58939.15805559978], "flux_err_before_r": [0.02526510082996807, 0.01978646365695529, 0.01954166914902307, 0.02109840000329347, 0.018347623705789212, 0.018227758491054187, 0.018785007663667665, 0.04676635766916777, 0.017458405919108435, 0.07757188950962383, 0.018602074833021485, 0.018890726043455933, 0.01720221511491044, 0.019228063246026304, 0.019947978728994946, 0.047611912715541854, 0.018559074576023113, 0.025366204282456263, 0.019150035633330183, 0.019524834897847704, 0.024434168195580315, 0.02306892450012938, 0.021707631550048723, 0.022349389802125932, 0.01813183868966729, 0.01747586306879168, 0.018616918122354255, 0.018298120872566787, 0.018474707430032634, 0.01819475416011883, 0.01716063751321786, 0.016808327476588815, 0.016951636768432875, 0.017975923447737244, 0.021790410936651988, 0.023472238263981367, 0.018948060466269952, 0.018247463308817907, 0.01763538427566326, 0.017456936234956064, 0.018245105638184267, 0.018201619222344593, 0.017864167845657593, 0.015870258333212907, 0.016218711841195603], "flux_before_g": [17.973858988777792, 18.039618315104047, 17.98678541826483, 18.031335039673053, 18.02863804717343, 17.99989280853806, 17.972397731454013, 18.03891504828551, 18.01666210448996, 17.9804333113968, 17.99303853755071, 17.96812181983733, 17.96855218326693, 18.081681715166688, 18.013628410344694, 18.013791620038567, 18.079887538900678, 18.010148291298364, 18.01632459774571, 18.073356283270343, 18.050374544745164, 18.0649785277687, 18.01558444842651, 18.029200561620694, 18.031660392381546], "MJD_before_g": [58430.54583329987, 58434.546423600055, 58439.482164400164, 58482.492638899945, 58487.46638889983, 58506.49008100014, 58507.5121065001, 58522.45743060019, 58540.39590279991, 58560.20128470007, 58561.244131899904, 58582.142696800176, 58585.19438660005, 58587.24951389991, 58588.25193289993, 58804.479282400105, 58804.48734949995, 58805.50550930016, 58805.505960599985, 58853.51591440011, 58853.516365699936, 58854.5402199002, 58854.54067130014, 58985.16518520005, 58985.165648099966], "flux_err_before_g": [0.01674450640504079, 0.017555616309119386, 0.02496450284420727, 0.017664557805825553, 0.01735017954166688, 0.01694828965955849, 0.017206314113511735, 0.018583810732409767, 0.018691045564808852, 0.017104172937562088, 0.017869161313307208, 0.04055622112957553, 0.017661583044960707, 0.019917803361174477, 0.02242539588397893, 0.01963746402437013, 0.020772260960563827, 0.020110740908845525, 0.019533433732072097, 0.017757886167241322, 0.017306074633658967, 0.01822049475463193, 0.017330158461388235, 0.01759579846316648, 0.017687763036896866], "flux_outl_after_i": [], "MJD_outl_after_i": [], "flux_outl_err_after_i": [], "flux_outl_after_r": [17.248806285665918, 17.262059188514176, 17.232494043248323, 17.221661490504722, 17.43433335423006, 17.169503522520444, 17.69453240906198, 17.43481331295533], "MJD_outl_after_r": [58492.456423600204, 58503.49394680001, 58534.37344910018, 58574.21262730006, 58540.22672449984, 58771.48322919989, 58939.157604199834, 58939.15805559978], "flux_outl_err_after_r": [0.09503157094308497, 0.07757188950962383, 0.038386897368931056, 0.09674978096372033, 0.03495575895893606, 0.04411098983265153, 0.032249156356089735, 0.03295723126109898], "flux_outl_after_g": [18.039618315104047, 18.0649785277687, 18.01558444842651, 17.96812181983733], "MJD_outl_after_g": [58434.546423600055, 58854.5402199002, 58854.54067130014, 58582.142696800176], "flux_outl_err_after_g": [0.017211890341114287, 0.01786375095898322, 0.016990846791097962, 0.03976216035033926], "mask_after_r": [48.0, 48.0, 48.0, 48.0, 48.0, 48.0, 48.0, 48.0, 48.0, 48.0, 48.0, 48.0, 48.0, 48.0, 48.0, 48.0, 48.0, 48.0, 48.0, 48.0, 48.0, 48.0, 48.0, 48.0, 48.0, 48.0, 48.0, 48.0, 48.0, 48.0, 48.0, 48.0, 48.0, 48.0, 48.0, 48.0, 48.0], "mask_after_g": [48.0, 48.0, 48.0, 48.0, 48.0, 48.0, 48.0, 48.0, 48.0, 48.0, 48.0, 48.0, 48.0, 48.0, 48.0, 48.0, 48.0, 48.0, 48.0, 48.0, 48.0], "mask_after_i": [], "flux_after_r": [17.25969486025329, 17.302125215456865, 17.280649059144537, 17.297694339881442, 17.281630852052, 17.287505511915953, 17.29108379774307, 17.27357703850652, 17.31052654987971, 17.27892292621302, 17.32633290215524, 17.28990512734508, 17.2863941705526, 17.264152510870737, 17.295744663907634, 17.284475315133314, 17.280940242420563, 17.252760595081405, 17.27674718492845, 17.297585631930193, 17.318747111037325, 17.299344030715034, 17.308635222863302, 17.31132706727729, 17.2554800976097, 17.248408351142608, 17.26106057858148, 17.27192235346824, 17.237900603888352, 17.32542426913633, 17.2822454015244, 17.298851042477935, 17.27790775395596, 17.28420888833917, 17.26220526053193, 17.240733818722738, 17.2700420472377], "MJD_after_r": [58439.38878470007, 58448.45416670013, 58449.43533559982, 58455.52864579996, 58472.41568290023, 58476.444618099835, 58481.44065969996, 58493.44841440022, 58509.47165510012, 58557.25025459984, 58558.181909699924, 58582.19975689985, 58589.2269444, 58593.2662037001, 58597.24142359989, 58618.26166669978, 58757.500972200185, 58771.483680599835, 58830.43438659981, 58830.43483800022, 58833.45150459977, 58833.45195600018, 58837.45356479986, 58837.4540161998, 58846.43302079989, 58846.43347219983, 58851.456666700076, 58851.45711810002, 58856.332036999986, 58856.33248839993, 58859.291215300094, 58859.29701389978, 58893.326226899866, 58893.32667820016, 58899.27821760019, 58899.27866900014, 58900.24042819999],