{"name": "J103553.08+205133.5", "flux_err_before_i": [], "mask_before_i": [], "flux_before_i": [], "MJD_before_i": [], "mask_before_r": [18.0, 18.0, 18.0, 18.0, 18.0, 18.0, 18.0, 18.0, 18.0, 18.0, 18.0, 18.0, 18.0, 18.0, 18.0, 18.0, 18.0, 18.0, 18.0, 18.0, 18.0, 18.0, 18.0, 18.0, 18.0, 18.0, 18.0, 18.0, 18.0, 18.0, 18.0, 18.0, 18.0, 18.0], "mask_before_g": [18.0, 18.0, 18.0, 18.0, 18.0, 18.0, 18.0, 18.0, 18.0, 18.0, 18.0, 18.0, 18.0, 18.0, 18.0, 18.0], "flux_before_r": [18.228739292210637, 18.334764746470306, 18.211807099069283, 18.264954944566703, 18.2760742656976, 18.25781352390212, 18.23949714642557, 18.22671284761824, 18.245061902729024, 18.254438415304755, 18.284341482458053, 18.195924939982035, 18.267318246670715, 18.460376461296363, 18.255882130302844, 18.237577478366042, 18.348124888625257, 18.096217842334767, 18.27639781486785, 18.242668309504268, 18.277102807768916, 18.246283477573034, 18.30382896413659, 18.266840818425564, 18.264170354230387, 18.26481743602956, 18.299832878103732, 18.24399589759877, 18.25303040942406, 18.274366129123244, 18.261182433094692, 18.243609230337057, 18.223474068929875, 18.271124085858258], "MJD_before_r": [58439.397766199894, 58442.404999999795, 58448.46233800007, 58449.4367244998, 58468.49907410005, 58476.45822919998, 58481.4604282002, 58492.4448958002, 58493.44010420004, 58511.39335650019, 58513.43356479984, 58540.225810199976, 58558.18054400012, 58574.217731500044, 58582.2165045999, 58593.26853010012, 58618.265474500135, 58771.51114579989, 58771.51623839978, 58831.45832179999, 58831.45877309982, 58836.52017359994, 58836.52062499989, 58837.44990740018, 58846.4207175998, 58846.42388889985, 58859.31594910007, 58859.316400500014, 58899.29775460018, 58899.29820600012, 58913.22804399999, 58913.22849539993, 58939.16167820012, 58939.162118100096], "flux_err_before_r": [0.022798170338198653, 0.020138647773359806, 0.015843353666397837, 0.0166919184839441, 0.01633781535893059, 0.015837611552894124, 0.01617942696363968, 0.011046476984558544, 0.015743780942804732, 0.015972748129791093, 0.059651431510383844, 0.01523120464512807, 0.016875302865932678, 0.194502594593531, 0.016887179879323286, 0.016710724090241803, 0.02061077075107877, 0.055245238913051324, 0.058420948676835234, 0.015348700123675176, 0.01580103010139249, 0.015572475932660045, 0.0164019643256166, 0.015974254698685703, 0.015572287708576186, 0.01554000848968426, 0.01664858886379305, 0.015846108904683288, 0.01585245178945682, 0.01603358834015886, 0.01672465818648511, 0.01664515982067997, 0.015806434095330845, 0.016568908959749613], "flux_before_g": [19.0474314217712, 19.02094234577143, 19.098262789766288, 18.964985015164054, 19.109092851404327, 19.031365476584618, 19.006230701806803, 19.05257920254933, 19.04415133437478, 18.962511823396675, 19.021157711803284, 19.122553574236548, 19.059491680681074, 19.02444637549484, 19.09421714369806, 19.056911750132688], "MJD_before_g": [58202.26677080011, 58439.485370399896, 58482.5103356, 58491.43763889978, 58507.510266200174, 58522.41089119995, 58539.266724499874, 58540.435046299826, 58580.20423609996, 58585.20365739986, 58852.51853010012, 58852.51898150006, 58853.495763900224, 58853.497569399886, 58854.5165856001, 58854.51703700004], "flux_err_before_g": [0.014977326228452624, 0.022261717079531524, 0.015748777114823795, 0.014464243581812529, 0.11851676830205533, 0.015337970968182416, 0.02095048115182515, 0.015588825721291348, 0.01620773228499443, 0.014878064944524557, 0.01380399538695898, 0.015237830925498297, 0.014544486505240204, 0.0139765592831738, 0.015812064536820863, 0.01588058222600017], "flux_outl_after_i": [], "MJD_outl_after_i": [], "flux_outl_err_after_i": [], "flux_outl_after_r": [18.284341482458053, 18.195924939982035, 18.460376461296363, 18.334764746470306, 18.22671284761824, 18.27639781486785], "MJD_outl_after_r": [58513.43356479984, 58540.225810199976, 58574.217731500044, 58442.404999999795, 58492.4448958002, 58771.51623839978], "flux_outl_err_after_r": [0.054340958008167066, 0.013875245422913704, 0.194502594593531, 0.020138647773359806, 0.011046476984558544, 0.058420948676835234], "flux_outl_after_g": [19.109092851404327], "MJD_outl_after_g": [58507.510266200174], "flux_outl_err_after_g": [0.11851676830205533], "mask_after_r": [18.0, 18.0, 18.0, 18.0, 18.0, 18.0, 18.0, 18.0, 18.0, 18.0, 18.0, 18.0, 18.0, 18.0, 18.0, 18.0, 18.0, 18.0, 18.0, 18.0, 18.0, 18.0, 18.0, 18.0, 18.0, 18.0, 18.0], "mask_after_g": [18.0, 18.0, 18.0, 18.0, 18.0, 18.0, 18.0, 18.0, 18.0, 18.0, 18.0, 18.0, 18.0, 18.0, 18.0], "mask_after_i": [], "flux_after_r": [18.294393506525914, 18.298093886939416, 18.338245552595712, 18.3403059954948, 18.33081077189054, 18.302999964050535, 18.312436037729025, 18.341441277422653, 18.319824586690586, 18.316388793993752, 18.411592500724062, 18.174239022334767, 18.312705008779375, 18.345413169230287, 18.31660072343805, 18.369445184641975, 18.346476114525963, 18.330861856810113, 18.346235554894136, 18.400266474595774, 18.323812803901394, 18.32488002442406, 18.341369366950836, 18.343894418118886, 18.325612082565776, 18.293935684340454, 18.340194598460112], "MJD_after_r": [58439.397766199894, 58448.46233800007, 58449.4367244998, 58468.49907410005, 58476.45822919998, 58481.4604282002, 58493.44010420004, 58558.18054400012, 58582.2165045999, 58593.26853010012, 58618.265474500135, 58771.51114579989, 58831.45832179999, 58831.45877309982, 58836.52017359994, 58836.52062499989, 58837.44990740018, 58846.4207175998, 58846.42388889985, 58859.31594910007, 58859.316400500014, 58899.29775460018, 58899.29820600012, 58913.22804399999, 58913.22849539993, 58939.16167820012, 58939.162118100096], "flux_err_after_r": [0.02926821429105939, 0.025556366673665863, 0.02538968785068227, 0.018479829766909473, 0.02478933989831258, 0.024015280188837626, 0.0186303537058789, 0.02762859433731341, 0.01945933713709171, 0.026024628623270527, 0.028941320700449975, 0.0612617244097161, 0.027412038885782683, 0.026269164672168253, 0.02059872956204313, 0.020264043243164623, 0.025595502302501325, 0.01826617687492681, 0.01822773657206366, 0.02797306598683741, 0.02656879849204634, 0.019023679721819446, 0.01835182942431046, 0.024400426757436425, 0.024368252801615857, 0.02118905560241426, 0.020710059026501998], "flux_after_g": [18.972425825090745, 19.042562565603603, 18.938134409811838, 19.01598076778752, 18.979408320817853, 19.00224152525944, 19.003913643503186, 18.940305562183486, 18.971046871441622, 19.07456328307525, 19.00076815301611, 18.963986002379162, 19.043068179244205, 19.00253919295108], "MJD_after_g": [58439.485370399896, 58482.5103356, 58491.43763889978, 58522.41089119995, 58539.266724499874, 58540.435046299826, 58580.20423609996, 58585.20365739986, 58852.51853010012, 58852.51898150006, 58853.495763900224, 58853.497569399886, 58854.5165856001, 58854.51703700004], "flux_err_after_g": [0.028549959861498355, 0.02592259363781371, 0.023104518689015884, 0.02451870054308088, 0.029483055131480994, 0.024872625371249082, 0.025090663694444827, 0.026853307740603957, 0.01992473341098405, 0.024884519451666497, 0.021780963333854896, 0.021543139834815823, 0.02620631781684959, 0.026218814344081166], "flux_after_i": [], "MJD_after_i": [], "flux_err_after_i": []}