{"name": "J103125.90+434948.5", "flux_err_before_i": [], "mask_before_i": [], "flux_before_i": [], "MJD_before_i": [], "mask_before_r": [16.0, 16.0, 16.0, 16.0, 16.0, 16.0, 16.0, 16.0, 16.0, 16.0, 16.0, 16.0, 16.0, 16.0, 16.0, 16.0, 16.0, 16.0, 16.0, 16.0, 16.0, 16.0, 16.0, 16.0, 16.0, 16.0, 16.0, 16.0, 16.0, 16.0, 16.0, 16.0, 16.0, 16.0, 16.0, 16.0, 16.0, 16.0, 16.0, 16.0, 16.0, 16.0, 16.0, 16.0, 16.0, 16.0], "mask_before_g": [16.0, 16.0, 16.0, 16.0, 16.0, 16.0, 16.0, 16.0, 16.0, 16.0, 16.0, 16.0, 16.0, 16.0, 16.0, 16.0, 16.0, 16.0, 16.0, 16.0, 16.0, 16.0, 16.0, 16.0, 16.0, 16.0, 16.0, 16.0], "flux_before_r": [17.192303951388848, 16.402278531275996, 17.16438571890521, 17.198166698433322, 17.191026538960767, 17.190398728514808, 17.207324632067074, 17.19474226590953, 17.193701584430094, 17.226733204514424, 17.151819818504784, 17.22211189086391, 17.248716320889585, 17.19333214878074, 17.217947080479625, 17.224439032515185, 17.20203060710962, 17.2125973063812, 17.184480424128836, 17.18941827504016, 17.17955204230581, 17.184234249318468, 17.19725876603269, 17.245800334699602, 17.185039165317363, 17.198253889454755, 17.201496321460148, 17.228416179567276, 17.17767620475895, 17.196768930454517, 17.178384820792818, 17.209764913821616, 17.209097115073764, 17.20037164548107, 17.220597162604207, 17.210187920921875, 17.185655907154974, 17.215988502077906, 17.23308070793376, 17.222244542661223, 17.215040668665154, 17.208058004975456, 17.21531272476279, 17.2038540969229, 17.21603252815779, 17.216297241245414], "MJD_before_r": [58439.37763890019, 58442.374050899874, 58448.45462960005, 58449.430636600126, 58455.5295833, 58476.44370369986, 58481.442036999855, 58492.455972199794, 58509.47072920017, 58534.372523100115, 58540.22717589978, 58558.194513900205, 58574.21122690011, 58582.19878470013, 58586.20796300005, 58589.22601850005, 58592.28763889987, 58593.26527780015, 58597.23953700019, 58618.21424769983, 58757.49594909977, 58770.47502310015, 58770.4754745001, 58771.4823264, 58771.482777799945, 58831.435902799945, 58831.43635419989, 58833.435648099985, 58833.43609949993, 58837.45583330002, 58837.45628469996, 58846.4307407001, 58846.43164349999, 58851.45348379994, 58859.28805560013, 58859.28850689996, 58860.30348380003, 58860.303935199976, 58893.3307523001, 58893.33120370004, 58899.27638889989, 58899.27684029983, 58900.23496530019, 58900.23541670013, 58939.184803199954, 58939.1852545999], "flux_err_before_r": [0.01725335244837127, 0.22028283065338083, 0.012990509986328568, 0.01306708129212992, 0.014966578542102007, 0.012618025622118653, 0.013143824945606506, 0.03696313682489183, 0.013039848548736011, 0.013851129680424677, 0.012975372691739042, 0.013801194292289206, 0.03261958578370761, 0.0134872924027364, 0.014272194175994275, 0.01680689653617155, 0.013678678949009797, 0.0137908436910866, 0.013705790312980755, 0.013796191802874802, 0.01549004682037343, 0.015741481861026606, 0.01575344060783221, 0.016213323472929128, 0.015330897487372167, 0.01259428362140514, 0.012585499076584027, 0.012983697404931277, 0.012351007784621986, 0.01268760021820456, 0.012395551151674119, 0.012449097808704675, 0.012462086447808867, 0.012704002534724727, 0.013402653151337833, 0.0132162145989033, 0.012910238827977486, 0.013201622634283762, 0.012941487485807838, 0.012862628622414067, 0.012592970355453387, 0.012708524061583702, 0.013038781374975338, 0.012791855719263504, 0.013920182361933599, 0.013581596071920058], "flux_before_g": [17.984638146647086, 17.968571855278547, 17.91388932266235, 17.96522182058403, 17.94599206603114, 17.97332981917073, 17.97923095997227, 18.004107673645844, 18.036356797591793, 17.83034605242714, 17.90911144228333, 17.97134019594465, 17.916122089221183, 17.960719638362082, 17.979224463937015, 17.950171225085885, 17.92021374384893, 18.031712913638284, 18.013169801183423, 17.9889274216343, 17.966833959402752, 17.961905457491326, 17.96561176685954, 17.89147331336345, 17.986101536151327, 17.986130611086594, 17.9728961846045, 17.965488162124338], "MJD_before_g": [58206.26885419991, 58425.54673610022, 58427.548252299894, 58430.41324070003, 58434.548738399986, 58439.48171300022, 58482.49359950004, 58487.46593749989, 58507.51734950021, 58534.30579859996, 58539.24478009995, 58540.394467600156, 58561.24226849992, 58580.249884299934, 58585.193935200106, 58587.25043979986, 58804.477928199805, 58804.478379600216, 58805.506863399874, 58805.50731479982, 58853.5181828998, 58853.51863430021, 58854.53931709984, 58854.53976849979, 58903.332916699816, 58903.33335650014, 58985.16284719994, 58985.163310199976], "flux_err_before_g": [0.014891207091779542, 0.015829361118193053, 0.015167373231272931, 0.017769834089405346, 0.014962062727064133, 0.02296183397198456, 0.015524121343686383, 0.015594006617996111, 0.01681501905406023, 0.01428805343403409, 0.01959202027953622, 0.01613209322682289, 0.015267343624133223, 0.016197295300245072, 0.016377380164072232, 0.018609861233275498, 0.016789591988456355, 0.018270894511972, 0.017757530333615764, 0.017357437629952205, 0.014734256586090313, 0.014744730115865367, 0.01485659729545472, 0.013940038399624667, 0.015668782755692053, 0.015690865119441615, 0.015576616176448824, 0.01549922238349818], "flux_outl_after_i": [], "MJD_outl_after_i": [], "flux_outl_err_after_i": [], "flux_outl_after_r": [16.402278531275996, 17.19474226590953, 17.248716320889585], "MJD_outl_after_r": [58442.374050899874, 58492.455972199794, 58574.21122690011], "flux_outl_err_after_r": [0.22028283065338083, 0.007884501289434964, 0.006957990805566047], "flux_outl_after_g": [17.96561176685954, 17.89147331336345], "MJD_outl_after_g": [58854.53931709984, 58854.53976849979], "flux_outl_err_after_g": [0.0011574188212625435, 0.0010860133375079374], "mask_after_r": [16.0, 16.0, 16.0, 16.0, 16.0, 16.0, 16.0, 16.0, 16.0, 16.0, 16.0, 16.0, 16.0, 16.0, 16.0, 16.0, 16.0, 16.0, 16.0, 16.0, 16.0, 16.0, 16.0, 16.0, 16.0, 16.0, 16.0, 16.0, 16.0, 16.0, 16.0, 16.0, 16.0, 16.0, 16.0, 16.0, 16.0, 16.0, 16.0, 16.0, 16.0, 16.0, 16.0], "mask_after_g": [16.0, 16.0, 16.0, 16.0, 16.0, 16.0, 16.0, 16.0, 16.0, 16.0, 16.0, 16.0, 16.0, 16.0, 16.0, 16.0, 16.0, 16.0, 16.0, 16.0, 16.0, 16.0, 16.0, 16.0, 16.0, 16.0], "mask_after_i": [], "flux_after_r": [17.30752627111154, 17.288026282472753, 17.291175984368458, 17.304483722824784, 17.27898594954218, 17.300982318915647, 17.298944578569923, 17.31736859652814, 17.321577426508235, 17.313039768281428, 17.29025153775296, 17.315241068915807, 17.304912370762974, 17.304753940099307, 17.311135805282476, 17.286704599042153, 17.28644103792606, 17.28553840028196, 17.291176879490948, 17.28632909952838, 17.334144043213318, 17.266192666947546, 17.29305650187947, 17.289235301902366, 17.32877528608705, 17.285825957940624, 17.28764207607599, 17.27117160050072, 17.304171901779185, 17.303345085000156, 17.288453284047325, 17.312736861707986, 17.297115925128132, 17.265371618599993, 17.304296437381673, 17.28936798863733, 17.289387950046542, 17.291755482585526, 17.275830171940083, 17.292091356195122, 17.28249633600263, 17.274787049620862, 17.275380224592073], "MJD_after_r": [58439.37763890019, 58448.45462960005, 58449.430636600126, 58455.5295833, 58476.44370369986, 58481.442036999855, 58509.47072920017, 58534.372523100115, 58540.22717589978, 58558.194513900205, 58582.19878470013, 58586.20796300005, 58589.22601850005, 58592.28763889987, 58593.26527780015, 58597.23953700019, 58618.21424769983, 58757.49594909977, 58770.47502310015, 58770.4754745001, 58771.4823264, 58771.482777799945, 58831.435902799945, 58831.43635419989, 58833.435648099985, 58833.43609949993, 58837.45583330002, 58837.45628469996, 58846.4307407001, 58846.43164349999, 58851.45348379994, 58859.28805560013, 58859.28850689996, 58860.30348380003, 58860.303935199976, 58893.3307523001, 58893.33120370004, 58899.27638889989, 58899.27684029983, 58900.23496530019, 58900.23541670013, 58939.184803199954, 58939.1852545999],