{"name": "J103709.81+204914.8", "flux_err_before_i": [], "mask_before_i": [], "flux_before_i": [], "MJD_before_i": [], "mask_before_r": [18.0, 29.0, 18.0, 29.0, 18.0, 29.0, 18.0, 29.0, 18.0, 29.0, 18.0, 18.0, 29.0, 18.0, 29.0, 18.0, 29.0, 29.0, 29.0, 18.0, 29.0, 29.0, 18.0, 18.0, 29.0, 18.0, 29.0, 29.0, 18.0, 18.0, 29.0, 29.0, 18.0, 29.0, 18.0, 29.0, 18.0, 18.0, 18.0, 18.0, 18.0, 18.0, 18.0, 29.0, 29.0, 18.0, 18.0, 29.0, 29.0, 18.0, 18.0, 29.0, 29.0, 18.0, 18.0, 18.0, 18.0, 18.0, 18.0, 29.0, 29.0], "mask_before_g": [18.0, 29.0, 18.0, 29.0, 29.0, 18.0, 18.0, 29.0, 18.0, 18.0, 29.0, 18.0, 29.0, 29.0, 18.0, 29.0, 18.0, 29.0, 29.0, 18.0, 29.0, 29.0, 29.0, 18.0, 18.0, 29.0, 29.0, 18.0, 18.0, 18.0, 18.0, 29.0, 29.0, 29.0, 29.0, 29.0, 29.0, 29.0], "flux_before_r": [17.52108800997688, 17.387102017480874, 17.489750641219842, 16.982308347666756, 17.487575182790337, 17.356177227913523, 17.461207131466242, 17.345646527772928, 17.460254570301746, 17.3635898816128, 17.45659932088467, 17.4819408345286, 17.342514093577137, 17.506856721866857, 17.330532829674603, 17.465685369101386, 17.37060197528676, 17.37876844936641, 17.36759321573822, 17.461401771036932, 17.720021650456935, 17.356797171574065, 17.416488561363742, 17.504916306514424, 17.389359162637902, 17.45998697500478, 17.3892403752793, 17.450250389056684, 17.36072013576076, 17.470342687483456, 17.386251227457777, 17.355173459893415, 17.43967547853191, 17.366228440811696, 17.480610768562002, 17.396165415864928, 17.45505057194773, 17.429298709203557, 17.461495274266255, 17.451269276430665, 17.460525930216384, 17.48693023527061, 17.426574677328784, 17.382272033319023, 17.37175535762112, 17.44954257137185, 17.455805388582288, 17.37377647015103, 17.40630875763803, 17.411276063875988, 17.443704726851557, 17.354735138979365, 17.361546928136505, 17.461304894365327, 17.470828019514478, 17.48059694222586, 17.462924052062505, 17.459977373227908, 17.47220434017222, 17.379713093421003, 17.393055485172297], "MJD_before_r": [58439.397766199894, 58439.55496530002, 58442.404999999795, 58442.414178200066, 58448.46233800007, 58448.47859949991, 58449.4367244998, 58449.45462960005, 58468.49907410005, 58476.441400500014, 58476.45822919998, 58481.4604282002, 58481.472094899975, 58492.4448958002, 58492.447187500075, 58493.44010420004, 58493.44193289988, 58508.477037000004, 58511.391979199834, 58511.39335650019, 58512.49974540016, 58513.416805599816, 58513.43356479984, 58540.225810199976, 58540.2411342999, 58558.18054400012, 58558.181006900035, 58574.21681710007, 58574.217731500044, 58582.2165045999, 58582.22253469983, 58593.268078700174, 58593.26853010012, 58597.24325230019, 58618.265474500135, 58618.268391199876, 58771.51114579989, 58771.51623839978, 58831.45832179999, 58831.45877309982, 58836.52017359994, 58836.52062499989, 58837.44990740018, 58838.51797450008, 58838.51842590002, 58846.4207175998, 58846.42388889985, 58859.303368099965, 58859.304282399826, 58859.31594910007, 58859.316400500014, 58899.29638889991, 58899.2972916998, 58899.29775460018, 58899.29820600012, 58913.22804399999, 58913.22849539993, 58939.16167820012, 58939.162118100096, 58939.20578699978, 58939.20623840019], "flux_err_before_r": [0.02089291379647138, 0.015407231759476411, 0.021554803342641014, 0.0230943745188788, 0.01429927049014355, 0.012865737894742062, 0.01400124518793369, 0.013605121340802077, 0.01355269411884114, 0.012586928379466955, 0.013315685734175884, 0.01416120279744583, 0.012456884733074462, 0.04243326964882103, 0.040905051168602956, 0.013505726665225837, 0.012468224070056261, 0.012747681030967083, 0.012662547709391337, 0.013530832466365696, 0.15883701871929845, 0.013174152215626242, 0.04716710628073889, 0.014173931546743672, 0.012771075531816913, 0.014108427097994963, 0.013335827170861098, 0.05732498688128107, 0.04941379020817514, 0.01440458940237109, 0.013645338050366357, 0.01303146351218644, 0.014092693278779555, 0.013691630957871294, 0.01630227128085899, 0.014603937805741516, 0.016403783817733098, 0.015988336940672497, 0.013145040184862232, 0.012987080095178464, 0.013280492486786108, 0.013592392361553584, 0.012956081740297309, 0.0198587826107074, 0.02085767765841029, 0.012931855314249363, 0.012971970842494985, 0.012993148331834087, 0.012977986302389088, 0.012915589520450563, 0.013334161139111548, 0.012196012589039316, 0.012271639245216676, 0.013445153540784233, 0.01345163319267285, 0.014331200937554519, 0.014261770030503372, 0.013759249873363208, 0.013960004055734556, 0.01292316965476725, 0.01297256939165878], "flux_before_g": [17.91502659301809, 17.928799590530094, 17.95418991887486, 17.899418019677867, 17.915566939119543, 17.954951767138866, 17.909715880266948, 17.868142607658143, 17.912070910967707, 17.893812570751706, 17.890531201435397, 17.893639932710524, 17.923428614739127, 17.909821742840386, 17.922968381045834, 17.937538104355564, 17.93569582932828, 17.865425469752658, 17.914596225484985, 17.948068230440025, 17.918028477298478, 17.88253656632066, 17.89130714755265, 17.924584422864182, 17.951862449159705, 17.897643985476616, 17.874779402631493, 17.93273059093031, 17.928239327527226, 17.982051671768296, 17.951417172394024, 17.886421891378486, 17.897530733659202, 17.87841655226824, 17.894358452421645, 17.892474951467413, 17.87846182224419, 17.88761231628661], "MJD_before_g": [58202.26677080011, 58202.26973380009, 58439.485370399896, 58439.49140049983, 58482.505312500056, 58482.5103356, 58491.43763889978, 58493.552222200204, 58507.510266200174, 58522.41089119995, 58522.41320599988, 58539.266724499874, 58539.26717589982, 58540.413946799934, 58540.435046299826, 58560.22201390006, 58580.20423609996, 58580.205624999944, 58585.200914400164, 58585.20365739986, 58586.29010420013, 58592.20593750011, 58601.247580999974, 58852.51853010012, 58852.51898150006, 58853.491712999996, 58853.49216439994, 58853.495763900224, 58853.497569399886, 58854.5165856001, 58854.51703700004, 58854.518391199876, 58854.52018520003, 58904.28874999983, 58964.20546300011, 58964.20636569988, 58967.23881939985, 58967.23927079979], "flux_err_before_g": [0.009849983204800884, 0.01013222181904354, 0.0155532380924279, 0.0127254181129078, 0.009855794246813748, 0.010253816936650015, 0.010212949980358255, 0.009879202689240411, 0.009968119073066386, 0.010039449074212115, 0.009807477791127612, 0.01403204038216806, 0.014325714727713696, 0.011547116564759262, 0.010278558339050854, 0.009850994906541684, 0.010896905496902969, 0.010143668333264567, 0.010194908750258105, 0.010907673882982657, 0.010680614586643426, 0.009938468814522894, 0.010027385504755536, 0.009382933145151425, 0.00967408351874214, 0.008994198061865922, 0.008734873379207787, 0.009615172701220587, 0.00950343445598171, 0.010594623344812362, 0.010706110505396728, 0.009257071311795304, 0.009825556249296107, 0.009523387891502675, 0.010069507593468308, 0.010001262664546496, 0.009635840035642034, 0.009711130253987251], "flux_outl_after_i": [], "MJD_outl_after_i": [], "flux_outl_err_after_i": [], "flux_outl_after_r": [16.982308347666756, 17.330532829674603, 17.416488561363742, 17.504916306514424, 17.450250389056684, 17.36072013576076, 17.489750641219842, 17.506856721866857, 17.720021650456935, 17.429298709203557, 17.37175535762112], "MJD_outl_after_r": [58442.414178200066, 58492.447187500075, 58513.43356479984, 58540.225810199976, 58574.21681710007, 58574.217731500044, 58442.404999999795, 58492.4448958002, 58512.49974540016, 58771.51623839978, 58838.51842590002], "flux_outl_err_after_r": [0.0230943745188788, 0.035867035626257204, 0.04135783315331079, 0.012428218355130563, 0.050264632068809045, 0.04941379020817514, 0.01890003501574589, 0.03720703313533643, 0.15883701871929845, 0.014019154952087302, 0.018288769877628317], "flux_outl_after_g": [17.937538104355564, 17.88253656632066], "MJD_outl_after_g": [58560.22201390006, 58592.20593750011], "flux_outl_err_after_g": [0.0002617455312916579, 0.00026406975384338157],