{"name": "J104049.13+331356.0", "flux_err_before_i": [], "mask_before_i": [], "flux_before_i": [], "MJD_before_i": [], "mask_before_r": [14.0, 56.0, 14.0, 56.0, 56.0, 14.0, 14.0, 56.0, 14.0, 56.0, 14.0, 56.0, 14.0, 56.0, 14.0, 56.0, 14.0, 56.0, 14.0, 14.0, 56.0, 56.0, 14.0, 14.0, 14.0, 56.0, 14.0, 14.0, 56.0, 14.0, 56.0, 14.0, 14.0, 56.0, 14.0, 56.0, 14.0, 14.0, 14.0, 56.0, 14.0, 56.0, 56.0, 14.0, 14.0, 56.0], "mask_before_g": [56.0, 14.0, 56.0, 14.0, 14.0, 56.0, 14.0, 14.0, 14.0, 56.0, 56.0, 14.0, 14.0, 56.0, 14.0, 56.0, 14.0, 56.0, 14.0, 14.0, 14.0, 56.0, 14.0, 56.0, 14.0, 56.0, 56.0, 56.0, 14.0, 56.0], "flux_before_r": [18.378119580283307, 18.265278264815173, 18.273517951398073, 18.252673969455582, 18.34744477996505, 18.358415420158877, 18.403048929122733, 18.332083661058565, 18.373006831119362, 18.43309017844305, 18.362546193755808, 18.304436988395615, 18.333168744375353, 18.331582715756525, 18.341685013140285, 18.264036142817968, 18.44650311631406, 18.297845480950002, 18.34850008052264, 18.87992138180109, 18.29466272571659, 18.188943625047074, 18.39736757094385, 18.1520320174587, 18.3195666074457, 18.33736372740264, 18.328370304438874, 18.37673373715682, 18.334738514032157, 18.32040694410154, 18.321500093282108, 18.3467030154632, 18.359629504536827, 18.288826898025263, 18.377716759103087, 18.340976777947716, 18.46740100763845, 18.37180018090889, 18.34686750132991, 18.279804188169706, 18.356915136613857, 18.308670518855415, 18.294045471995968, 18.328309868983442, 18.422086199330742, 18.29283147390865], "MJD_before_r": [58439.39878469985, 58439.399236099795, 58442.39612270007, 58442.40591439977, 58448.47015050007, 58448.470601900015, 58449.45230320003, 58449.45371530019, 58455.52817129996, 58455.54621529998, 58468.5188310002, 58476.442314799875, 58476.44277779991, 58481.461342600174, 58481.462256900035, 58492.44993059989, 58492.45319439983, 58493.44376160018, 58493.44652780006, 58503.493483799975, 58511.39061339991, 58513.43311339989, 58534.37298610015, 58539.33310189983, 58540.24023150001, 58540.24068289995, 58546.312395799905, 58557.24979169993, 58558.18145829998, 58558.205624999944, 58559.206701400224, 58559.20716439979, 58574.213090300094, 58574.21539349994, 58582.201180600096, 58582.20348379994, 58589.22648150008, 58592.282604199834, 58593.265740700066, 58593.26716439985, 58597.24094909988, 58597.242337999865, 58602.25990739977, 58606.241736100055, 58618.21469909977, 58618.26121529983], "flux_err_before_r": [0.02977416065170161, 0.025928834826839737, 0.027656605559282486, 0.30179449750898646, 0.020953163759050694, 0.021259735808117974, 0.027900453785228523, 0.021412390726998756, 0.03138155268785797, 0.2728862342710634, 0.0205215505974827, 0.01922589165602471, 0.020266520530449576, 0.020244394023546882, 0.02075036309437929, 0.04797402447541251, 0.052566969647408014, 0.019107764833524235, 0.020430158099428105, 0.250888511796643, 0.019517167328728886, 0.035603209126945236, 0.039033323098341746, 0.05246117914314809, 0.019768710350812842, 0.019732276217504754, 0.021305896698361595, 0.021673307365957042, 0.02123474748242096, 0.020956293529850258, 0.02038129300633692, 0.022024847062994693, 0.051689638759993765, 0.04508607762732335, 0.022469758196616497, 0.02138663248406781, 0.12437468414487445, 0.021846997933589737, 0.021902752504418442, 0.019895431855979025, 0.021601193630059457, 0.020556061236596198, 0.02044795515598126, 0.022296445987942816, 0.024377332160233026, 0.024137055264540047], "flux_before_g": [19.147931565506106, 19.199671390010174, 19.070271514985034, 19.048522364222514, 19.075482677559133, 19.001400609448282, 19.11790857190534, 18.876761696884817, 19.104900946991656, 19.00187218597627, 19.087078611116223, 19.094848226589313, 19.032199857421627, 19.07481592495275, 19.082378314063373, 19.06734563934463, 18.994207455882695, 19.084864861517822, 19.20493543297231, 18.74564545194937, 19.05232014121068, 19.067813398623784, 19.07964625460447, 19.064438685343767, 19.219379014445444, 19.018236412737426, 19.002402546372956, 18.93247168285855, 19.13120840262585, 19.058455691789174], "MJD_before_g": [58202.2691434999, 58206.27000000002, 58439.48628470022, 58439.48673610017, 58482.49734950019, 58482.509884300176, 58487.4761806, 58506.490544000175, 58507.507916700095, 58507.50836810004, 58522.41180559993, 58522.456967600156, 58539.2470602002, 58539.26624999987, 58540.3949190001, 58540.4134837999, 58560.201747700106, 58560.20219910005, 58561.24459489994, 58562.2494907002, 58567.49604169978, 58580.20700229984, 58580.25033560023, 58582.14173609996, 58582.14317130018, 58585.19996530004, 58586.29101849999, 58587.24858799996, 58587.24997689994, 58601.24803239992], "flux_err_before_g": [0.012811563608057294, 0.06346530097667365, 0.01592715171381774, 0.015733975031342176, 0.01235101308938506, 0.011191022134692348, 0.012266281855436453, 0.1037633558701092, 0.07239819540114693, 0.08077411589403341, 0.012515867459208293, 0.01287801129266777, 0.020482806106530586, 0.017503136550021014, 0.012578267790053273, 0.012221591587742104, 0.1225086370495791, 0.0810164955946611, 0.18322256041377616, 0.20375095836683083, 0.1530011533178187, 0.012532417962738364, 0.012999540841146235, 0.017368606864250295, 0.06423858815011182, 0.011830526591469295, 0.011718459664509316, 0.038452866640616735, 0.0492588980299833, 0.012080691322263234], "flux_outl_after_i": [], "MJD_outl_after_i": [], "flux_outl_err_after_i": [], "flux_outl_after_r": [18.252673969455582, 18.87992138180109, 18.43309017844305, 18.264036142817968, 18.44650311631406, 18.188943625047074, 18.1520320174587, 18.359629504536827, 18.288826898025263, 18.46740100763845], "MJD_outl_after_r": [58442.40591439977, 58503.493483799975, 58455.54621529998, 58492.44993059989, 58492.45319439983, 58513.43311339989, 58539.33310189983, 58574.213090300094, 58574.21539349994, 58589.22648150008], "flux_outl_err_after_r": [0.30179449750898646, 0.250888511796643, 0.2728862342710634, 0.01761900283856438, 0.019305813876571706, 0.013075681048838158, 0.05246117914314809, 0.018983604189876893, 0.016558371710146454, 0.12437468414487445], "flux_outl_after_g": [18.74564545194937, 19.219379014445444], "MJD_outl_after_g": [58562.2494907002, 58582.14317130018], "flux_outl_err_after_g": [0.20375095836683083, 0.06423858815011182], "mask_after_r": [14.0, 14.0, 14.0, 14.0, 14.0, 14.0, 14.0, 14.0, 14.0, 14.0, 14.0, 14.0, 14.0, 14.0, 14.0, 14.0, 14.0, 14.0, 14.0, 14.0, 14.0, 56.0, 56.0, 56.0, 56.0, 56.0, 56.0, 56.0, 56.0, 56.0, 56.0, 56.0, 56.0, 56.0, 56.0, 56.0], "mask_after_g": [14.0, 14.0, 14.0, 14.0, 14.0, 14.0, 14.0, 14.0, 14.0, 14.0, 14.0, 14.0, 14.0, 14.0, 56.0, 56.0, 56.0, 56.0, 56.0, 56.0, 56.0, 56.0, 56.0, 56.0, 56.0, 56.0, 56.0, 56.0], "mask_after_i": [], "flux_after_r": [18.405269379806306, 18.340346678321673, 18.33667360483605, 18.426601054907216, 18.412187548352385, 18.44348781026661, 18.423866001605134, 18.445678657991103, 18.407474197714514, 18.402042610673668, 18.3693714955206, 18.420240064690436, 18.3825728983335, 18.395670400205724, 18.386961081464875, 18.390847066363186, 18.448209228405446, 18.370581005058504, 18.40629228333, 18.370084594404446, 18.42122471894221, 18.452186047372322, 18.415426817999222, 18.42006643796799, 18.396732170769162, 18.41161859263424, 18.427281438845668, 18.39763772418526, 18.392220959444536, 18.378914273582314, 18.383978527367297, 18.40155942864886, 18.364331619561383, 18.363361154415102, 18.472746389969096, 18.378944217378194],