{"name": "J104941.36+422345.9", "flux_err_before_i": [], "mask_before_i": [], "flux_before_i": [], "MJD_before_i": [], "mask_before_r": [25.0, 25.0, 25.0, 25.0, 25.0, 25.0, 25.0, 25.0, 25.0, 25.0, 25.0, 25.0, 25.0, 25.0, 25.0, 25.0, 25.0, 25.0, 25.0, 25.0, 25.0, 25.0, 25.0, 25.0, 25.0, 25.0, 25.0, 25.0, 25.0, 25.0, 25.0, 25.0, 25.0, 25.0, 25.0, 25.0, 25.0, 25.0, 25.0, 25.0, 25.0, 25.0, 25.0, 25.0, 25.0, 25.0, 25.0, 25.0, 25.0, 25.0], "mask_before_g": [25.0, 25.0, 25.0, 25.0, 25.0, 25.0, 25.0, 25.0, 25.0, 25.0, 25.0, 25.0, 25.0, 25.0, 25.0, 25.0, 25.0, 25.0, 25.0, 25.0, 25.0, 25.0, 25.0, 25.0, 25.0, 25.0, 25.0], "flux_before_r": [17.582374584814048, 17.57505022187491, 17.570334828951637, 17.582566161277377, 17.60801141048995, 17.58447328453623, 17.561716342102486, 17.578129856964317, 17.54068919420837, 17.575746224806007, 17.453853863093293, 17.575989900120305, 17.599141201194463, 17.55457979162614, 17.49385434162169, 17.571926510883003, 17.54260662095071, 17.553703653915168, 17.537580447567354, 17.537588859274074, 17.559071496140305, 17.574431194127246, 17.579037606926, 17.529747782503577, 17.56646734469662, 17.53292903665679, 17.590487388473974, 17.614746848207254, 17.529362625394434, 17.530497296631683, 17.54614364436416, 17.577008267049855, 17.57869307582594, 17.56819713213199, 17.569953647635522, 17.563506041352735, 17.56408458892637, 17.564668167384326, 17.526521395486323, 17.546853235475744, 17.555674028401917, 17.558884765698597, 17.569215488494837, 17.574854114302706, 17.570282830029672, 17.55508160048992, 17.558402599611902, 17.552141692695592, 17.549243559115357, 17.52498549214596], "MJD_before_r": [58439.38978009997, 58442.395671300124, 58448.47106479993, 58449.43486109981, 58455.52912040008, 58468.51978009986, 58476.44322919985, 58481.46364580002, 58492.454143499956, 58493.44747690018, 58503.4944329001, 58509.47025460005, 58512.51373839984, 58513.46837959997, 58534.38807869982, 58540.239768499974, 58557.269467600156, 58558.21067130007, 58559.20760420011, 58574.21215280006, 58582.20023149997, 58589.20467589982, 58592.28305559978, 58593.26481480012, 58597.24002309982, 58606.24030089984, 58618.212835600134, 58771.50930560008, 58771.509756899904, 58831.437268500216, 58831.43771990016, 58833.45285880007, 58833.45792819979, 58846.42892359989, 58846.42937499983, 58851.45531249978, 58851.45576390019, 58859.29837960005, 58859.29883099999, 58893.32758100005, 58893.32803239999, 58899.28321760008, 58899.283669000026, 58913.2078009001, 58913.20870369999, 58939.18571759993, 58939.18616899988, 58970.208472200204, 58971.18195600016, 58971.182430599816], "flux_err_before_r": [0.016082583170173127, 0.01491509626849807, 0.011662184387933199, 0.011679720137439424, 0.019675715590797623, 0.011135642655082828, 0.011209145561283634, 0.011547764403699937, 0.02902429301096227, 0.011335076669521724, 0.0831024573682152, 0.011639167873516319, 0.016396171510422268, 0.34985442284628465, 0.01078121504625281, 0.011278635888705922, 0.011398524064904218, 0.011532605431862452, 0.011351105264104126, 0.02830619640876541, 0.011567368486116525, 0.024718456955544622, 0.012025441081904656, 0.011484314707961704, 0.012197558507777631, 0.01176244448599003, 0.01258348475994232, 0.014031519733023542, 0.012977499542477835, 0.010595583802095089, 0.01080496662699181, 0.010986244976610897, 0.011185185793366722, 0.010630772515836655, 0.010717843990399854, 0.011262852294036573, 0.01099714136083088, 0.011111002339445158, 0.01107680550937574, 0.010704028734558368, 0.01082319749966327, 0.01065810215113666, 0.010876575215030375, 0.0117065147806505, 0.011293774293440927, 0.011765180982765218, 0.012019516885924423, 0.010879843520489997, 0.010523092688542998, 0.01053610691420091], "flux_before_g": [18.264588407585492, 18.230328900182847, 18.256967443925546, 18.263175713169858, 18.284707531964287, 18.307702401293895, 18.242000711732377, 18.257117123327554, 18.14286616500023, 18.1679294124701, 18.251627834843656, 18.375883433450255, 18.254434227354412, 18.210909253964864, 18.230741362982958, 18.259889091418117, 18.269944389834613, 18.22516380473043, 18.234324079808225, 18.297688562653757, 18.35089225331098, 18.278156360438782, 18.282244650819703, 18.276556880720282, 18.25220300166375, 18.230731651103994, 18.28764314357938], "MJD_before_g": [58206.26413189992, 58206.28568289988, 58434.55524310004, 58439.4871991002, 58482.49591440009, 58506.491469900124, 58507.506493099965, 58522.45790510019, 58534.30533559993, 58539.24660879979, 58540.39399310015, 58560.20356479986, 58561.2436573999, 58562.25043979986, 58567.493553199805, 58580.24895829987, 58582.1437615999, 58585.19532410009, 58587.22915509995, 58853.52046300005, 58853.52092589997, 58854.53570599994, 58854.53615739988, 58903.32836809987, 58903.328819400165, 58968.26518520014, 58968.26565970015], "flux_err_before_g": [0.008622116232842937, 0.008519813149335718, 0.02310998307697537, 0.011646858399317967, 0.009227871174591194, 0.03676784219690975, 0.030847082242999792, 0.009057854903113066, 0.06889943424892889, 0.0323073511385697, 0.008844425826502071, 0.02552385959958102, 0.051570546443432966, 0.08549385220633571, 0.045290278251730244, 0.009147325781161612, 0.019034275644337215, 0.008896189637024089, 0.009079629810495315, 0.008710717620038059, 0.010636908207876458, 0.008702440333724382, 0.008891936865852816, 0.008774881543892303, 0.00854633103451318, 0.00847210189791134, 0.008816897004846683], "flux_outl_after_i": [], "MJD_outl_after_i": [], "flux_outl_err_after_i": [], "flux_outl_after_r": [17.60801141048995, 17.58447328453623, 17.54068919420837, 17.575746224806007, 17.453853863093293, 17.55457979162614, 17.571926510883003, 17.537588859274074, 17.559071496140305, 17.574431194127246, 17.56646734469662, 17.53292903665679, 17.56819713213199, 17.569953647635522, 17.546853235475744, 17.555674028401917, 17.558884765698597, 17.569215488494837, 17.599141201194463], "MJD_outl_after_r": [58455.52912040008, 58468.51978009986, 58492.454143499956, 58493.44747690018, 58503.4944329001, 58513.46837959997, 58540.239768499974, 58574.21215280006, 58582.20023149997, 58589.20467589982, 58597.24002309982, 58606.24030089984, 58846.42892359989, 58846.42937499983, 58893.32758100005, 58893.32803239999, 58899.28321760008, 58899.283669000026, 58512.51373839984], "flux_outl_err_after_r": [0.023807488957493027, 0.013474055788317361, 0.03511920733803993, 0.013715369659449101, 0.0831024573682152, 0.34985442284628465, 0.013647076678702168, 0.03425031508106855, 0.013996441259258323, 0.024718456955544622, 0.01475896712077444, 0.014232481960874913, 0.012863166176216396, 0.012968522098831252, 0.012951805728370758, 0.013095999165515172, 0.012896234858654635, 0.013160585856825798, 0.01983926177313258], "flux_outl_after_g": [18.269944389834613, 18.278156360438782, 18.282244650819703, 18.1679294124701], "MJD_outl_after_g": [58582.1437615999, 58854.53570599994, 58854.53615739988, 58539.24660879979], "flux_outl_err_after_g": [0.019034275644337215, 0.002464877390499584, 0.002518550348854882, 0.0323073511385697], "mask_after_r": [25.0, 25.0, 25.0, 25.0, 25.0, 25.0, 25.0, 25.0, 25.0, 25.0, 25.0, 25.0, 25.0, 25.0, 25.0, 25.0, 25.0, 25.0, 25.0, 25.0, 25.0, 25.0, 25.0, 25.0, 25.0, 25.0, 25.0, 25.0, 25.0, 25.0, 25.0], "mask_after_g": [25.0, 25.0, 25.0, 25.0, 25.0, 25.0, 25.0, 25.0, 25.0, 25.0, 25.0, 25.0, 25.0, 25.0, 25.0, 25.0, 25.0, 25.0, 25.0, 25.0, 25.0, 25.0, 25.0], "mask_after_i": [],