{"name": "J104229.86+252838.8", "flux_err_before_i": [], "mask_before_i": [], "flux_before_i": [], "MJD_before_i": [], "mask_before_r": [59.0, 59.0, 59.0, 59.0, 59.0, 59.0, 59.0, 59.0, 59.0, 59.0, 59.0, 59.0, 59.0, 59.0, 59.0, 59.0, 59.0, 59.0, 59.0, 59.0, 59.0, 59.0, 59.0, 59.0, 59.0], "mask_before_g": [59.0, 59.0, 59.0, 59.0, 59.0, 59.0, 59.0, 59.0, 59.0, 59.0, 59.0, 59.0, 59.0, 59.0, 59.0, 59.0, 59.0, 59.0, 59.0, 59.0, 59.0, 59.0], "flux_before_r": [18.02022614977877, 18.07221984581332, 18.003330045985216, 17.992653844684366, 18.090488332934694, 18.05555490728495, 18.040244295510917, 18.081589776549713, 18.108438648929152, 18.053284269977112, 17.962044049171677, 18.11219070265051, 18.257041487269365, 18.031847877662138, 18.065949021783034, 18.042996292193763, 18.046651074715818, 18.006837186096625, 18.0823525686948, 18.127174953546774, 17.98506584500654, 18.062092139385534, 18.022992254254184, 18.02048375006973, 18.06371152538439], "MJD_before_r": [58439.55496530002, 58448.47859949991, 58449.45462960005, 58476.441400500014, 58481.472094899975, 58492.447187500075, 58493.44193289988, 58508.477037000004, 58511.391979199834, 58513.416805599816, 58540.2411342999, 58558.181006900035, 58574.21681710007, 58582.22253469983, 58593.268078700174, 58597.24325230019, 58618.268391199876, 58838.51797450008, 58838.51842590002, 58859.303368099965, 58859.304282399826, 58899.29638889991, 58899.2972916998, 58939.20578699978, 58939.20623840019], "flux_err_before_r": [0.004578417957365194, 0.026145201766110286, 0.027840046127506356, 0.02825285404112837, 0.006855186934953676, 0.05884897453575112, 0.002540875090663118, 0.030119550884484106, 0.0027223318049148727, 0.0026509363816068065, 0.004676403695540536, 0.03232750715765099, 0.10502914598225724, 0.0026756219402419585, 0.02236002503514547, 0.0027232286931313633, 0.03225556854820486, 0.03003301476950192, 0.03589541248131098, 0.05092708633171945, 0.052165682521882105, 0.0025232626152628954, 0.002445470899381169, 0.0025017222866510146, 0.0025842243100852244], "flux_before_g": [18.39698717624781, 18.37536123032539, 18.47456546178438, 18.421253550210412, 18.463856567298127, 18.43397878282005, 18.37726435262814, 18.241631134664345, 18.333856702907198, 18.32130199946339, 18.383658945337103, 18.37299488754148, 18.375767818588102, 18.39328291713019, 18.35902366022448, 18.42030816663335, 18.397671283533285, 18.366275190404643, 18.40110596639385, 18.420646013069998, 18.3818043082439, 18.417621820440754], "MJD_before_g": [58202.26973380009, 58439.49140049983, 58482.505312500056, 58493.552222200204, 58522.41320599988, 58539.26717589982, 58540.413946799934, 58560.22201390006, 58580.205624999944, 58585.200914400164, 58586.29010420013, 58592.20593750011, 58601.247580999974, 58853.491712999996, 58853.49216439994, 58854.518391199876, 58854.52018520003, 58904.28874999983, 58964.20546300011, 58964.20636569988, 58967.23881939985, 58967.23927079979], "flux_err_before_g": [0.027160725591981447, 0.009824217912158085, 0.018715779200417608, 0.0004541536666730088, 0.01768238903680288, 0.02660081583404608, 0.017657256907212995, 0.05174892213422568, 0.015425435921570413, 0.02291600385891064, 0.03163028710987417, 0.060187647824644155, 0.0034420516451182555, 0.0003932009619487054, 0.004798128299313648, 0.0223567872158115, 0.0295157459660859, 0.010280737187011972, 0.011881023382850037, 0.011545184953940156, 0.013937642197939717, 0.018442700891739532], "flux_outl_after_i": [], "MJD_outl_after_i": [], "flux_outl_err_after_i": [], "flux_outl_after_r": [18.05555490728495, 18.257041487269365, 18.006837186096625, 18.0823525686948], "MJD_outl_after_r": [58492.447187500075, 58574.21681710007, 58838.51797450008, 58838.51842590002], "flux_outl_err_after_r": [0.05884897453575112, 0.10502914598225724, 0.03003301476950192, 0.03589541248131098], "flux_outl_after_g": [18.397671283533285, 18.43397878282005], "MJD_outl_after_g": [58854.52018520003, 58539.26717589982], "flux_outl_err_after_g": [0.0295157459660859, 0.02660081583404608], "mask_after_r": [59.0, 59.0, 59.0, 59.0, 59.0, 59.0, 59.0, 59.0, 59.0, 59.0, 59.0, 59.0, 59.0, 59.0, 59.0, 59.0, 59.0, 59.0, 59.0, 59.0, 59.0], "mask_after_g": [59.0, 59.0, 59.0, 59.0, 59.0, 59.0, 59.0, 59.0, 59.0, 59.0, 59.0, 59.0, 59.0, 59.0, 59.0, 59.0, 59.0, 59.0, 59.0, 59.0], "mask_after_i": [], "flux_after_r": [18.04004515222121, 18.066092306306683, 18.006017508370995, 18.048311961217745, 18.089457982638848, 18.061215414561524, 18.072997760816456, 18.099678842504158, 18.04757276372621, 18.04929534565759, 18.12880962822761, 18.042507611162137, 18.06889140333212, 18.050812518871137, 18.104140795305952, 18.130952425911467, 18.001187947680158, 18.06188289923837, 18.033832030671572, 18.02335800936482, 18.091862380460213], "MJD_after_r": [58439.55496530002, 58448.47859949991, 58449.45462960005, 58476.441400500014, 58481.472094899975, 58493.44193289988, 58508.477037000004, 58511.391979199834, 58513.416805599816, 58540.2411342999, 58558.181006900035, 58582.22253469983, 58593.268078700174, 58597.24325230019, 58618.268391199876, 58859.303368099965, 58859.304282399826, 58899.29638889991, 58899.2972916998, 58939.20578699978, 58939.20623840019], "flux_err_after_r": [0.014014140758319138, 0.03181450239578778, 0.03381991080520161, 0.03500816238538923, 0.015343883825715507, 0.007559243988021498, 0.0365023834204626, 0.009243166065274746, 0.006054822089411971, 0.013114689594809263, 0.03959295533786846, 0.008148908012880016, 0.029427905748200107, 0.007891807242402463, 0.038922583522424066, 0.05768411959545296, 0.05905860312749424, 0.008182832814999742, 0.008115757249033411, 0.009867051046923868, 0.010696001366079075], "flux_after_g": [18.36572888660718, 18.44823824469575, 18.37877680622133, 18.357728744886114, 18.399425563604645, 18.289403048149765, 18.332193998895196, 18.325474713135804, 18.403382064908076, 18.403817137186305, 18.377741403820163, 18.391804703999423, 18.352708579840083, 18.376404111521243, 18.35962862423775, 18.377042416448273, 18.40913920497203, 18.387950317703233, 18.386033728607345], "MJD_after_g": [58439.49140049983, 58482.505312500056, 58493.552222200204, 58522.41320599988, 58540.413946799934, 58560.22201390006, 58580.205624999944, 58585.200914400164, 58586.29010420013, 58592.20593750011, 58601.247580999974, 58853.491712999996, 58853.49216439994, 58854.518391199876, 58904.28874999983, 58964.20546300011, 58964.20636569988, 58967.23881939985, 58967.23927079979], "flux_err_after_g": [0.018641710218535897, 0.028571932527938035, 0.014571377928538307, 0.027567244460403845, 0.027377570833062772, 0.05919351402799669, 0.023158405964764196, 0.03076254851051168, 0.0409031843198573, 0.06745079818288935, 0.014945248176606299, 0.012944689044656737, 0.01592942732512587, 0.03190031615104275, 0.02031285368066322, 0.0195454256275617, 0.02023930878794199, 0.022670037236615193, 0.02600387800363501], "flux_after_i": [], "MJD_after_i": [], "flux_err_after_i": []}