{"name": "J105549.06+071444.1", "flux_err_before_i": [], "mask_before_i": [], "flux_before_i": [], "MJD_before_i": [], "mask_before_r": [58.0, 58.0, 58.0, 58.0, 58.0, 58.0, 58.0, 58.0, 58.0, 58.0, 58.0, 58.0, 58.0, 58.0, 58.0, 58.0, 58.0, 58.0, 58.0, 58.0, 58.0, 58.0, 58.0, 58.0, 58.0, 58.0, 58.0, 58.0, 58.0, 58.0, 58.0, 58.0, 58.0, 58.0, 58.0, 58.0, 58.0, 58.0, 58.0, 58.0, 58.0, 58.0, 58.0, 58.0, 58.0], "mask_before_g": [58.0, 58.0, 58.0, 58.0, 58.0, 58.0, 58.0, 58.0, 58.0, 58.0, 58.0, 58.0, 58.0, 58.0, 58.0, 58.0, 58.0, 58.0, 58.0, 58.0, 58.0, 58.0, 58.0, 58.0, 58.0, 58.0, 58.0, 58.0, 58.0, 58.0, 58.0, 58.0, 58.0, 58.0, 58.0, 58.0, 58.0, 58.0, 58.0, 58.0, 58.0, 58.0, 58.0], "flux_before_r": [17.581268828889343, 17.647444768009542, 17.664551946887443, 17.63816323329977, 17.67122668198115, 17.61548648091424, 17.65428366500052, 17.62134564387825, 17.605190957176973, 17.638141933084068, 17.638359276253237, 17.66878654440653, 17.61649733020527, 17.59950744442657, 17.63994927247527, 17.606897264861814, 17.636480439051166, 17.600409226118018, 17.61732293372347, 17.898770398734495, 17.65348435257882, 17.70015738761845, 17.599927248976403, 17.61260492873486, 17.605169154736238, 17.620774871831397, 17.62748507050108, 17.616135866430767, 17.655679136521186, 17.664155740272165, 17.65392179901538, 17.66659784093039, 17.651202035238214, 17.9281016088703, 17.50580500144154, 17.63001590671628, 17.62335285076772, 17.63006404672619, 17.658551223654182, 17.72641712027498, 17.635174157749518, 17.61155193866862, 17.617095778267796, 17.617149718478572, 17.677496222751458], "MJD_before_r": [58215.24445600016, 58218.21578700002, 58218.24158560019, 58221.219745399896, 58221.2393633998, 58224.19509259984, 58224.223263899796, 58227.244409699924, 58231.16756939981, 58245.15179400006, 58248.159571799915, 58258.20721059991, 58281.191192099825, 58427.497557899915, 58430.48173609981, 58434.483645800035, 58440.54503470007, 58443.45552079985, 58447.499247699976, 58449.47590279998, 58461.54302080022, 58467.540983799845, 58472.444513900205, 58476.466261600144, 58481.48059030017, 58481.52339120023, 58486.48078700015, 58491.52699070005, 58493.47415510006, 58494.45545140002, 58502.52045139996, 58505.50417819992, 58511.37928240001, 58514.4036226999, 58538.24704860011, 58556.27424769988, 58559.231076399796, 58567.23291670019, 58575.231099499855, 58591.35650460003, 58598.1842939998, 58600.30062500015, 59266.33300929982, 59270.33728010021, 59274.35851849988], "flux_err_before_r": [0.20841743629567877, 0.05946850604439712, 0.058907406138670786, 0.08487394999130154, 0.07063822763977529, 0.09461145328502878, 0.06170815861653693, 0.05617814293165229, 0.05544539784141012, 0.06311402745423121, 0.055515317976434005, 0.06236540384365735, 0.05756361412596474, 0.05840258887014774, 0.059985851792347014, 0.05700960436772068, 0.056491264591949725, 0.05638879468689844, 0.05454542056428712, 0.12666693457246547, 0.07029150826656322, 0.05670856395842117, 0.05288347933983901, 0.053312750934412075, 0.05444735450768027, 0.054931197900295214, 0.05432292537909792, 0.06250049655500862, 0.056610993387958206, 0.056813483312665954, 0.05667060391766525, 0.04090669717560126, 0.056409199311937816, 0.13507020116666293, 0.04432280126672261, 0.05670162218463458, 0.056002867092750985, 0.057292099812456525, 0.04127328631356936, 0.05911862019115204, 0.05933333834540967, 0.005570445077970948, 0.04986403658029104, 0.05032792309796083, 0.0527311946120822], "flux_before_g": [18.255007730550023, 18.275085483476374, 17.305869456514323, 18.49091685460063, 18.2787837003691, 18.193271841614738, 18.25232726028777, 18.225987668744096, 18.2402290972731, 18.225121159265992, 18.206981014067225, 18.260397835197715, 18.22695887166757, 18.298901656815715, 18.21813881248005, 18.212341748720874, 18.22554443368004, 18.21212471110737, 18.23263487963884, 18.1990702462044, 18.19342011727216, 18.194018354579008, 18.219146652367854, 18.514374960771008, 18.21471167119806, 18.298249890812052, 18.213677613276136, 18.212260909031496, 18.232044901627702, 18.23383432157464, 18.367896863428754, 18.061003253670773, 18.19965372163944, 18.206580522989682, 18.20991953229911, 18.22379278213402, 18.23142582278489, 18.25019346922136, 18.23386353033998, 18.198957972593597, 18.221031595429256, 18.18250600141686, 18.28375742514195], "MJD_before_g": [58204.21402780013, 58204.31596060004, 58208.26009259978, 58208.2775347, 58215.25759259984, 58236.16886569979, 58236.18940970022, 58248.1714931, 58258.160150500014, 58267.16636569984, 58270.2409144002, 58274.212881899904, 58278.192569400184, 58290.19249999989, 58427.52526619984, 58430.53869209997, 58434.52231479995, 58437.48701390019, 58439.51546300016, 58440.48148149997, 58450.52055560006, 58461.46096060006, 58464.48037040001, 58467.498472199775, 58475.52408559993, 58482.54652780015, 58491.47746529989, 58494.480463000014, 58505.43775459984, 58508.541550899856, 58514.458171300124, 58523.4214931, 58526.42032410018, 58538.29481479991, 58556.37122689979, 58567.27217590017, 58586.16890050005, 58598.2315508998, 58605.23339120019, 59266.300520800054, 59268.42123840004, 59270.28829859989, 59274.23409719998], "flux_err_before_g": [0.03261391378656718, 0.04011062438700967, 0.33410268366927504, 0.31117964131511516, 0.06617518907929051, 0.050605805329097385, 0.05522368742113418, 0.0062419369817862305, 0.006564111524943283, 0.03373322825212411, 0.037881717737872134, 0.007048284832935927, 0.007182371436344989, 0.03692000210025832, 0.00679234657257306, 0.006605428740301609, 0.006363929433081462, 0.006953031496306828, 0.007577714944003943, 0.007158011812113625, 0.01767123488381532, 0.011100221731256738, 0.006589659482137563, 0.2631046511351767, 0.027112607131224976, 0.005696087158715481, 0.00828925228270377, 0.006410157137288125, 0.06836086340369274, 0.0640146906733489, 0.11746736939709941, 0.13378868094402224, 0.02211858117934319, 0.06333932038962617, 0.00653810852613352, 0.006985563182764477, 0.007132054305484059, 0.007179293361856409, 0.0070903834792103645, 0.00786498946440837, 0.005966188221999973, 0.03855868103228846, 0.08786696442972398], "flux_outl_after_i": [], "MJD_outl_after_i": [], "flux_outl_err_after_i": [], "flux_outl_after_r": [17.606897264861814, 17.898770398734495, 17.72641712027498, 17.61155193866862, 17.581268828889343, 17.61548648091424, 17.70015738761845, 17.9281016088703, 17.50580500144154, 17.658551223654182], "MJD_outl_after_r": [58434.483645800035, 58449.47590279998, 58591.35650460003, 58600.30062500015, 58215.24445600016, 58224.19509259984, 58467.540983799845, 58514.4036226999, 58538.24704860011, 58575.231099499855], "flux_outl_err_after_r": [0.171165308924343, 0.12666693457246547, 0.05911862019115204, 0.016724672328314632, 0.20841743629567877, 0.28406088428289966, 0.05670856395842117, 0.13507020116666293, 0.04432280126672261, 0.04127328631356936], "flux_outl_after_g": [17.305869456514323, 18.49091685460063, 18.2787837003691, 18.22554443368004, 18.514374960771008, 18.367896863428754, 18.061003253670773, 18.206580522989682], "MJD_outl_after_g": [58208.26009259978, 58208.2775347, 58215.25759259984, 58434.52231479995, 58467.498472199775, 58514.458171300124, 58523.4214931, 58538.29481479991], "flux_outl_err_after_g": [0.33410268366927504, 0.31117964131511516, 0.06617518907929051, 0.006363929433081462, 0.2631046511351767, 0.11746736939709941, 0.13378868094402224, 0.06333932038962617], "mask_after_r": [58.0, 58.0, 58.0, 58.0, 58.0, 58.0, 58.0, 58.0, 58.0, 58.0, 58.0, 58.0, 58.0, 58.0, 58.0, 58.0, 58.0, 58.0, 58.0, 58.0, 58.0, 58.0, 58.0, 58.0, 58.0, 58.0, 58.0, 58.0, 58.0, 58.0, 58.0, 58.0, 58.0, 58.0, 58.0], "mask_after_g": [58.0, 58.0, 58.0, 58.0, 58.0, 58.0, 58.0, 58.0, 58.0, 58.0, 58.0, 58.0, 58.0, 58.0, 58.0, 58.0, 58.0, 58.0, 58.0, 58.0, 58.0, 58.0, 58.0, 58.0, 58.0, 58.0, 58.0, 58.0, 58.0, 58.0, 58.0, 58.0, 58.0, 58.0, 58.0], "mask_after_i": [],