{"name": "J105657.99+202242.4", "flux_err_before_i": [], "mask_before_i": [], "flux_before_i": [], "MJD_before_i": [], "mask_before_r": [3.0, 3.0, 3.0, 3.0, 3.0, 3.0, 3.0, 3.0, 3.0, 3.0, 3.0, 3.0, 3.0, 3.0, 3.0, 3.0, 3.0, 3.0, 3.0, 3.0, 3.0, 3.0, 3.0, 3.0, 3.0, 3.0], "mask_before_g": [3.0, 3.0, 3.0, 3.0, 3.0, 3.0, 3.0, 3.0, 3.0, 3.0, 3.0, 3.0, 3.0, 3.0, 3.0, 3.0, 3.0, 3.0, 3.0, 3.0, 3.0], "flux_before_r": [17.560304459022284, 17.5039544685206, 17.55028224453882, 17.528959202966043, 17.566707291840274, 17.56454062252095, 17.548504964217322, 17.545461401996953, 17.557602020696464, 17.554130050358175, 17.52890371350986, 17.548780569792264, 17.5368092381083, 17.582781595478963, 17.56414065789344, 17.56724491702304, 17.561703002494156, 17.526540659057712, 17.487221750087603, 17.5468713605486, 17.51713452810714, 17.527782909458708, 17.54562685450263, 17.540606971514386, 17.558471752132547, 17.544007138245625], "MJD_before_r": [58439.55496530002, 58442.414178200066, 58448.47859949991, 58449.45462960005, 58476.441400500014, 58481.472094899975, 58492.447187500075, 58493.44193289988, 58508.477037000004, 58511.391979199834, 58513.416805599816, 58540.2411342999, 58558.181006900035, 58574.21681710007, 58582.22253469983, 58593.268078700174, 58597.24325230019, 58618.268391199876, 58838.51797450008, 58838.51842590002, 58859.303368099965, 58859.304282399826, 58899.29638889991, 58899.2972916998, 58939.20578699978, 58939.20623840019], "flux_err_before_r": [0.02271465564717894, 0.0390163071146628, 0.019878209872210263, 0.02946646614534028, 0.02005336646751473, 0.019989439774585633, 0.07202882983859503, 0.018180630254443195, 0.019544527788525563, 0.01939797493645156, 0.020622715908166812, 0.019907494372468092, 0.020073729562955438, 0.06673858768241156, 0.02095080124690752, 0.020678657521706213, 0.020571481747631175, 0.020766372373987537, 0.028118559857637955, 0.03067982781841703, 0.019282271117952873, 0.019129232139411534, 0.018772197534171458, 0.018663245217410376, 0.019457770405223243, 0.019526626937802837], "flux_before_g": [18.294777756553597, 18.31134505524944, 18.315867096546775, 18.29966446037681, 18.35334947315984, 18.299833220407358, 18.340679751984826, 18.32777972290106, 18.327940298866878, 18.293522896769964, 18.289422587826113, 18.350344639118358, 18.351881678944597, 18.35752729108868, 18.371764968866067, 18.327463470290947, 18.306450417655583, 18.333012862694517, 18.3232929019186, 18.37396991959187, 18.30372499604077], "MJD_before_g": [58202.26973380009, 58439.49140049983, 58482.505312500056, 58493.552222200204, 58522.41320599988, 58539.26717589982, 58540.413946799934, 58580.205624999944, 58585.200914400164, 58586.29010420013, 58592.20593750011, 58601.247580999974, 58853.491712999996, 58853.49216439994, 58854.518391199876, 58854.52018520003, 58904.28874999983, 58964.20546300011, 58964.20636569988, 58967.23881939985, 58967.23927079979], "flux_err_before_g": [0.011525001602648436, 0.015532019028413288, 0.011629384518842524, 0.01125733722411685, 0.012546127048061918, 0.01797476329559646, 0.015268690524325865, 0.01340052400312784, 0.012401265669183549, 0.012467490631321522, 0.01204866493065444, 0.012683168069118421, 0.01133554912567475, 0.011289138684157827, 0.01172184243716862, 0.011787868433013913, 0.011525772920151939, 0.012381550602088322, 0.012169901203571316, 0.012424469653738434, 0.011709541503304447], "flux_outl_after_i": [], "MJD_outl_after_i": [], "flux_outl_err_after_i": [], "flux_outl_after_r": [17.548504964217322, 17.582781595478963, 17.5039544685206], "MJD_outl_after_r": [58492.447187500075, 58574.21681710007, 58442.414178200066], "flux_outl_err_after_r": [0.00775478792712449, 0.0071852284035800115, 0.004200584516668724], "flux_outl_after_g": [18.327463470290947, 18.289422587826113], "MJD_outl_after_g": [58854.52018520003, 58592.20593750011], "flux_outl_err_after_g": [0.01119455576294, 0.011442225725682355], "mask_after_r": [3.0, 3.0, 3.0, 3.0, 3.0, 3.0, 3.0, 3.0, 3.0, 3.0, 3.0, 3.0, 3.0, 3.0, 3.0, 3.0, 3.0, 3.0, 3.0, 3.0, 3.0, 3.0, 3.0], "mask_after_g": [3.0, 3.0, 3.0, 3.0, 3.0, 3.0, 3.0, 3.0, 3.0, 3.0, 3.0, 3.0, 3.0, 3.0, 3.0, 3.0, 3.0, 3.0, 3.0], "mask_after_i": [], "flux_after_r": [17.646896126239053, 17.639961444481777, 17.61323598388293, 17.65599833533951, 17.6405483647047, 17.623876535599315, 17.658917874646537, 17.619540401439156, 17.634751762992366, 17.65581213932887, 17.640067124277472, 17.655154727505387, 17.659508720484027, 17.654881324494156, 17.624591842818646, 17.59294809433732, 17.65877022396163, 17.619979859696755, 17.615083812197472, 17.627793361136636, 17.625696011381326, 17.641513473409063, 17.632137606282598], "MJD_after_r": [58439.55496530002, 58448.47859949991, 58449.45462960005, 58476.441400500014, 58481.472094899975, 58493.44193289988, 58508.477037000004, 58511.391979199834, 58513.416805599816, 58540.2411342999, 58558.181006900035, 58582.22253469983, 58593.268078700174, 58597.24325230019, 58618.268391199876, 58838.51797450008, 58838.51842590002, 58859.303368099965, 58859.304282399826, 58899.29638889991, 58899.2972916998, 58939.20578699978, 58939.20623840019], "flux_err_after_r": [0.022913227576359947, 0.024933758504592774, 0.026670138037741587, 0.022204295644012773, 0.02242367907215931, 0.017504670445610392, 0.02555662600065518, 0.01963558536284721, 0.018002401023959256, 0.0211984443770681, 0.02575343825090935, 0.01962828309821273, 0.024062430985439424, 0.019175768839658158, 0.02365737565626776, 0.029574758851050955, 0.03128800792916555, 0.025960582960526, 0.02081674137397625, 0.018242997731664, 0.018659603540255938, 0.018914413529957798, 0.01841258028726149], "flux_after_g": [18.25147544462007, 18.269571423824054, 18.224672021325052, 18.29104631475502, 18.29175578488749, 18.263650372581395, 18.270216380663864, 18.270164305893523, 18.262122600175807, 18.288650052388977, 18.26708409862085, 18.2699588296341, 18.32169774848128, 18.24567861328054, 18.275842752639367, 18.264844789541293, 18.30680153086418, 18.247377132897363], "MJD_after_g": [58439.49140049983, 58482.505312500056, 58493.552222200204, 58522.41320599988, 58539.26717589982, 58540.413946799934, 58580.205624999944, 58585.200914400164, 58586.29010420013, 58601.247580999974, 58853.491712999996, 58853.49216439994, 58854.518391199876, 58904.28874999983, 58964.20546300011, 58964.20636569988, 58967.23881939985, 58967.23927079979], "flux_err_after_g": [0.021112477237812108, 0.020901380814209624, 0.018102012447370634, 0.019888958393539498, 0.024399210841802767, 0.02172961852156525, 0.02169685793237302, 0.019826616003636405, 0.01803905345122398, 0.016204394278194992, 0.018549944043125752, 0.018302544189727436, 0.02104800397806144, 0.018662122041042617, 0.01989891471990552, 0.019595336910880903, 0.02259474893665266, 0.018648604811412086], "flux_after_i": [], "MJD_after_i": [], "flux_err_after_i": []}