{"name": "J105820.56+241128.0", "flux_err_before_i": [], "mask_before_i": [], "flux_before_i": [], "MJD_before_i": [], "mask_before_r": [35.0, 35.0, 35.0, 35.0, 35.0, 35.0, 35.0, 35.0, 35.0, 35.0, 35.0, 35.0, 35.0, 35.0, 35.0, 35.0, 35.0, 35.0, 35.0, 35.0, 35.0, 35.0, 35.0, 35.0, 35.0], "mask_before_g": [35.0, 35.0, 35.0, 35.0, 35.0, 35.0, 35.0, 35.0, 35.0, 35.0, 35.0, 35.0, 35.0, 35.0, 35.0, 35.0, 35.0, 35.0, 35.0, 35.0, 35.0, 35.0], "flux_before_r": [16.300274419535853, 16.264078295214773, 16.28357735493228, 16.279068682850152, 16.281926594739033, 16.310790113104723, 16.299677016165884, 16.28882413015259, 16.290803788452212, 16.288761200367126, 16.281664914780208, 16.287061567616988, 16.24971882026071, 16.294240387045306, 16.28843508155545, 16.292399682122785, 16.2662365122168, 16.271231245819678, 16.287112404742693, 16.289202268434938, 16.29755604505378, 16.286557704942865, 16.28099274976219, 16.2869761901985, 16.28714451387483], "MJD_before_r": [58439.55496530002, 58448.47859949991, 58449.45462960005, 58476.441400500014, 58481.472094899975, 58492.447187500075, 58493.44193289988, 58508.477037000004, 58511.391979199834, 58513.416805599816, 58540.2411342999, 58558.181006900035, 58574.21681710007, 58582.22253469983, 58593.268078700174, 58597.24325230019, 58618.268391199876, 58838.51797450008, 58838.51842590002, 58859.303368099965, 58859.304282399826, 58899.29638889991, 58899.2972916998, 58939.20578699978, 58939.20623840019], "flux_err_before_r": [0.016749153924813572, 0.014539665794047979, 0.018346534753979436, 0.014291261931453646, 0.01448684267725013, 0.049081649662132895, 0.014165565364476055, 0.014335497126238503, 0.014421306971426505, 0.014402158497995416, 0.014953714056587703, 0.015054548425242405, 0.04285984874400975, 0.015066738849998526, 0.014870896074620677, 0.015308159506343275, 0.015601907934155753, 0.021683810552357526, 0.022393814058971364, 0.0145359698437801, 0.014591687629773094, 0.014266130351878471, 0.014055302786828032, 0.014553035274723214, 0.01460094320003463], "flux_before_g": [17.259952501793187, 17.235701846482755, 17.204922442947847, 17.239532427783985, 17.25521335513935, 17.289033988284224, 17.226429019991848, 17.23444149288009, 17.252004251978, 17.209370764366945, 17.23810979631839, 17.21864346150215, 17.215964907353946, 17.24890067357869, 17.23935773439598, 17.218359873200473, 17.249126130506223, 17.255181586324817, 17.238109136377645, 17.233259767543316, 17.24070639260163, 17.223912567985376], "MJD_before_g": [58202.26973380009, 58439.49140049983, 58482.505312500056, 58493.552222200204, 58522.41320599988, 58539.26717589982, 58540.413946799934, 58560.22201390006, 58580.205624999944, 58585.200914400164, 58586.29010420013, 58592.20593750011, 58601.247580999974, 58853.491712999996, 58853.49216439994, 58854.518391199876, 58854.52018520003, 58904.28874999983, 58964.20546300011, 58964.20636569988, 58967.23881939985, 58967.23927079979], "flux_err_before_g": [0.006950701839349437, 0.009017546636938394, 0.0065913843371896656, 0.0069141791731004276, 0.007122180903139582, 0.009599779413283122, 0.00798765440731263, 0.006852108885552421, 0.008159233450806427, 0.006986118761816201, 0.007225893843654488, 0.007000757641032462, 0.006998317173557421, 0.006508605186221921, 0.006459973735054905, 0.006487413911420971, 0.0066824868173452345, 0.007013911682002901, 0.007247885319320503, 0.007132989184309752, 0.006990853731122225, 0.006924886915249442], "flux_outl_after_i": [], "MJD_outl_after_i": [], "flux_outl_err_after_i": [], "flux_outl_after_r": [16.310790113104723, 16.24971882026071], "MJD_outl_after_r": [58492.447187500075, 58574.21681710007], "flux_outl_err_after_r": [0.0028840964245180913, 0.0025184959627254106], "flux_outl_after_g": [17.249126130506223, 17.21864346150215], "MJD_outl_after_g": [58854.52018520003, 58592.20593750011], "flux_outl_err_after_g": [0.006134266036482882, 0.006426426418914224], "mask_after_r": [35.0, 35.0, 35.0, 35.0, 35.0, 35.0, 35.0, 35.0, 35.0, 35.0, 35.0, 35.0, 35.0, 35.0, 35.0, 35.0, 35.0, 35.0, 35.0, 35.0, 35.0, 35.0, 35.0], "mask_after_g": [35.0, 35.0, 35.0, 35.0, 35.0, 35.0, 35.0, 35.0, 35.0, 35.0, 35.0, 35.0, 35.0, 35.0, 35.0, 35.0, 35.0, 35.0, 35.0, 35.0], "mask_after_i": [], "flux_after_r": [16.38043101822291, 16.362558854243954, 16.355144639447502, 16.38586404742499, 16.37429832700561, 16.37575138926823, 16.37185660916877, 16.382148232337798, 16.368467729066246, 16.35736586084867, 16.377444006689178, 16.37144470914593, 16.377581518302204, 16.367222071739203, 16.352324146645493, 16.375873538405678, 16.382424476169536, 16.373798575634495, 16.367301762971795, 16.362858441664528, 16.36166387444717, 16.36156156192323, 16.357914516821698], "MJD_after_r": [58439.55496530002, 58448.47859949991, 58449.45462960005, 58476.441400500014, 58481.472094899975, 58493.44193289988, 58508.477037000004, 58511.391979199834, 58513.416805599816, 58540.2411342999, 58558.181006900035, 58582.22253469983, 58593.268078700174, 58597.24325230019, 58618.268391199876, 58838.51797450008, 58838.51842590002, 58859.303368099965, 58859.304282399826, 58899.29638889991, 58899.2972916998, 58939.20578699978, 58939.20623840019], "flux_err_after_r": [0.015304456099236795, 0.016874081539691353, 0.01917127846410464, 0.015379254414970445, 0.015433018391555847, 0.012023786419285337, 0.01555837116725679, 0.012701054249533283, 0.010659275464921078, 0.014174918840144417, 0.017840346609674658, 0.012779128777422403, 0.01526408406704028, 0.012771489803849557, 0.015114650371642354, 0.019865123756586965, 0.01972964432577031, 0.01902026898432108, 0.020184574535278058, 0.012778163695935211, 0.013158947719178919, 0.014240411208577207, 0.013669232370100756], "flux_after_g": [17.19069790155383, 17.170181940367982, 17.184018863765814, 17.200640776585857, 17.23752039144928, 17.178687796768884, 17.18156065450444, 17.215503812510526, 17.167734017701882, 17.20222394147637, 17.180816979274695, 17.157529774191566, 17.158959867524374, 17.18750313286773, 17.203700309471806, 17.197106402341333, 17.188779489645704, 17.183565962093624, 17.181156277044217], "MJD_after_g": [58439.49140049983, 58482.505312500056, 58493.552222200204, 58522.41320599988, 58539.26717589982, 58540.413946799934, 58560.22201390006, 58580.205624999944, 58585.200914400164, 58586.29010420013, 58601.247580999974, 58853.491712999996, 58853.49216439994, 58854.518391199876, 58904.28874999983, 58964.20546300011, 58964.20636569988, 58967.23881939985, 58967.23927079979], "flux_err_after_g": [0.011960856508717225, 0.012042300317730448, 0.01270310633959401, 0.013492940898369277, 0.017035937803224977, 0.015497800837557696, 0.02171133391304728, 0.01401845089091226, 0.013109332817584972, 0.01629973628810457, 0.011853709260050381, 0.010850860358750674, 0.012493785791522754, 0.013095150851409781, 0.012583254361577046, 0.01297953372151048, 0.014505234966301085, 0.012899151414082459, 0.01465176909858091], "flux_after_i": [], "MJD_after_i": [], "flux_err_after_i": []}