{"name": "J110701.41+502645.4", "flux_err_before_i": [], "mask_before_i": [], "flux_before_i": [], "MJD_before_i": [], "mask_before_r": [20.0, 20.0, 20.0, 20.0, 20.0, 20.0, 20.0, 20.0, 20.0, 20.0, 20.0, 20.0, 20.0, 20.0, 20.0, 20.0, 20.0, 20.0, 20.0, 20.0, 20.0, 20.0, 20.0, 20.0, 20.0, 20.0, 20.0, 20.0, 20.0, 20.0, 20.0, 20.0, 20.0, 20.0, 20.0, 20.0, 20.0, 20.0, 20.0, 20.0, 20.0, 20.0, 20.0, 20.0], "mask_before_g": [20.0, 20.0, 20.0, 20.0, 20.0, 20.0, 20.0, 20.0, 20.0, 20.0, 20.0, 20.0, 20.0, 20.0, 20.0, 20.0, 20.0, 20.0, 20.0, 20.0, 20.0, 20.0, 20.0, 20.0, 20.0, 20.0], "flux_before_r": [17.70119645906842, 17.82091319987638, 17.760160699556984, 17.73204549599729, 17.8021062880328, 17.753120152344103, 17.75558726043851, 17.776895143238733, 17.76792446696198, 17.70724996835275, 17.877217149609717, 17.9135925041977, 17.729813888057336, 17.724660107648212, 17.731121297854912, 17.738863711903694, 17.893965664509786, 17.760168203691272, 17.747193902129773, 17.779229080158665, 17.750145625516794, 17.673297956081893, 17.75869277233233, 17.746317680121535, 17.777649932801527, 17.76216989579439, 17.73416226388447, 17.786508432958918, 17.788396967908078, 17.74798582952783, 17.68895730211431, 17.79087062225912, 17.71214592100693, 17.737931294264612, 17.776085565979145, 17.799098366412338, 17.781305718320155, 17.775624467401972, 17.7683767773294, 17.77088786080379, 17.76970153806389, 17.80444510754264, 17.743711010316474, 17.75594467993117], "MJD_before_r": [58224.24899310013, 58439.39829860022, 58448.45839119982, 58449.43111110013, 58468.5202314998, 58476.44972220017, 58481.46410880005, 58492.4545948999, 58493.4479398001, 58509.46267359983, 58512.515231499914, 58513.467384300195, 58540.23930560006, 58558.20468749991, 58574.21170140011, 58582.19927080022, 58589.204224499874, 58592.28400459979, 58593.26388890017, 58606.23937499989, 58618.20341440011, 58771.50465280004, 58771.50510419998, 58806.552268499974, 58806.55271989992, 58833.43425930012, 58833.43516199989, 58851.45395829994, 58851.45440969989, 58859.28531249985, 58859.285763899796, 58860.30575230019, 58860.30620370014, 58893.32893519988, 58893.32983799977, 58899.29144679988, 58899.29189810017, 58900.2390509001, 58971.16091440013, 58971.161851900164, 58972.203796300106, 58972.20425930014, 58976.28722220007, 58976.287696800195], "flux_err_before_r": [0.01308989959864215, 0.017214840840100543, 0.011805435470600988, 0.011466633461907067, 0.011495827729140812, 0.01114668665361159, 0.011495626265812586, 0.03331622520839548, 0.011139546702779076, 0.011079437684637006, 0.022258945784634238, 0.33510241530707907, 0.011398909011970692, 0.011652034850263832, 0.0236018611447043, 0.011570795462204457, 0.07628249576452081, 0.012061602540918313, 0.011639525944324651, 0.012544962397787589, 0.012030286829733857, 0.012482366049761908, 0.013650068813422676, 0.012550609117059635, 0.012856350528447089, 0.011368042541890081, 0.011033737240918589, 0.011573403772036134, 0.011678216411695457, 0.011556120550579696, 0.010971869986099255, 0.011999578211389035, 0.011061043498761343, 0.010630415741609119, 0.011452280014813326, 0.01145241503380669, 0.011130124419177096, 0.011634494504258422, 0.010768828057392274, 0.010921766217902253, 0.011302599711358824, 0.011532295839006917, 0.01183646820831106, 0.012084692492425764], "flux_before_g": [18.396591561103428, 18.298037403023088, 18.277586865516014, 18.413966236110284, 18.44956581425515, 18.352794623674104, 18.367037157754144, 18.413864094101797, 18.410981345058406, 18.373792235473687, 18.422630384206418, 18.27097541466467, 18.355730193928622, 18.38159758150736, 18.46427364479322, 18.341884694296876, 18.439796190387188, 18.39811124382064, 18.407902817729067, 18.373811750824927, 18.382851130859837, 18.50079825830077, 18.47090367406969, 18.49195641427003, 18.41548353704539, 18.3658663769136], "MJD_before_g": [58206.26589119993, 58206.28745369986, 58237.24827549979, 58237.2487269002, 58259.16472220002, 58259.16517359996, 58425.54625000013, 58439.487650500145, 58482.495463000145, 58487.47430559993, 58506.49240740016, 58507.50555559993, 58539.24614580022, 58540.393055600114, 58561.243205999956, 58567.49309029989, 58580.24850689992, 58585.19487270014, 58587.228703700006, 58601.249872699846, 58854.53253469989, 58854.53298609983, 58903.32927080011, 58903.329722200055, 58972.24574070005, 58972.24621530017], "flux_err_before_g": [0.008900990900924345, 0.007979518645072741, 0.028339360980148096, 0.03168914550732278, 0.08858724487190253, 0.13115348317306313, 0.008975457519024562, 0.01243447261705658, 0.009475328395500552, 0.008939611115154596, 0.04466254018095858, 0.016875396144679027, 0.012826076036549094, 0.0090832394947845, 0.04995894568766331, 0.04189842991277199, 0.009988038524658117, 0.009600331514418746, 0.010251864554164231, 0.00920124157250647, 0.008784199386708207, 0.009986217849336402, 0.009401631010565643, 0.00982255113432843, 0.008943657253465277, 0.008327378088390612], "flux_outl_after_i": [], "MJD_outl_after_i": [], "flux_outl_err_after_i": [], "flux_outl_after_r": [17.9135925041977, 17.776895143238733, 17.877217149609717, 17.731121297854912, 17.893965664509786], "MJD_outl_after_r": [58513.467384300195, 58492.4545948999, 58512.515231499914, 58574.21170140011, 58589.204224499874], "flux_outl_err_after_r": [0.33510241530707907, 0.016321198590825235, 0.0109043768404435, 0.011562254140325896, 0.07628249576452081], "flux_outl_after_g": [18.382851130859837, 18.50079825830077, 18.44956581425515, 18.352794623674104, 18.47090367406969, 18.49195641427003], "MJD_outl_after_g": [58854.53253469989, 58854.53298609983, 58259.16472220002, 58259.16517359996, 58903.32927080011, 58903.329722200055], "flux_outl_err_after_g": [0.010466084817041008, 0.011898250302782598, 0.08858724487190253, 0.13115348317306313, 0.011201734300794004, 0.011703246791865955], "mask_after_r": [20.0, 20.0, 20.0, 20.0, 20.0, 20.0, 20.0, 20.0, 20.0, 20.0, 20.0, 20.0, 20.0, 20.0, 20.0, 20.0, 20.0, 20.0, 20.0, 20.0, 20.0, 20.0, 20.0, 20.0, 20.0, 20.0, 20.0, 20.0, 20.0, 20.0, 20.0, 20.0, 20.0, 20.0, 20.0, 20.0, 20.0, 20.0, 20.0], "mask_after_g": [20.0, 20.0, 20.0, 20.0, 20.0, 20.0, 20.0, 20.0, 20.0, 20.0, 20.0, 20.0, 20.0, 20.0, 20.0, 20.0, 20.0, 20.0, 20.0, 20.0], "mask_after_i": [], "flux_after_r": [17.806592864634943, 17.79916343752076, 17.7486285756249, 17.826535313806456, 17.784532680344103, 17.787605863002433, 17.798828126034945, 17.756873232168395, 17.794607597900843, 17.77911394549039, 17.787260597325634, 17.82344530726467, 17.79756397391719, 17.82072675590861, 17.781545627716795, 17.725876735125706, 17.800673789119298, 17.79004308151747, 17.807874415901527, 17.806417126949412, 17.78378861760553, 17.795187800643728, 17.763405346855446, 17.785991555529147, 17.718902715090408, 17.835082085387732, 17.78073203899034, 17.771366877877963, 17.79350596289374, 17.770310250041064, 17.7785098924204, 17.78455945879449, 17.78617998567973, 17.791636121462975, 17.81008449646494, 17.84067447048595, 17.783199188579594, 17.78432888550154], "MJD_after_r": [58439.39829860022, 58448.45839119982, 58449.43111110013, 58468.5202314998, 58476.44972220017, 58481.46410880005, 58493.4479398001, 58509.46267359983, 58540.23930560006, 58558.20468749991, 58582.19927080022, 58592.28400459979, 58593.26388890017, 58606.23937499989, 58618.20341440011, 58771.50465280004, 58771.50510419998, 58806.552268499974, 58806.55271989992, 58833.43425930012, 58833.43516199989, 58851.45395829994, 58851.45440969989, 58859.28531249985, 58859.285763899796, 58860.30575230019, 58860.30620370014, 58893.32893519988, 58893.32983799977, 58899.29144679988, 58899.29189810017, 58900.2390509001, 58971.16091440013, 58971.161851900164, 58972.203796300106, 58972.20425930014, 58976.28722220007, 58976.287696800195],