{"name": "MagE_ESI_J110731.23+134712.9", "flux_err_before_i": [], "mask_before_i": [], "flux_before_i": [], "MJD_before_i": [], "mask_before_r": [17.0, 17.0, 17.0, 17.0, 17.0, 17.0, 17.0, 17.0, 17.0, 17.0, 17.0, 17.0, 17.0, 17.0, 17.0, 17.0], "mask_before_g": [17.0, 17.0, 17.0, 17.0, 17.0, 17.0, 17.0, 17.0, 17.0, 17.0], "flux_before_r": [16.96186128352189, 17.87337001158467, 17.94972834032513, 17.849762945170962, 17.851132347841443, 17.80077925720577, 17.871619348221266, 17.857905104648076, 17.846412120787807, 17.941304801213676, 17.849121851575667, 17.92001422242525, 17.862662531132106, 17.83757700981879, 17.845302767794536, 17.87129726448448], "MJD_before_r": [58442.45820599981, 58448.479050899856, 58449.455544000026, 58468.49998839991, 58476.459861100186, 58481.47482640017, 58492.44673610013, 58493.46868060017, 58513.41634259978, 58540.25505790021, 58558.20744210016, 58574.21820600005, 58582.222986099776, 58593.28298609983, 58597.244641200174, 58618.269317099825], "flux_err_before_r": [0.025842891575080445, 0.021445110196049083, 0.03960149795231175, 0.020020985709542565, 0.02000751801974012, 0.019616068998922383, 0.07543067895963249, 0.020193998489349822, 0.023273683599685124, 0.02117104026142166, 0.021037252432161445, 0.10279278319235967, 0.022632122754575264, 0.021092646854574845, 0.02130989867365028, 0.022787631265339565], "flux_before_g": [18.18629863544016, 18.29240429464798, 18.356312168929662, 18.336185197019063, 18.337348694791878, 18.321901831570035, 18.268480926837917, 18.340261732881252, 18.29250292241905, 18.388677904728304], "MJD_before_g": [58235.222048600204, 58235.22250000015, 58439.50018520001, 58482.50577550009, 58511.466250000056, 58522.41413189983, 58540.414861099795, 58580.2051736, 58585.20136569999, 58592.20638890006], "flux_err_before_g": [0.01377507825665256, 0.015407647658153199, 0.020296422190555347, 0.016081579402826885, 0.016045531169715813, 0.0162485777635193, 0.016577803644239438, 0.017117459687232137, 0.01628455103477475, 0.01741348846178466], "flux_outl_after_i": [], "MJD_outl_after_i": [], "flux_outl_err_after_i": [], "flux_outl_after_r": [16.96186128352189, 17.94972834032513, 17.871619348221266, 17.92001422242525], "MJD_outl_after_r": [58442.45820599981, 58449.455544000026, 58492.44673610013, 58574.21820600005], "flux_outl_err_after_r": [0.025842891575080445, 0.0010879400953114336, 0.0020722463618818286, 0.10279278319235967], "flux_outl_after_g": [], "MJD_outl_after_g": [], "flux_outl_err_after_g": [], "mask_after_r": [17.0, 17.0, 17.0, 17.0, 17.0, 17.0, 17.0, 17.0, 17.0, 17.0, 17.0, 17.0], "mask_after_g": [17.0, 17.0, 17.0, 17.0, 17.0, 17.0, 17.0, 17.0, 17.0, 17.0], "mask_after_i": [], "flux_after_r": [17.89082737183469, 17.864320003140797, 17.88445622763163, 17.859809536131937, 17.886274976376725, 17.861809328333536, 17.8886390916313, 17.880382731205664, 17.88635350957986, 17.86175429639781, 17.875876767958196, 17.914028581178442], "MJD_after_r": [58448.479050899856, 58468.49998839991, 58476.459861100186, 58481.47482640017, 58493.46868060017, 58513.41634259978, 58540.25505790021, 58558.20744210016, 58582.222986099776, 58593.28298609983, 58597.244641200174, 58618.269317099825], "flux_err_after_r": [0.02234099614918024, 0.018062659651670816, 0.02003487397295665, 0.020743478323271922, 0.01658658141733098, 0.018421987274581837, 0.021561984826620927, 0.02297456943734492, 0.018123244215642337, 0.02379575577977133, 0.017761379064114464, 0.021908056653961713], "flux_after_g": [18.35042562437949, 18.32633066925906, 18.331853561187827, 18.303686577473414, 18.262547503521297, 18.350505587470685, 18.290249318938876, 18.285978175821135], "MJD_after_g": [58439.50018520001, 58482.50577550009, 58511.466250000056, 58522.41413189983, 58540.414861099795, 58580.2051736, 58585.20136569999, 58592.20638890006], "flux_err_after_g": [0.026004566698767474, 0.02276586120573099, 0.022704778006791625, 0.023008971554972845, 0.023010165542962792, 0.02449280716304152, 0.024680978143762754, 0.032913895406073264], "flux_after_i": [], "MJD_after_i": [], "flux_err_after_i": []}