{"name": "J111240.17+290719.6", "flux_err_before_i": [], "mask_before_i": [], "flux_before_i": [], "MJD_before_i": [], "mask_before_r": [24.0, 24.0, 24.0, 24.0, 24.0, 24.0, 24.0, 24.0, 24.0, 24.0, 24.0, 24.0, 24.0, 24.0, 24.0, 24.0, 24.0, 24.0, 24.0, 24.0, 24.0, 24.0, 24.0, 24.0, 24.0, 24.0, 24.0, 24.0, 24.0, 24.0, 24.0, 24.0], "mask_before_g": [24.0, 24.0, 24.0, 24.0, 24.0, 24.0, 24.0, 24.0, 24.0, 24.0, 24.0, 24.0, 24.0, 24.0, 24.0, 24.0, 24.0, 24.0, 24.0, 24.0, 24.0, 24.0, 24.0, 24.0, 24.0, 24.0, 24.0, 24.0, 24.0, 24.0, 24.0, 24.0, 24.0, 24.0, 24.0, 24.0], "flux_before_r": [18.643038357818156, 18.56233362244683, 18.665437227091804, 18.581633897334207, 18.568078635985803, 18.57888281795929, 18.634581412387632, 18.583221072958526, 18.559738977734295, 18.636136417266968, 18.5968908270359, 18.30693091156728, 18.588089870799042, 18.59378517271604, 18.629447757789265, 18.613782306174592, 18.560958068713074, 18.6330236465257, 18.658646154657657, 18.588020945785104, 18.57120935499763, 18.58610013086915, 18.792368183242612, 18.629284673729874, 18.850569213773632, 18.507781478324205, 18.491458046524265, 18.639250502185362, 18.646826508533078, 18.48961978927684, 18.73554622068798, 18.547709050424917], "MJD_before_r": [58439.55450229999, 58448.472442099825, 58449.4541782001, 58468.51695600012, 58476.44785880018, 58481.46180560021, 58492.45131940022, 58493.4442245001, 58508.47795139998, 58511.390150499996, 58513.42710650014, 58539.33078699978, 58540.25415509986, 58546.30962960003, 58557.248414400034, 58558.20653939992, 58559.25026619993, 58567.250451399945, 58574.21494209999, 58582.20303239999, 58593.26762730023, 58597.24278939981, 58602.2594444002, 58606.2421875, 58618.2607522998, 58833.47423609998, 58833.474687499925, 58851.47358800005, 58851.4740394, 58859.30517360009, 58859.30562500004, 58939.208506899886], "flux_err_before_r": [0.0282519790793987, 0.023609510443725484, 0.034388119217724694, 0.022845837942462362, 0.022456650875865073, 0.023284486247849644, 0.0629370087142332, 0.022638203628509355, 0.02277031947497516, 0.024262083874737283, 0.022823900411165457, 0.30539269799436036, 0.022952472788170634, 0.02438864105614911, 0.02528672793807069, 0.025004976764750986, 0.023852656849091193, 0.025228009825613944, 0.05634975014457951, 0.02448397408620046, 0.024201220849400167, 0.02406099513003617, 0.04381076192250498, 0.026535507761760637, 0.028116438234200566, 0.021108925356668053, 0.020872609662361, 0.024848131327753112, 0.024581259764489365, 0.02217999523782057, 0.027682927869704627, 0.022690138824539827], "flux_before_g": [19.468645499213608, 19.53639225938455, 19.546575524455427, 19.77435090038449, 19.32443188378392, 19.55147547521935, 19.37616603228843, 19.23619153571567, 19.44878643833651, 19.24435806975147, 19.50198786764554, 19.41354619774069, 19.424980727916545, 19.379212195541076, 19.457614620947894, 19.556127265821598, 19.499283717607028, 19.516985415656002, 19.54891733982908, 19.454980924654645, 19.38761361152163, 19.521622402162926, 19.554964304102562, 19.46693893091127, 19.496875023340024, 19.393776911658264, 19.44289438284624, 19.47052405810539, 19.41913378461194, 19.50137970556382, 19.57101342351971, 19.408535949985417, 19.65821670295564, 19.483811777413578, 19.49246196786003, 19.48331075589291], "MJD_before_g": [58439.50111109996, 58482.501643499825, 58493.55131939985, 58506.5139930998, 58507.508830999956, 58539.268090299796, 58540.413032399956, 58560.20266199997, 58561.291284699924, 58567.49445600016, 58580.20746529987, 58585.19857640006, 58586.29055560008, 58592.20875000022, 58601.24620370008, 58837.51450229995, 58837.514953699894, 58854.51928240014, 58854.51973380009, 58892.350034699775, 58892.350486100186, 58903.320138900075, 58903.32059030002, 58964.207314800005, 58964.20775459986, 58967.23745370004, 58967.237916700076, 58968.26799769979, 58968.268472199794, 58971.26508100005, 58971.26555560017, 58973.24582180008, 58973.2462847, 58986.20627309987, 58986.206736099906, 58995.186550899874], "flux_err_before_g": [0.018849601443003097, 0.015312315749958, 0.015754121189776173, 0.3059440718452548, 0.14195724013319946, 0.024236737673955493, 0.0138672512772302, 0.1148552723633961, 0.1833701340108501, 0.16543200038312994, 0.016204630000803154, 0.014613103198196168, 0.015327674297479927, 0.14138596978359838, 0.015071963044464476, 0.05616360544400249, 0.05156743963560959, 0.015300940927549135, 0.047443435021593656, 0.017387745037043257, 0.051927463948615665, 0.014953158373148773, 0.015560720206773923, 0.01542764171966595, 0.015790430901840995, 0.013747848476685785, 0.014398648351142873, 0.014514884871006727, 0.013775186457066609, 0.07824777403904772, 0.10590443901697867, 0.09428475875898466, 0.09789381021365862, 0.014865129027243715, 0.0148671854704027, 0.015081629742897352], "flux_outl_after_i": [], "MJD_outl_after_i": [], "flux_outl_err_after_i": [], "flux_outl_after_r": [18.581633897334207, 18.634581412387632, 18.583221072958526, 18.5968908270359, 18.6330236465257, 18.658646154657657, 18.792368183242612, 18.665437227091804, 18.30693091156728], "MJD_outl_after_r": [58468.51695600012, 58492.45131940022, 58493.4442245001, 58513.42710650014, 58567.250451399945, 58574.21494209999, 58602.2594444002, 58449.4541782001, 58539.33078699978], "flux_outl_err_after_r": [0.03210642767705962, 0.0884486059816726, 0.031814628527429056, 0.03207559773929278, 0.03545421599077151, 0.07919119369549045, 0.061569510502715974, 0.0483273874827715, 0.30539269799436036], "flux_outl_after_g": [19.54891733982908], "MJD_outl_after_g": [58854.51973380009], "flux_outl_err_after_g": [0.047443435021593656], "mask_after_r": [24.0, 24.0, 24.0, 24.0, 24.0, 24.0, 24.0, 24.0, 24.0, 24.0, 24.0, 24.0, 24.0, 24.0, 24.0, 24.0, 24.0, 24.0, 24.0, 24.0, 24.0, 24.0, 24.0], "mask_after_g": [24.0, 24.0, 24.0, 24.0, 24.0, 24.0, 24.0, 24.0, 24.0, 24.0, 24.0, 24.0, 24.0, 24.0, 24.0, 24.0, 24.0, 24.0, 24.0, 24.0, 24.0, 24.0, 24.0, 24.0, 24.0, 24.0, 24.0, 24.0, 24.0, 24.0, 24.0, 24.0, 24.0, 24.0, 24.0], "mask_after_i": [], "flux_after_r": [18.73241808542397, 18.67093025543184, 18.673664347439242, 18.680140805792547, 18.67223405088032, 18.743029911661885, 18.679062373020763, 18.695528875911386, 18.73412349266641, 18.755292838895258, 18.68651295384871, 18.702874261484677, 18.684193758874596, 18.717413979681453, 18.747297218225057, 18.889290297524667, 18.634816413800827, 18.604798064648154, 18.71511743085289, 18.73678783794545, 18.606416331176842, 18.86376524854895, 18.65869972072492], "MJD_after_r": [58439.55450229999, 58448.472442099825, 58476.44785880018, 58481.46180560021, 58508.47795139998, 58511.390150499996, 58540.25415509986, 58546.30962960003, 58557.248414400034, 58558.20653939992, 58559.25026619993, 58582.20303239999, 58593.26762730023, 58597.24278939981, 58606.2421875, 58618.2607522998, 58833.47423609998, 58833.474687499925, 58851.47358800005, 58851.4740394, 58859.30517360009, 58859.30562500004, 58939.208506899886], "flux_err_after_r": [0.02991796272333827, 0.029198247790200155, 0.027278446198464878, 0.02689343922563348, 0.02882033907742518, 0.02555581689530308, 0.023890100153439654, 0.026599187021409267, 0.030029048399659246, 0.03172231641860173, 0.029607640091344693, 0.02575784438157723, 0.030963096126471034, 0.025925716108405095, 0.0277011950371028, 0.0419035027167187, 0.031667462179665706, 0.02705415385162699, 0.027525224178426518, 0.027091521688617923, 0.030116827345452693, 0.03367382793509055, 0.025791146618787817],