{"name": "J111458.02+403611.4", "flux_err_before_i": [], "mask_before_i": [], "flux_before_i": [], "MJD_before_i": [], "mask_before_r": [2.0, 59.0, 59.0, 2.0, 59.0, 2.0, 59.0, 2.0, 59.0, 2.0, 2.0, 59.0, 59.0, 2.0, 59.0, 2.0, 59.0, 2.0, 59.0, 2.0, 2.0, 59.0, 2.0, 59.0, 2.0, 59.0, 2.0, 59.0, 59.0, 59.0, 59.0, 2.0, 2.0, 59.0, 2.0, 59.0, 2.0, 59.0, 2.0, 59.0, 2.0, 59.0, 59.0, 2.0, 59.0, 2.0, 59.0, 2.0, 2.0, 2.0, 2.0, 59.0, 2.0, 2.0, 59.0, 2.0, 2.0, 2.0, 2.0, 59.0, 59.0, 2.0, 2.0, 59.0, 59.0, 2.0, 2.0, 2.0, 2.0, 2.0, 2.0, 2.0, 2.0, 59.0, 59.0, 2.0, 2.0, 2.0], "mask_before_g": [2.0, 59.0, 2.0, 2.0, 2.0, 59.0, 2.0, 59.0, 59.0, 59.0, 2.0, 2.0, 59.0, 59.0, 2.0, 59.0, 2.0, 59.0, 2.0, 59.0, 59.0, 2.0, 59.0, 59.0, 2.0, 2.0, 59.0, 59.0, 2.0, 2.0, 2.0, 59.0, 59.0, 2.0, 59.0, 59.0, 59.0, 59.0, 59.0, 59.0, 59.0, 2.0, 2.0, 2.0, 2.0, 59.0, 59.0, 59.0, 59.0, 59.0, 2.0, 2.0, 2.0, 2.0, 59.0, 59.0, 59.0, 59.0], "flux_before_r": [17.413923424837648, 17.33128348162804, 17.488178839238053, 17.425499122045522, 17.33090878308748, 17.387097511168932, 17.370239969254097, 17.41692460739403, 17.3255825836444, 17.3962687614623, 17.41667394090654, 17.325322028380516, 17.32289135428171, 17.40501116594049, 17.420486907865183, 17.41312041756931, 17.362309385858868, 17.4189960894714, 17.431774803291326, 17.372101442238375, 17.414761717599927, 16.800607074603086, 17.626768290840438, 17.11455166236699, 17.406962103363636, 17.182433904198447, 17.59616646872582, 17.345169052466836, 17.31877654066836, 17.369330801435773, 17.37272246966305, 17.400186621817532, 17.44062739786732, 17.38965139113386, 17.58270838380826, 17.372971629760407, 17.47105632211559, 17.390272121624346, 17.377055821370554, 17.345590379002562, 17.411783546442113, 17.35969132961311, 17.346450239201097, 17.751579048911672, 17.367907568067075, 17.367737219174714, 17.36386396466694, 17.413784951525855, 17.362973378255372, 17.43760517677896, 17.37815852121736, 17.35470268262834, 17.41744565072269, 17.384012154128687, 17.35817684692912, 17.40011372106103, 17.388909390487235, 17.41803369680321, 17.398664662126528, 17.330948728768682, 17.330206597850538, 17.433112607416525, 17.44004110317013, 17.406946249204893, 17.383418479602817, 17.404726780960146, 17.389673125461993, 17.401085751587168, 17.396055387629573, 17.419760020638513, 17.37558619880155, 17.411952751420543, 17.389775156022168, 17.35365714706009, 17.38012624929756, 17.376451705056507, 17.414935457053765, 17.423835638726096], "MJD_before_r": [58439.38978009997, 58439.55403940007, 58442.40793980006, 58448.47106479993, 58448.47199069988, 58449.43486109981, 58449.453240700066, 58455.52912040008, 58468.518368099816, 58468.51978009986, 58476.44322919985, 58476.45114579983, 58481.46271990007, 58481.46364580002, 58492.452731499914, 58492.454143499956, 58493.446064800024, 58493.44747690018, 58503.49302079994, 58503.4944329001, 58509.47025460005, 58512.50025459984, 58512.51373839984, 58513.46935189981, 58534.38807869982, 58539.332638899796, 58540.239768499974, 58540.253692099825, 58546.31193289999, 58557.249328699894, 58558.20608799998, 58558.21067130007, 58574.21215280006, 58574.21355320001, 58582.20023149997, 58582.20164350001, 58589.20467589982, 58592.2821411998, 58593.26481480012, 58593.26995369978, 58597.24002309982, 58597.24047450023, 58602.260381899774, 58606.24030089984, 58606.24127310002, 58618.212835600134, 58618.215173599776, 58771.50930560008, 58771.509756899904, 58831.437268500216, 58831.43771990016, 58833.44967589993, 58833.45285880007, 58833.45792819979, 58833.47332180012, 58846.42892359989, 58846.42937499983, 58851.45531249978, 58851.45576390019, 58854.45445600012, 58854.45490740007, 58859.29837960005, 58859.29883099999, 58859.29928239994, 58859.29973379988, 58893.32758100005, 58893.32803239999, 58899.28321760008, 58899.283669000026, 58913.2078009001, 58913.20870369999, 58939.18571759993, 58939.18616899988, 58970.207071799785, 58970.20753470017, 58970.208472200204, 58971.18195600016, 58971.182430599816], "flux_err_before_r": [0.02662503343839152, 0.01445154184002897, 0.06793309525708807, 0.0159059803193992, 0.013072670209930115, 0.015230697633684868, 0.014571248999009889, 0.021421537323658552, 0.012141541409964951, 0.013991629502379987, 0.01502831772741247, 0.012658131506715027, 0.0128255894416018, 0.01539307049567575, 0.03550385858750426, 0.03541024723089467, 0.01251424191906278, 0.014621745743944365, 0.02360645171851269, 0.08666432961989198, 0.015479091911027816, 0.11496461293962208, 0.019458443974894258, 0.28854322608244126, 0.015224590961488068, 0.046428738202926825, 0.010022761115817097, 0.012426488233487729, 0.013198099805144933, 0.013676441511440743, 0.013741994798132047, 0.015591052741174305, 0.03895217844389589, 0.03153126165133928, 0.013803974408314787, 0.01406401898057175, 0.02450380836733685, 0.01368452226708973, 0.015277880912843062, 0.013175191718105158, 0.01501738139080048, 0.013338817289826596, 0.013799421733671205, 0.014317672080977728, 0.014064484512981994, 0.015554486546116544, 0.013951675862882693, 0.018639522069900636, 0.017815177068470942, 0.015123170994247566, 0.0144552031802337, 0.012901549262057872, 0.014881922968859646, 0.014564167116255836, 0.012764139169006358, 0.013790063956055717, 0.013614589402344487, 0.014387133406186253, 0.014496616725473718, 0.012604925508098108, 0.01246015460561021, 0.01599726852924466, 0.01598296075984999, 0.013909108394658943, 0.013830828105353587, 0.01462081238731514, 0.0145328249394397, 0.014299310365014436, 0.01400563961024843, 0.015920063666144058, 0.01499116110701245, 0.015383738626068053, 0.015915887266823133, 0.01267370665559026, 0.012929189226453945, 0.013990121105065634, 0.014600743609099664, 0.014595367929304385], "flux_before_g": [18.17468122667157, 18.21467013132906, 18.083205451891544, 18.09153405303102, 18.11122467094633, 18.231322173637746, 18.15100460899459, 18.115319783556355, 18.20322374154043, 18.085695510349183, 18.181319180187636, 18.22583229247645, 18.222861723247338, 18.183786163906532, 18.177047830006067, 18.221509319961378, 18.185500389989077, 18.241289754229236, 18.200579563174774, 18.21000725132159, 18.275287537687543, 18.23324751050085, 18.226353975488635, 18.27971872165556, 18.313896423350933, 18.228295876555713, 18.23221980547619, 18.194664120811115, 18.197854943954127, 18.14582077790829, 18.150112385370477, 18.23772926361088, 18.21779162284138, 18.200937207137358, 18.20180184167782, 18.22303399526028, 18.157843484235478, 18.22812366316935, 18.181157955973248, 18.185209608609178, 18.19187991869351, 18.172565738018992, 18.16495893145095, 18.157958547654946, 18.113261085869215, 18.20510478391769, 18.182546346902377, 18.176936708111924, 18.247019781061702, 18.233516370173028, 18.22208409315415, 18.17646270657862, 18.175324166457955, 18.15762301697593, 18.21870360833838, 18.23830667080319, 18.187037652403355, 18.209591539285157], "MJD_before_g": [58206.26413189992, 58206.28158560023, 58206.28568289988, 58434.55524310004, 58439.4871991002, 58439.49047450023, 58482.49591440009, 58482.54192129988, 58487.47664349992, 58506.49100690009, 58506.491469900124, 58507.506493099965, 58507.50745370006, 58522.45650460012, 58522.45790510019, 58534.30440969998, 58539.24660879979, 58539.26578699984, 58540.39399310015, 58540.395393500105, 58560.20311339991, 58561.2436573999, 58561.24505789997, 58562.249027799815, 58562.25043979986, 58567.493553199805, 58567.494004600216, 58580.247534700204, 58580.24895829987, 58582.1437615999, 58585.19532410009, 58585.19674770022, 58586.291481500026, 58587.22915509995, 58601.24849539995, 58833.554814800154, 58833.5552662001, 58837.51134259999, 58837.511782399844, 58853.519571799785, 58853.52001160011, 58853.52046300005, 58853.52092589997, 58854.53570599994, 58854.53615739988, 58854.53706019977, 58854.53750000009, 58892.35234950017, 58903.323368099984, 58903.32381939981, 58903.32836809987, 58903.328819400165, 58968.26518520014, 58968.26565970015, 58968.2665856001, 58968.26706020022, 58970.234247699846, 58970.23472219985],