{"name": "J111234.09+154209.4", "flux_err_before_i": [], "mask_before_i": [], "flux_before_i": [], "MJD_before_i": [], "mask_before_r": [45.0, 45.0, 45.0, 45.0, 45.0, 45.0, 45.0, 45.0, 45.0, 45.0, 45.0, 45.0, 45.0, 45.0, 45.0, 45.0, 45.0, 45.0, 45.0, 45.0, 45.0], "mask_before_g": [], "flux_before_r": [18.412080157463137, 18.498501933812257, 18.4608626812989, 18.48637020046663, 18.537644211061355, 18.524525707074574, 18.496912983778774, 18.517972581428932, 18.452889077923203, 18.516203849503242, 18.525467156473802, 18.55718846667569, 18.49646261023181, 18.466141995460106, 18.471363864044566, 18.64524008528202, 18.42992847910774, 18.5152568850385, 18.47630103789964, 18.497445651244437, 18.491663391681882], "MJD_before_r": [58449.47452550009, 58468.542118099984, 58476.46489580022, 58481.50690970011, 58492.44855319988, 58493.442847200204, 58513.424351899885, 58540.2647338002, 58557.264872699976, 58558.21910879994, 58574.21865739999, 58582.22388890013, 58593.2825230998, 58597.24510420021, 58606.24401619984, 58618.26885419991, 58851.47949070018, 58859.36495369999, 58859.36861110013, 58899.332592600025, 58899.33304399997], "flux_err_before_r": [0.13353844556921346, 0.017264510243051458, 0.017563803184094944, 0.018486792623267863, 0.10221532513288813, 0.01861245977486482, 0.01899147441843591, 0.018584142286395045, 0.017940276016352244, 0.019385411714101984, 0.25840420744914594, 0.016739746464589752, 0.019018599518343858, 0.018797075574234233, 0.01927786945256543, 0.023659715792504202, 0.0170515899744982, 0.018197689197896116, 0.010794815381435341, 0.017712984795275777, 0.01717508305968197], "flux_before_g": [], "MJD_before_g": [], "flux_err_before_g": [], "flux_outl_after_i": [], "MJD_outl_after_i": [], "flux_outl_err_after_i": [], "flux_outl_after_r": [18.412080157463137, 18.537644211061355, 18.525467156473802, 18.55718846667569], "MJD_outl_after_r": [58449.47452550009, 58492.44855319988, 58574.21865739999, 58582.22388890013], "flux_outl_err_after_r": [0.13353844556921346, 0.10221532513288813, 0.25840420744914594, 0.02368610862607755], "flux_outl_after_g": [], "MJD_outl_after_g": [], "flux_outl_err_after_g": [], "mask_after_r": [45.0, 45.0, 45.0, 45.0, 45.0, 45.0, 45.0, 45.0, 45.0, 45.0, 45.0, 45.0, 45.0, 45.0, 45.0, 45.0, 45.0], "mask_after_g": [], "mask_after_i": [], "flux_after_r": [18.59237547031438, 18.557841205292693, 18.57525060571294, 18.597957269558023, 18.568443115578773, 18.61206477294055, 18.54051291783044, 18.589605849856568, 18.577795291010485, 18.553777835189717, 18.566039636044565, 18.753918282454094, 18.517458422940944, 18.59186700366384, 18.57339219139989, 18.547595203653508, 18.552421611860126], "MJD_after_r": [58468.542118099984, 58476.46489580022, 58481.50690970011, 58493.442847200204, 58513.424351899885, 58540.2647338002, 58557.264872699976, 58558.21910879994, 58593.2825230998, 58597.24510420021, 58606.24401619984, 58618.26885419991, 58851.47949070018, 58859.36495369999, 58859.36861110013, 58899.332592600025, 58899.33304399997], "flux_err_after_r": [0.022578131283707704, 0.024863806647212466, 0.025258088383933102, 0.023283782283917715, 0.02237529008663982, 0.024425426094672822, 0.02449351900538659, 0.026221382100293823, 0.028171043890575117, 0.024457770243565283, 0.02588762829268217, 0.029842987712964137, 0.023039005758825185, 0.027039697648074835, 0.023071626705889175, 0.022198390959994055, 0.021641438038956462], "flux_after_g": [], "MJD_after_g": [], "flux_err_after_g": [], "flux_after_i": [], "MJD_after_i": [], "flux_err_after_i": []}