{"name": "J112740.18+600322.0", "flux_err_before_i": [], "mask_before_i": [], "flux_before_i": [], "MJD_before_i": [], "mask_before_r": [40.0, 40.0, 40.0, 40.0, 40.0, 40.0, 40.0, 40.0, 40.0, 40.0, 40.0, 40.0, 40.0, 40.0, 40.0, 40.0, 40.0, 40.0, 40.0, 40.0, 40.0, 40.0, 40.0, 40.0, 40.0, 40.0, 40.0, 40.0, 40.0, 40.0, 40.0, 40.0, 40.0, 40.0], "mask_before_g": [40.0, 40.0, 40.0, 40.0, 40.0, 40.0, 40.0, 40.0, 40.0, 40.0, 40.0, 40.0, 40.0, 40.0, 40.0, 40.0, 40.0, 40.0, 40.0, 40.0, 40.0, 40.0, 40.0], "flux_before_r": [18.28903616974325, 18.294659174238806, 18.320244422905823, 18.26181136467412, 18.29246360271128, 18.302947321055427, 18.26176407284503, 18.30459864641803, 18.248822151193885, 18.37679669822828, 18.318955966722513, 18.23253029679944, 18.135795521456107, 18.31320318370964, 18.44727366233493, 18.30780289934595, 18.24901944736205, 18.29903279323877, 18.297891933467763, 18.23395288002783, 18.28134064382476, 18.271887330504768, 18.321775072616212, 18.335172899055756, 18.18798559854606, 18.216661234004484, 18.230222278379742, 18.391171361914424, 18.270887010666303, 18.253486014588148, 18.294976088791852, 18.282646619219747, 18.307785907046892, 18.297728908484657], "MJD_before_r": [58224.24567130022, 58442.414745400194, 58448.47430559993, 58449.433923599776, 58476.4501852002, 58481.46645830013, 58493.46130790003, 58509.464548599906, 58512.51618060004, 58534.34902779991, 58540.25275459979, 58558.210196800064, 58574.2293866002, 58582.20864580013, 58589.20284719998, 58592.28862270014, 58593.26296300022, 58606.238911999855, 58618.20388890011, 58771.508830999956, 58806.55362269981, 58806.55407410022, 58833.433333300054, 58833.43379630009, 58859.28484949982, 58859.28666670015, 58860.30667820014, 58860.31217590021, 58971.16231480008, 58971.1627894002, 58972.20613430021, 58972.20659720013, 58976.268101899885, 58976.2685647998], "flux_err_before_r": [0.021841174209417284, 0.021234653792029594, 0.01691684165137517, 0.021147842185982774, 0.015960517035847194, 0.016381755638519808, 0.015386050166422239, 0.016515851661049425, 0.03896820268540819, 0.034825033723986494, 0.01654870071149615, 0.01569761356668363, 0.16903578271653774, 0.018016183162534095, 0.1601264244702413, 0.016506791844032847, 0.015670010732997446, 0.017013537876800523, 0.016858475082868342, 0.01770608998342369, 0.01702620164454173, 0.01693153946361516, 0.016139554548729722, 0.016242417689887673, 0.014905129525689462, 0.014772228221070976, 0.015359972082362928, 0.01771944274598319, 0.014776661313786599, 0.014387188072137035, 0.015408911133644645, 0.015312290601066408, 0.015517290040879088, 0.015107516539587348], "flux_before_g": [19.087594895198105, 19.084328556940928, 19.01510076621254, 19.089631507146287, 19.26563718471556, 18.94824751843857, 19.029061154738333, 19.014397100340823, 19.091654984791276, 18.818574802527962, 19.123806633095263, 19.102827214991184, 19.066393686597713, 19.104982553618356, 19.035151104618215, 18.999053463566327, 18.914340733149405, 19.129879993551477, 18.819372014631444, 19.15849394972864, 19.074832333735554, 19.132536727578785, 18.99185360430851], "MJD_before_g": [58205.26877309987, 58205.29079859983, 58206.26180560002, 58206.28334489977, 58237.246388900094, 58237.24685190013, 58439.48812500015, 58482.497858799994, 58487.47896989994, 58506.49427080015, 58507.50413190015, 58539.26440969994, 58540.39210649999, 58560.204942100216, 58567.49126160005, 58580.24804400001, 58587.22777780006, 58833.56168980012, 58833.56214120006, 58851.53961810004, 58851.54006939987, 58854.52936339984, 58854.52981479978], "flux_err_before_g": [0.008186109596386357, 0.03574138591777194, 0.024462856327740496, 0.01584586340501966, 0.10411313340783677, 0.0828757461197311, 0.021552009356680096, 0.015491809402288457, 0.016765067214692703, 0.07628249661943705, 0.11872739076063923, 0.03772890414013811, 0.0163885594043388, 0.018186793322739748, 0.1231344799103424, 0.016660371852778803, 0.015110526550509682, 0.07443786046204408, 0.0796276369742769, 0.02293300073247818, 0.022554657601120298, 0.016580514244461095, 0.0144252964425782], "flux_outl_after_i": [], "MJD_outl_after_i": [], "flux_outl_err_after_i": [], "flux_outl_after_r": [18.37679669822828, 18.26181136467412, 18.248822151193885, 18.135795521456107, 18.44727366233493, 18.23395288002783], "MJD_outl_after_r": [58534.34902779991, 58449.433923599776, 58512.51618060004, 58574.2293866002, 58589.20284719998, 58771.508830999956], "flux_outl_err_after_r": [0.034825033723986494, 0.0037978027545247308, 0.006998044821594818, 0.16903578271653774, 0.1601264244702413, 0.003179720971980777], "flux_outl_after_g": [19.123806633095263, 19.132536727578785, 18.99185360430851, 19.102827214991184], "MJD_outl_after_g": [58507.50413190015, 58854.52936339984, 58854.52981479978, 58539.26440969994], "flux_outl_err_after_g": [0.11872739076063923, 0.003012298140929417, 0.002620744629247558, 0.006854474241569951], "mask_after_r": [40.0, 40.0, 40.0, 40.0, 40.0, 40.0, 40.0, 40.0, 40.0, 40.0, 40.0, 40.0, 40.0, 40.0, 40.0, 40.0, 40.0, 40.0, 40.0, 40.0, 40.0, 40.0, 40.0, 40.0, 40.0, 40.0, 40.0, 40.0], "mask_after_g": [40.0, 40.0, 40.0, 40.0, 40.0, 40.0, 40.0, 40.0, 40.0, 40.0, 40.0, 40.0, 40.0, 40.0, 40.0, 40.0, 40.0, 40.0, 40.0], "mask_after_i": [], "flux_after_r": [18.386696635662553, 18.409209466714493, 18.38879813496839, 18.376310816367276, 18.345968537143456, 18.37682558468996, 18.393240049307863, 18.32649511158943, 18.404107597079857, 18.397091107794033, 18.34429159251539, 18.385918015474296, 18.394051369016754, 18.368062335355784, 18.344840907560574, 18.385184182048107, 18.404447461912216, 18.2758077167337, 18.33192701962735, 18.33265355983706, 18.459987355953427, 18.364311869666302, 18.35172922902334, 18.386388767198376, 18.377188837867617, 18.414341546640216, 18.39535179883329], "MJD_after_r": [58442.414745400194, 58448.47430559993, 58476.4501852002, 58481.46645830013, 58493.46130790003, 58509.464548599906, 58540.25275459979, 58558.210196800064, 58582.20864580013, 58592.28862270014, 58593.26296300022, 58606.238911999855, 58618.20388890011, 58806.55362269981, 58806.55407410022, 58833.433333300054, 58833.43379630009, 58859.28484949982, 58859.28666670015, 58860.30667820014, 58860.31217590021, 58971.16231480008, 58971.1627894002, 58972.20613430021, 58972.20659720013, 58976.268101899885, 58976.2685647998], "flux_err_after_r": [0.02662278393627927, 0.02210380703746905, 0.020788320354162542, 0.02007669770606283, 0.01647773343046796, 0.024121403137534737, 0.01849412257261554, 0.02198694350001762, 0.02029741541454945, 0.02425452761888186, 0.02218466622790354, 0.01880702352722747, 0.02269036432588678, 0.02208363247473415, 0.02331452256623955, 0.02339013097771749, 0.022216617170384645, 0.02081486927853647, 0.021251394575876714, 0.023635672424391314, 0.024251840584589315, 0.020277035410299044, 0.019308484773946245, 0.02164434564751516, 0.02035157126966117, 0.022887256383605184, 0.022958200333089557], "flux_after_g": [18.98704637715064, 18.97002968123129, 19.05528081039011, 18.79932626572026, 19.01718860883026, 19.069244444977585, 19.011940559445716, 18.952428408608014, 18.880373040642567, 19.101269478223067, 18.782159427901444, 19.116137503604016, 19.03424369922851], "MJD_after_g": [58439.48812500015, 58482.497858799994, 58487.47896989994, 58506.49427080015, 58540.39210649999, 58560.204942100216, 58567.49126160005, 58580.24804400001, 58587.22777780006, 58833.56168980012, 58833.56214120006, 58851.53961810004, 58851.54006939987], "flux_err_after_g": [0.028580109960369554, 0.022253819751192533, 0.025081743559437025, 0.07952238284898494, 0.02508743136681173, 0.0251863482342892, 0.12450172015082779, 0.02401587085622473, 0.02308492381804682, 0.07655853439404349, 0.08253457422078554, 0.028688758873386414, 0.02841501520191048], "flux_after_i": [], "MJD_after_i": [], "flux_err_after_i": []}