{"name": "J112859.67+122203.8", "flux_err_before_i": [], "mask_before_i": [], "flux_before_i": [], "MJD_before_i": [], "mask_before_r": [6.0, 6.0, 6.0, 6.0, 6.0, 6.0, 6.0, 6.0, 6.0, 6.0, 6.0, 6.0, 6.0, 6.0, 6.0, 6.0, 6.0, 6.0, 6.0, 6.0], "mask_before_g": [], "flux_before_r": [16.78394730308122, 16.77049505737851, 16.773636563128065, 16.789543197605802, 16.719792688375822, 16.770836117636385, 16.83583182528523, 16.77324810462805, 16.7757347867335, 16.740382856467935, 16.756171091450092, 16.761180831104586, 16.760541126792184, 16.7547591638741, 16.744246295559357, 16.793869215785406, 16.765117422095123, 16.780409892262266, 16.7702982069109, 16.780238900204207], "MJD_before_r": [58449.47452550009, 58468.542118099984, 58476.46489580022, 58481.50690970011, 58492.44855319988, 58493.442847200204, 58513.424351899885, 58540.2647338002, 58574.21865739999, 58582.22388890013, 58592.27062499989, 58593.2825230998, 58597.24510420021, 58606.24401619984, 58618.26885419991, 58851.47949070018, 58859.36495369999, 58859.36861110013, 58899.332592600025, 58899.33304399997], "flux_err_before_r": [0.031041827114874253, 0.015312509725065601, 0.015300406871995178, 0.015724818218222632, 0.07996969321117578, 0.015380937295098046, 0.018931328202842483, 0.016400896820382538, 0.09037790485451712, 0.016174896007756377, 0.01588242419449272, 0.015954407743161956, 0.016120733752452213, 0.01640861858825991, 0.017331129716984917, 0.015673141008944756, 0.015302955784208629, 0.015502877361804732, 0.01499434977074626, 0.015025326384983063], "flux_before_g": [], "MJD_before_g": [], "flux_err_before_g": [], "flux_outl_after_i": [], "MJD_outl_after_i": [], "flux_outl_err_after_i": [], "flux_outl_after_r": [16.78394730308122, 16.719792688375822, 16.7757347867335], "MJD_outl_after_r": [58449.47452550009, 58492.44855319988, 58574.21865739999], "flux_outl_err_after_r": [0.011834779052762869, 0.030488657982957457, 0.034456816322268456], "flux_outl_after_g": [], "MJD_outl_after_g": [], "flux_outl_err_after_g": [], "mask_after_r": [6.0, 6.0, 6.0, 6.0, 6.0, 6.0, 6.0, 6.0, 6.0, 6.0, 6.0, 6.0, 6.0, 6.0, 6.0, 6.0, 6.0], "mask_after_g": [], "mask_after_i": [], "flux_after_r": [16.864071935323143, 16.864739313728066, 16.876959346202813, 16.848717272345368, 16.866798405258475, 16.867779440719744, 16.86846253126541, 16.891625644065428, 16.858327491104586, 16.854029148248387, 16.858439682818624, 16.85164181043501, 16.86946191872694, 16.86676421919434, 16.869572651742004, 16.871061608274566, 16.854748851988568], "MJD_after_r": [58468.542118099984, 58476.46489580022, 58481.50690970011, 58493.442847200204, 58513.424351899885, 58540.2647338002, 58582.22388890013, 58592.27062499989, 58593.2825230998, 58597.24510420021, 58606.24401619984, 58618.26885419991, 58851.47949070018, 58859.36495369999, 58859.36861110013, 58899.332592600025, 58899.33304399997], "flux_err_after_r": [0.014039792788168895, 0.01978913017528215, 0.017059916006570804, 0.015375364319657036, 0.013493037829790448, 0.016379737310678367, 0.014297554878119375, 0.0178633443368098, 0.01819276739019041, 0.013072199591407341, 0.014676543141048451, 0.021262022555266626, 0.014928941490499403, 0.018935143914008867, 0.02019337727459906, 0.012915378863089272, 0.01298778579072571], "flux_after_g": [], "MJD_after_g": [], "flux_err_after_g": [], "flux_after_i": [], "MJD_after_i": [], "flux_err_after_i": []}