{"name": "J112156.08+303954.1", "flux_err_before_i": [0.005841530819928244, 0.007034736422406718, 0.005396511610075469, 0.0053168594015548624, 0.00534915002885286, 0.005270438193441772, 0.005624380776356593, 0.005570571862231637, 0.00567036352711088, 0.006881861506297337], "mask_before_i": [38.0, 38.0, 38.0, 38.0, 38.0, 38.0, 38.0, 38.0, 38.0, 38.0], "flux_before_i": [17.902388344264697, 17.90779123814054, 17.88735445268049, 17.86520960340569, 17.856983610389424, 17.84338847511902, 17.911358451303588, 17.889121116193394, 17.89039891936122, 17.89633648441364], "MJD_before_i": [58557.35459489981, 58582.30378470011, 58855.416134300176, 58859.4149536998, 58864.39554399997, 58879.39615740022, 58884.33233800018, 58893.34753469983, 58904.3290856001, 58969.26660879981], "mask_before_r": [38.0, 38.0, 38.0, 38.0, 38.0, 38.0, 38.0, 38.0, 38.0, 38.0, 38.0, 38.0, 38.0, 38.0, 38.0, 38.0, 38.0, 38.0, 38.0, 38.0, 38.0, 38.0, 38.0, 38.0, 38.0, 38.0, 38.0, 38.0, 38.0, 38.0, 38.0], "mask_before_g": [38.0, 38.0, 38.0, 38.0, 38.0, 38.0, 38.0, 38.0, 38.0, 38.0, 38.0, 38.0, 38.0, 38.0, 38.0, 38.0, 38.0, 38.0, 38.0, 38.0, 38.0, 38.0, 38.0, 38.0, 38.0, 38.0, 38.0, 38.0, 38.0, 38.0, 38.0, 38.0, 38.0, 38.0, 38.0, 38.0, 38.0], "flux_before_r": [18.182229667061648, 18.17163410383964, 18.152975203653302, 18.17768428290382, 18.153840018774467, 18.161132660391388, 18.01454743942911, 18.202521836032297, 18.165541925254843, 18.202500425143697, 18.228664522604745, 18.3009392258492, 18.15764708331605, 18.12735030240859, 18.15667008720161, 18.15673751125707, 18.213943911254376, 18.22362605713773, 18.163526074181824, 18.134785909813253, 18.202298704748458, 17.98624061675136, 18.164035186997182, 18.13076300304676, 18.172811234905097, 18.22734054321323, 18.201874056989546, 18.22258905476219, 18.177304643755942, 18.158649267784863, 18.208681489566732], "MJD_before_r": [58439.55450229999, 58448.472442099825, 58449.4541782001, 58468.51695600012, 58476.44785880018, 58481.46180560021, 58492.45131940022, 58493.4442245001, 58508.47795139998, 58511.390150499996, 58513.42710650014, 58539.33078699978, 58546.30962960003, 58557.248414400034, 58558.20653939992, 58559.25026619993, 58567.250451399945, 58574.21494209999, 58582.20303239999, 58593.26762730023, 58597.24278939981, 58602.2594444002, 58606.2421875, 58618.2607522998, 58833.47423609998, 58833.474687499925, 58851.47358800005, 58851.4740394, 58859.30517360009, 58859.30562500004, 58939.208506899886], "flux_err_before_r": [0.016688545064137177, 0.014286973872402998, 0.08000347506343235, 0.013931578362999754, 0.013779155983252755, 0.013728392051097583, 0.012058464092317426, 0.014170179229136801, 0.013954149741658347, 0.014304964323930372, 0.014610746914046239, 0.20939503932249612, 0.014238539431576082, 0.013597739908723995, 0.014187786478182956, 0.014214828143878354, 0.015105815412396037, 0.031236116348672613, 0.014649305589972222, 0.01389187839222615, 0.015055184803203244, 0.031331620363021666, 0.01481360239475951, 0.014168361155399316, 0.013562229927807718, 0.013996608859697586, 0.014705379330417368, 0.014692044357475465, 0.014143876855426426, 0.01386839861919412, 0.014519752207220887], "flux_before_g": [18.92811336100624, 18.955861778032393, 18.901612757254277, 18.69565728068097, 19.065836444573304, 18.93875579342194, 18.924188452658036, 18.905072151152048, 18.93328911200654, 18.940669711957966, 18.950520171264582, 18.853264205888742, 18.930359259360337, 18.928027270107037, 18.929283946523825, 18.996549932622063, 18.963818220668763, 18.895873572309778, 18.93219802092948, 18.960881175390448, 18.974820666432898, 19.020792060393653, 19.01312579371439, 18.995252490675107, 18.97153932490454, 18.90751708529627, 18.95366401218923, 18.990341254296833, 18.91966184689474, 18.901608398012627, 18.897772931318592, 18.95440637827555, 19.040507752730484, 19.070025695412255, 18.990390352397622, 19.01406347051031, 18.982937709413335], "MJD_before_g": [58439.50111109996, 58482.501643499825, 58493.55131939985, 58506.5139930998, 58507.508830999956, 58511.46762729995, 58539.268090299796, 58540.413032399956, 58560.20266199997, 58561.291284699924, 58567.49445600016, 58580.20746529987, 58585.19857640006, 58586.29055560008, 58592.20875000022, 58601.24620370008, 58837.51450229995, 58837.514953699894, 58854.51928240014, 58854.51973380009, 58892.350034699775, 58892.350486100186, 58903.320138900075, 58903.32059030002, 58964.207314800005, 58964.20775459986, 58967.23745370004, 58967.237916700076, 58968.26799769979, 58968.268472199794, 58971.26508100005, 58971.26555560017, 58973.24582180008, 58973.2462847, 58986.20627309987, 58986.206736099906, 58995.186550899874], "flux_err_before_g": [0.010658959525490784, 0.00805924168641591, 0.007530686554698107, 0.08458574270381371, 0.10653761473870134, 0.007927418504094093, 0.012971340200336417, 0.007924617864709953, 0.0925639666450391, 0.10220124785352724, 0.11857811584255429, 0.008085281611604017, 0.008647551805208268, 0.011878564975072321, 0.07049207302728984, 0.00890695876500536, 0.05314233999611149, 0.0357209892421214, 0.00792188761746468, 0.0337267231469971, 0.0307782243073199, 0.02266395001021269, 0.008547513318597481, 0.008606180788009917, 0.008694511748462192, 0.008254985273000325, 0.008223469264488572, 0.008589462152615026, 0.0077256353830802305, 0.007721698280621466, 0.02930198129333532, 0.05000395602839354, 0.06920167358733992, 0.05989831813676426, 0.008446282628714408, 0.008637237405459257, 0.008579945959326417], "flux_outl_after_i": [], "MJD_outl_after_i": [], "flux_outl_err_after_i": [], "flux_outl_after_r": [18.01454743942911, 18.22362605713773, 17.98624061675136, 18.152975203653302, 18.3009392258492], "MJD_outl_after_r": [58492.45131940022, 58574.21494209999, 58602.2594444002, 58449.4541782001, 58539.33078699978], "flux_outl_err_after_r": [0.012058464092317426, 0.0037254233647807033, 0.0037368137976538165, 0.08000347506343235, 0.20939503932249612], "flux_outl_after_g": [18.960881175390448, 18.69565728068097, 19.065836444573304, 18.950520171264582], "MJD_outl_after_g": [58854.51973380009, 58506.5139930998, 58507.508830999956, 58567.49445600016], "flux_outl_err_after_g": [0.0337267231469971, 0.08458574270381371, 0.10653761473870134, 0.11857811584255429], "mask_after_r": [38.0, 38.0, 38.0, 38.0, 38.0, 38.0, 38.0, 38.0, 38.0, 38.0, 38.0, 38.0, 38.0, 38.0, 38.0, 38.0, 38.0, 38.0, 38.0, 38.0, 38.0, 38.0, 38.0, 38.0, 38.0, 38.0], "mask_after_g": [38.0, 38.0, 38.0, 38.0, 38.0, 38.0, 38.0, 38.0, 38.0, 38.0, 38.0, 38.0, 38.0, 38.0, 38.0, 38.0, 38.0, 38.0, 38.0, 38.0, 38.0, 38.0, 38.0, 38.0, 38.0, 38.0, 38.0, 38.0, 38.0, 38.0, 38.0, 38.0, 38.0], "mask_after_i": [38.0, 38.0, 38.0, 38.0, 38.0, 38.0, 38.0, 38.0, 38.0, 38.0], "flux_after_r": [18.227322432342064, 18.220407213122662, 18.227646499956993, 18.214440553008014, 18.253567892918976, 18.237963115820435, 18.21598948479779, 18.253908935742302, 18.2774186820501, 18.21697978357226, 18.207583242828083, 18.217111105268412, 18.20501128098447, 18.268248158138903, 18.209942381897406, 18.19705634662266, 18.246537939389878, 18.21875533761112, 18.212016262535887, 18.21177575325428, 18.283861293267975, 18.244775573102736, 18.263682874211337, 18.250728018042967, 18.199312638422303, 18.24336850637169], "MJD_after_r": [58439.55450229999, 58448.472442099825, 58468.51695600012, 58476.44785880018, 58481.46180560021, 58493.4442245001, 58508.47795139998, 58511.390150499996, 58513.42710650014, 58546.30962960003, 58557.248414400034, 58558.20653939992, 58559.25026619993, 58567.250451399945, 58582.20303239999, 58593.26762730023, 58597.24278939981, 58606.2421875, 58618.2607522998, 58833.47423609998, 58833.474687499925, 58851.47358800005, 58851.4740394, 58859.30517360009, 58859.30562500004, 58939.208506899886],