{"name": "J112545.35+240824.0", "flux_err_before_i": [], "mask_before_i": [], "flux_before_i": [], "MJD_before_i": [], "mask_before_r": [35.0, 35.0, 35.0, 35.0, 35.0, 35.0, 35.0, 35.0, 35.0, 35.0, 35.0, 35.0, 35.0, 35.0, 35.0, 35.0, 35.0, 35.0, 35.0, 35.0, 35.0, 35.0, 35.0, 35.0, 35.0, 35.0], "mask_before_g": [35.0, 35.0, 35.0, 35.0, 35.0, 35.0, 35.0, 35.0, 35.0, 35.0, 35.0, 35.0, 35.0, 35.0, 35.0, 35.0, 35.0, 35.0, 35.0, 35.0, 35.0, 35.0, 35.0, 35.0, 35.0, 35.0], "flux_before_r": [17.27426080984113, 17.274597843576114, 17.308904840005134, 17.29045868319419, 17.297629322103944, 17.279374099592157, 17.30588765130903, 17.318462864589094, 17.244538968504294, 17.28032650752028, 17.303800919101874, 17.279543726969198, 17.31214731004924, 17.302973649842507, 17.282743738836743, 17.29450077973969, 17.300519296842236, 17.298084765541752, 17.298634746115315, 17.31599376873112, 17.304542848475084, 17.293103286997244, 17.27483444993151, 17.319713885417425, 17.295299449151933, 17.25581487698378], "MJD_before_r": [58448.4795022998, 58449.459583300166, 58476.44740739977, 58481.47163189994, 58492.45039349981, 58493.46730320016, 58508.47658560006, 58511.3915161998, 58513.4248147998, 58540.2546064998, 58557.26531249983, 58558.206990700215, 58559.24981479999, 58574.21586810006, 58582.20394679997, 58593.281122699846, 58597.24418980023, 58606.24310189998, 58618.26793979993, 58838.52021990018, 58838.520671300124, 58851.475879599806, 58851.47768520005, 58859.3604282001, 58859.36087960005, 58939.206701400224], "flux_err_before_r": [0.01490156821693255, 0.015542711605438658, 0.014940653276999854, 0.014812594178474883, 0.05033839684004043, 0.014467626592984154, 0.014789813986592194, 0.015014566478676697, 0.01615783759787543, 0.015541690437207748, 0.015284386771164196, 0.0151616037498004, 0.015583556336247348, 0.033054996176870306, 0.015240006311566145, 0.015291425149598746, 0.015663736549628618, 0.016038419089174295, 0.016147360815805374, 0.027249915432412956, 0.030195678362614782, 0.014852821649171583, 0.014704878189520373, 0.014773833678608943, 0.014657079078793335, 0.014259148834344657], "flux_before_g": [17.976234816208297, 17.93633362420009, 17.941523617427183, 17.994374283135954, 18.0291440486288, 18.06037500612967, 18.037929381498067, 18.05485549312883, 17.96387143768723, 17.90941871079205, 18.03264627230287, 18.014065867911057, 18.239950833872182, 17.997506926870244, 18.007779679038773, 17.98219537552135, 18.016747385086486, 17.98988792852727, 18.06238450817893, 18.0506054357846, 18.083280957932345, 18.052165093996944, 18.062095611994835, 18.06684102720027, 18.10278676311199, 18.04877408128508], "MJD_before_g": [58235.21975689987, 58235.22113429988, 58439.50156249991, 58482.503946799785, 58493.55268519977, 58511.46579860011, 58539.26763889985, 58540.41210650001, 58560.225208300166, 58567.494907400105, 58580.20653939992, 58585.199502300005, 58588.204479199834, 58592.207326400094, 58601.24711810006, 58837.51723380014, 58837.51768520009, 58904.29192129988, 58964.208217599895, 58964.20866899984, 58967.24019679986, 58967.24064810015, 58968.247303199954, 58973.24394680001, 58973.247222200036, 58986.20861109998], "flux_err_before_g": [0.01305659434518217, 0.012633085471226003, 0.018386769500979536, 0.013448866977729722, 0.014170775056792815, 0.014599096767219615, 0.01942082779450812, 0.014451674858357699, 0.013527095615905755, 0.017541368378464206, 0.01475823745387818, 0.01451183500409361, 0.32418992632338123, 0.014310630075366723, 0.014298413630889422, 0.01308742286292981, 0.013505632835262389, 0.013712958325742076, 0.015106706375207815, 0.014947830311544837, 0.014863749172240367, 0.014514498083157846, 0.014171448065769752, 0.013948014675206396, 0.015037328594766418, 0.014378898474106186], "flux_outl_after_i": [], "MJD_outl_after_i": [], "flux_outl_err_after_i": [], "flux_outl_after_r": [17.297629322103944, 17.302973649842507, 17.31599376873112, 17.304542848475084], "MJD_outl_after_r": [58492.45039349981, 58574.21586810006, 58838.52021990018, 58838.520671300124], "flux_outl_err_after_r": [0.01940047621683867, 0.012739433661641228, 0.010502148845488897, 0.01163744927727316], "flux_outl_after_g": [18.239950833872182], "MJD_outl_after_g": [58588.204479199834], "flux_outl_err_after_g": [0.32418992632338123], "mask_after_r": [35.0, 35.0, 35.0, 35.0, 35.0, 35.0, 35.0, 35.0, 35.0, 35.0, 35.0, 35.0, 35.0, 35.0, 35.0, 35.0, 35.0, 35.0, 35.0, 35.0, 35.0, 35.0], "mask_after_g": [35.0, 35.0, 35.0, 35.0, 35.0, 35.0, 35.0, 35.0, 35.0, 35.0, 35.0, 35.0, 35.0, 35.0, 35.0, 35.0, 35.0, 35.0, 35.0, 35.0, 35.0, 35.0, 35.0, 35.0, 35.0], "mask_after_i": [], "flux_after_r": [17.329549448367132, 17.33588435269904, 17.357314573488587, 17.357786179253456, 17.313845413901554, 17.35437912006988, 17.358411630854224, 17.323557289940787, 17.379853629659774, 17.350156884926186, 17.33588153010845, 17.368682881217254, 17.341579101653938, 17.36094314504603, 17.347275032285175, 17.345667974439397, 17.363152033535652, 17.323297322965093, 17.311666012405652, 17.367100617653822, 17.34418671263554, 17.29351206902546], "MJD_after_r": [58448.4795022998, 58449.459583300166, 58476.44740739977, 58481.47163189994, 58493.46730320016, 58508.47658560006, 58511.3915161998, 58513.4248147998, 58540.2546064998, 58557.26531249983, 58558.206990700215, 58559.24981479999, 58582.20394679997, 58593.281122699846, 58597.24418980023, 58606.24310189998, 58618.26793979993, 58851.475879599806, 58851.47768520005, 58859.3604282001, 58859.36087960005, 58939.206701400224], "flux_err_after_r": [0.017202711215611406, 0.015776238100320972, 0.015182785077861931, 0.015955141011831524, 0.010470684133035304, 0.015016243889013191, 0.013152602479906994, 0.010733179620793875, 0.014550475152284102, 0.017656901386455502, 0.016780253417854, 0.015520917859755148, 0.011973303785712772, 0.01594502129911389, 0.012028815868946592, 0.012755759293432319, 0.016859124196286907, 0.014876643264262185, 0.01605313445514418, 0.015629909987534246, 0.015907142911251622, 0.013008185544933068], "flux_after_g": [17.934727386677185, 17.98842121015818, 17.989138368961946, 18.02843016936351, 18.02498382566922, 18.01556991191978, 17.951593279859118, 17.911694733630824, 18.00471190664524, 18.00492669109338, 17.973933094807606, 17.978982513028264, 17.947480884160743, 17.983676327043938, 17.951615270709745, 18.036654086421642, 18.054049951268368, 18.020876079636473, 18.007162164100826, 18.033604049303754, 18.01018236792227, 18.09355975881199, 18.01961201348196], "MJD_after_g": [58439.50156249991, 58482.503946799785, 58493.55268519977, 58511.46579860011, 58539.26763889985, 58540.41210650001, 58560.225208300166, 58567.494907400105, 58580.20653939992, 58585.199502300005, 58592.207326400094, 58601.24711810006, 58837.51723380014, 58837.51768520009, 58904.29192129988, 58964.208217599895, 58964.20866899984, 58967.24019679986, 58967.24064810015, 58968.247303199954, 58973.24394680001, 58973.247222200036, 58986.20861109998], "flux_err_after_g": [0.024992852449901064, 0.01779225893334239, 0.020142796560713133, 0.021287955796878325, 0.026366599881122586, 0.020288771842911297, 0.024699623617598362, 0.027676263484120528, 0.02155716966674056, 0.019899437236456218, 0.02417965936590673, 0.019662286965550016, 0.022545807978058847, 0.021467112709062326, 0.020974537477639558, 0.020143108044775676, 0.02179703603448586, 0.021932654222848104, 0.020650224794700064, 0.020210035793103192, 0.023443473086445923, 0.022968479713733836, 0.02100524819630439], "flux_after_i": [], "MJD_after_i": [], "flux_err_after_i": []}