{"name": "J112017.01+133522.9", "flux_err_before_i": [], "mask_before_i": [], "flux_before_i": [], "MJD_before_i": [], "mask_before_r": [25.0, 25.0, 25.0, 25.0, 25.0, 25.0, 25.0, 25.0, 25.0, 25.0, 25.0, 25.0, 25.0, 25.0, 25.0, 25.0, 25.0], "mask_before_g": [25.0, 25.0, 25.0, 25.0, 25.0, 25.0, 25.0, 25.0, 25.0, 25.0, 25.0], "flux_before_r": [18.19682864200181, 18.390665294104853, 18.310984652643718, 18.341676188229115, 18.187998245053024, 18.3290659848207, 18.317144222664595, 18.34047220794288, 18.351584973260252, 18.33048940567009, 18.28034716799106, 18.328452702959765, 18.318048807156508, 18.314759517895233, 18.328647813168484, 18.37483203309025, 18.30769141380932], "MJD_before_r": [58449.47452550009, 58468.542118099984, 58476.46489580022, 58481.50690970011, 58492.44855319988, 58493.442847200204, 58513.424351899885, 58540.2647338002, 58557.264872699976, 58558.21910879994, 58574.21865739999, 58582.22388890013, 58592.27062499989, 58593.2825230998, 58597.24510420021, 58606.24401619984, 58618.26885419991], "flux_err_before_r": [0.02400664706665746, 0.01880122594357025, 0.01763412487902766, 0.018500800763897086, 0.04707586038154357, 0.01757868746773847, 0.018985312060358632, 0.01878922789911812, 0.018753141918069323, 0.01888494886441094, 0.17972260669811968, 0.019495803195574153, 0.017849233617956563, 0.018606464475224346, 0.019141641414137496, 0.020080423326680003, 0.019449866128356894], "flux_before_g": [19.613021491718094, 19.743307755444874, 19.734965119369352, 19.6686882218891, 19.830119317914065, 19.806917817443388, 19.711798214675134, 19.766123229809885, 19.60859114904936, 19.53918497040164, 19.973188324748477], "MJD_before_g": [58439.502476899885, 58482.519490700215, 58493.55504629994, 58511.47135420004, 58522.415960600134, 58540.41165510006, 58560.224768499844, 58580.20608799998, 58585.20045140013, 58588.20402779989, 58592.20777780004], "flux_err_before_g": [0.03590060905279219, 0.11216513852033158, 0.008704087722126993, 0.024213973073987434, 0.009550474266588376, 0.009409885491363583, 0.1877802450815081, 0.05368585205889804, 0.007986080271957392, 0.22288867554441222, 0.1665464785192163], "flux_outl_after_i": [], "MJD_outl_after_i": [], "flux_outl_err_after_i": [], "flux_outl_after_r": [18.19682864200181, 18.187998245053024, 18.28034716799106], "MJD_outl_after_r": [58449.47452550009, 58492.44855319988, 58574.21865739999], "flux_outl_err_after_r": [0.016100910092774062, 0.04707586038154357, 0.17972260669811968], "flux_outl_after_g": [], "MJD_outl_after_g": [], "flux_outl_err_after_g": [], "mask_after_r": [25.0, 25.0, 25.0, 25.0, 25.0, 25.0, 25.0, 25.0, 25.0, 25.0, 25.0, 25.0, 25.0, 25.0], "mask_after_g": [25.0, 25.0, 25.0, 25.0, 25.0, 25.0, 25.0, 25.0, 25.0, 25.0, 25.0], "mask_after_i": [], "flux_after_r": [18.426135631861417, 18.30905367270958, 18.34162460550916, 18.31727804904485, 18.293881160385965, 18.348302384551236, 18.351584973260252, 18.296259398870426, 18.34583095875643, 18.377361803162092, 18.317283760631828, 18.33260825863696, 18.39780892367635, 18.303828201241522], "MJD_after_r": [58468.542118099984, 58476.46489580022, 58481.50690970011, 58493.442847200204, 58513.424351899885, 58540.2647338002, 58557.264872699976, 58558.21910879994, 58582.22388890013, 58592.27062499989, 58593.2825230998, 58597.24510420021, 58606.24401619984, 58618.26885419991], "flux_err_after_r": [0.01732399680167753, 0.01808373009446827, 0.019951460166359705, 0.01592685117220947, 0.01602360682943551, 0.016682973511110734, 0.02334567803838858, 0.023971206793975682, 0.01760579403199784, 0.02249253074658323, 0.024320776857730007, 0.016915012105217276, 0.01809481477644702, 0.026328230290180884], "flux_after_g": [19.60807568949774, 19.762795382130513, 19.733298599708046, 19.678054290520627, 19.828360196439874, 19.81301451918666, 19.709682011637412, 19.770140116528896, 19.60568071694762, 19.676830955889088, 19.994789997364137], "MJD_after_g": [58439.502476899885, 58482.519490700215, 58493.55504629994, 58511.47135420004, 58522.415960600134, 58540.41165510006, 58560.224768499844, 58580.20608799998, 58585.20045140013, 58588.20402779989, 58592.20777780004], "flux_err_after_g": [0.040092630266430805, 0.11352817730474647, 0.01591456688078207, 0.02988755690261981, 0.019346557238081277, 0.02199606873509091, 0.18735715318162602, 0.05702995126840715, 0.02224442524117266, 0.2219841135948505, 0.16741509828545148], "flux_after_i": [], "MJD_after_i": [], "flux_err_after_i": []}