{"name": "J112703.66+205304.8", "flux_err_before_i": [], "mask_before_i": [], "flux_before_i": [], "MJD_before_i": [], "mask_before_r": [22.0, 22.0, 22.0, 22.0, 22.0, 22.0, 22.0, 22.0, 22.0, 22.0, 22.0, 22.0, 22.0, 22.0, 22.0, 22.0, 22.0, 22.0, 22.0, 22.0, 22.0, 22.0, 22.0, 22.0], "mask_before_g": [22.0, 22.0, 22.0, 22.0, 22.0, 22.0, 22.0, 22.0, 22.0, 22.0, 22.0, 22.0, 22.0, 22.0, 22.0, 22.0, 22.0, 22.0, 22.0, 22.0, 22.0, 22.0, 22.0, 22.0, 22.0], "flux_before_r": [17.37578646068316, 17.40054710434903, 17.402420096056545, 17.38829565207724, 17.392191516367152, 17.383079787128928, 17.39011838217101, 17.360843270409966, 17.355392608998976, 17.38336987119449, 17.35153071388063, 17.39182602263066, 17.365955180443677, 17.396262319048574, 17.37794494184274, 17.3547920545572, 17.37698162315473, 17.37715891638143, 17.312716427959035, 17.38655644709365, 17.377589329184428, 17.397627631460466, 17.36926749806114, 17.36527988741717], "MJD_before_r": [58448.4795022998, 58449.459583300166, 58476.44740739977, 58481.47163189994, 58492.45039349981, 58493.46730320016, 58508.47658560006, 58511.3915161998, 58513.4248147998, 58540.2546064998, 58558.206990700215, 58574.21586810006, 58582.20394679997, 58593.281122699846, 58597.24418980023, 58606.24310189998, 58618.26793979993, 58838.52021990018, 58838.520671300124, 58851.475879599806, 58851.47768520005, 58859.3604282001, 58859.36087960005, 58939.206701400224], "flux_err_before_r": [0.01443081383970222, 0.016055915790306494, 0.014683320497934665, 0.014189742054783362, 0.05101440744742618, 0.012752876525234156, 0.014368902332774734, 0.012860964757022105, 0.015304293420077658, 0.014565459448865269, 0.014469999813464017, 0.03489045628388881, 0.014190520066346114, 0.014973425550866008, 0.013764302756748375, 0.014286737387395911, 0.015856556860328996, 0.025576423032093686, 0.027006158433720198, 0.013816524733431548, 0.01397050070707578, 0.014070427493632366, 0.01394707830383801, 0.013017518241749647], "flux_before_g": [18.168035042141405, 18.03774656428996, 18.14372168765709, 18.11564445670249, 18.170424095167935, 18.149432365191444, 18.143083689411313, 18.145735144718806, 18.086771970308533, 18.17864595069289, 18.159222021344295, 17.96150437450904, 18.091744090846788, 18.135560429944086, 18.230533436146246, 18.15083999053856, 18.222745160968735, 18.139057487674435, 18.16755827554166, 18.2251360703927, 18.174318552917676, 18.15881266731306, 18.185394935070775, 18.134747267339474, 18.1909386560361], "MJD_before_g": [58235.21975689987, 58235.22113429988, 58439.50156249991, 58482.503946799785, 58493.55268519977, 58511.46579860011, 58539.26763889985, 58540.41210650001, 58567.494907400105, 58580.20653939992, 58585.199502300005, 58588.204479199834, 58592.207326400094, 58601.24711810006, 58837.51723380014, 58837.51768520009, 58904.29192129988, 58964.208217599895, 58964.20866899984, 58967.24019679986, 58967.24064810015, 58968.247303199954, 58973.24394680001, 58973.247222200036, 58986.20861109998], "flux_err_before_g": [0.012594123800270429, 0.010992401101379787, 0.01858500217722727, 0.011924817025020754, 0.012285803907667562, 0.012285897488662361, 0.01949967697334331, 0.012668581775505578, 0.03774985529306411, 0.013527337373596019, 0.013177795079195503, 0.28194472899936596, 0.012251001064063207, 0.012451397941768362, 0.013299867542178514, 0.01197981020059768, 0.01334787114917379, 0.012486966204460758, 0.012851009701989241, 0.013286432007824919, 0.01261366702762903, 0.011975096123798845, 0.012635484963780605, 0.011712587495575386, 0.01268847427927941], "flux_outl_after_i": [], "MJD_outl_after_i": [], "flux_outl_err_after_i": [], "flux_outl_after_r": [17.392191516367152, 17.383079787128928, 17.355392608998976, 17.39182602263066, 17.37794494184274, 17.37715891638143, 17.312716427959035], "MJD_outl_after_r": [58492.45039349981, 58493.46730320016, 58513.4248147998, 58574.21586810006, 58597.24418980023, 58838.52021990018, 58838.520671300124], "flux_outl_err_after_r": [0.07406347197491922, 0.018514814939283177, 0.02221899975966593, 0.050654480968676203, 0.019983218515854186, 0.03713222960412375, 0.03920794062672149], "flux_outl_after_g": [17.96150437450904], "MJD_outl_after_g": [58588.204479199834], "flux_outl_err_after_g": [0.28194472899936596], "mask_after_r": [22.0, 22.0, 22.0, 22.0, 22.0, 22.0, 22.0, 22.0, 22.0, 22.0, 22.0, 22.0, 22.0, 22.0, 22.0, 22.0, 22.0], "mask_after_g": [22.0, 22.0, 22.0, 22.0, 22.0, 22.0, 22.0, 22.0, 22.0, 22.0, 22.0, 22.0, 22.0, 22.0, 22.0, 22.0, 22.0, 22.0, 22.0, 22.0, 22.0, 22.0, 22.0, 22.0], "mask_after_i": [], "flux_after_r": [17.460987472766398, 17.467998962917036, 17.47036761616428, 17.461992116038378, 17.51365947570264, 17.44963494985445, 17.468704159955383, 17.443372990672934, 17.45084118707861, 17.475217416586176, 17.43557132456082, 17.43772768727424, 17.4494334354374, 17.435172938367778, 17.478552838725392, 17.451564017822943, 17.409325074688596], "MJD_after_r": [58448.4795022998, 58449.459583300166, 58476.44740739977, 58481.47163189994, 58508.47658560006, 58511.3915161998, 58540.2546064998, 58558.206990700215, 58582.20394679997, 58593.281122699846, 58606.24310189998, 58618.26793979993, 58851.475879599806, 58851.47768520005, 58859.3604282001, 58859.36087960005, 58939.206701400224], "flux_err_after_r": [0.019107655380994404, 0.02106376633034583, 0.0193906211497395, 0.01704151228830942, 0.019633037738271415, 0.013038260294522302, 0.015569396235543974, 0.019149457913411497, 0.013322632297959389, 0.019769981395276623, 0.014394119093970622, 0.021958352729173538, 0.01462580847963309, 0.015322440277725701, 0.022494009311063448, 0.023535175026681503, 0.013412495637541003], "flux_after_g": [18.13199448056094, 18.08076961510249, 18.13040757507939, 18.11302102855896, 18.12189595508741, 18.110783137739293, 18.10508198888398, 18.140648445678313, 18.13078149426001, 18.074726185986666, 18.097944727724915, 18.207185607807734, 18.12536754446708, 18.12699756939781, 18.098755931965883, 18.13306454972894, 18.127478858459348, 18.084004996165575, 18.101617947148835, 18.18186168143899, 18.106581516099215, 18.057845482144494], "MJD_after_g": [58439.50156249991, 58482.503946799785, 58493.55268519977, 58511.46579860011, 58539.26763889985, 58540.41210650001, 58567.494907400105, 58580.20653939992, 58585.199502300005, 58592.207326400094, 58601.24711810006, 58837.51723380014, 58837.51768520009, 58904.29192129988, 58964.208217599895, 58964.20866899984, 58967.24019679986, 58967.24064810015, 58968.247303199954, 58973.24394680001, 58973.247222200036, 58986.20861109998], "flux_err_after_g": [0.02900578400502156, 0.022972952160446408, 0.017010423101709034, 0.021722687790613475, 0.027980675766521697, 0.02138650620473734, 0.04582752584518849, 0.022753948778606946, 0.023142611706000016, 0.025775645797515574, 0.018584424673781658, 0.02522034133895879, 0.023917810408567764, 0.023549657698936896, 0.02264629288450745, 0.020261661664888908, 0.023638954360178793, 0.02439005032187687, 0.021973054904637267, 0.024349059068056428, 0.025103870443849752, 0.02190492557657856], "flux_after_i": [], "MJD_after_i": [], "flux_err_after_i": []}