{"name": "J113238.74+185155.4", "flux_err_before_i": [], "mask_before_i": [], "flux_before_i": [], "MJD_before_i": [], "mask_before_r": [23.0, 23.0, 23.0, 23.0, 23.0, 23.0, 23.0, 23.0, 23.0, 1.0, 1.0, 23.0, 23.0, 1.0, 1.0, 23.0, 23.0, 1.0, 1.0, 23.0, 1.0, 1.0, 1.0, 23.0, 1.0, 1.0, 1.0, 1.0, 1.0, 1.0, 1.0, 1.0, 1.0, 1.0, 1.0, 1.0, 1.0, 1.0, 1.0, 23.0, 23.0, 23.0, 23.0, 23.0, 23.0, 23.0, 23.0, 23.0, 23.0, 23.0, 23.0, 23.0], "mask_before_g": [23.0, 23.0, 23.0, 23.0, 23.0, 1.0, 1.0, 23.0, 23.0, 23.0, 23.0, 23.0, 23.0, 23.0, 23.0, 23.0, 23.0, 1.0, 23.0, 23.0, 1.0, 23.0, 23.0, 1.0, 23.0, 23.0, 23.0, 23.0, 1.0, 23.0, 23.0, 23.0, 1.0, 1.0, 1.0, 1.0, 1.0, 1.0, 1.0, 23.0, 1.0, 1.0, 1.0, 1.0, 1.0, 1.0, 1.0, 1.0, 1.0, 1.0, 1.0, 1.0, 23.0, 23.0, 23.0, 23.0, 23.0, 23.0, 23.0, 23.0, 23.0, 23.0, 23.0, 23.0, 23.0, 23.0, 23.0, 23.0, 23.0, 23.0, 23.0, 23.0, 23.0, 23.0, 23.0, 23.0, 23.0, 23.0, 23.0, 23.0, 23.0, 23.0, 23.0, 23.0, 23.0, 23.0, 23.0, 23.0, 23.0, 23.0, 23.0, 23.0, 23.0, 23.0, 23.0, 23.0], "flux_before_r": [17.76013048720307, 17.776959673235773, 17.777108884186248, 17.775984366760447, 17.77774308315803, 17.776961493339293, 17.77739930079894, 17.775984263307542, 17.778296272654977, 17.72263692152557, 17.749323065677906, 17.777056938090713, 17.776030631994416, 17.80122285184563, 17.762372725282248, 17.77748369165645, 17.77700922035104, 17.851534936684153, 17.78045069321762, 17.778182792426545, 17.792682612735632, 17.78989998214695, 17.785287029107103, 17.777118752782588, 17.863103941194147, 17.807286348400986, 17.79956068461772, 17.800638845619808, 17.781597955182793, 17.777154639301937, 17.77835890257792, 17.79468054661002, 17.786511996975552, 17.76167004367924, 17.797107001535878, 17.805155335700206, 17.745620317449056, 17.786896978295825, 17.8476132357422, 17.776435093843233, 17.7767403631123, 17.7769317661383, 17.776983805873705, 17.77735290358814, 17.776841344849508, 17.776929380838375, 17.776729766330334, 17.77698734510654, 17.776653467719754, 17.776813571228345, 17.775900894324238, 17.777192892615076], "MJD_before_r": [58215.24636569992, 58218.27357639978, 58218.30068290001, 58224.19785880018, 58224.2250926001, 58230.228506899904, 58242.2557639, 58245.16959490022, 58258.20672449982, 58448.4795022998, 58449.459583300166, 58461.54484950006, 58467.53915510001, 58476.44740739977, 58481.47163189994, 58481.52150460007, 58486.48261569999, 58492.45039349981, 58493.46730320016, 58505.526736100204, 58508.47658560006, 58511.3915161998, 58513.4248147998, 58514.43600689992, 58540.2546064998, 58558.206990700215, 58574.21586810006, 58582.20394679997, 58593.281122699846, 58597.24418980023, 58606.24310189998, 58618.26793979993, 58838.52021990018, 58838.520671300124, 58851.475879599806, 58851.47768520005, 58859.3604282001, 58859.36087960005, 58939.206701400224, 59184.50762729999, 59203.48381939996, 59219.502499999944, 59231.46489580022, 59258.3429744998, 59290.3415045999, 59322.27089119982, 59324.25212959992, 59344.22460650001, 59353.17807869986, 59361.19363430003, 59622.44251159998, 59624.38430560008], "flux_err_before_r": [0.01287802410645994, 0.013079191787570913, 0.01378353433789681, 0.013067448149746063, 0.013088632447360218, 0.013079213713249452, 0.013084488780949402, 0.013067446904631994, 0.013095302887951353, 0.015095649635036441, 0.017824044801203393, 0.013497701329929028, 0.05772571111456498, 0.016100752702743706, 0.015366895181963817, 0.013191996138049384, 0.012862361961951648, 0.024086877267010413, 0.015113926856246636, 0.012973888338741767, 0.01556790181650647, 0.015668846705129934, 0.016152206210330165, 0.017485761076747666, 0.015103535312688265, 0.016388966903136765, 0.041280154368570535, 0.01669908122269622, 0.015864859156177927, 0.01603315143516114, 0.01657526955598193, 0.017254773289875864, 0.027636423400845565, 0.02939713835132085, 0.015641551878739095, 0.015731827405954763, 0.01470297320663116, 0.015230558537757379, 0.016264560531266355, 0.012235200099360096, 0.012247661760110022, 0.012200278519963706, 0.011664619084044009, 0.012295273684076926, 0.011895250077459152, 0.012866155357874063, 0.012387080083877912, 0.012707846985700419, 0.012852228134369146, 0.011978500830653082, 0.011955215159223239, 0.011912260878047164], "flux_before_g": [18.376196129186688, 18.401441215034605, 18.46676087809335, 18.31437559278308, 18.428577821729647, 18.324377023196853, 18.330619769054206, 18.34505310061317, 18.42160108710943, 18.40868147855403, 18.453255360339636, 18.420004740350944, 18.35673956891013, 18.414560055583344, 18.386136950079038, 18.389098697428732, 18.482120507614553, 18.390271482545028, 18.42324256444002, 18.392462217807143, 18.37852593199568, 18.421158380108057, 18.391192033632557, 18.36499600800675, 18.38600385032737, 18.38950645662398, 18.390904402205855, 18.56625353963036, 18.365792550893815, 18.450429155516076, 18.42891508953985, 18.446290605106842, 18.428527500953862, 18.38535100977893, 18.448380314887217, 18.353228171061836, 18.376799855062735, 17.979981074982884, 18.331578597472, 18.440432828509078, 18.359127213605014, 18.318256833643623, 18.364839405227514, 18.33084961597054, 18.35337013593111, 18.41062669116775, 18.34061174803989, 18.343681897840277, 18.388901336603286, 18.38317056152776, 18.32722510635027, 18.3537997391341, 18.394209492450408, 18.395019757545562, 18.40506943995608, 18.362354119339315, 18.411824878773025, 18.495230231825758, 18.431973138278085, 18.46302807740755, 18.34552148491536, 18.44784326273484, 18.379989353348698, 18.382665560900687, 18.363329400947947, 18.35764807176968, 18.342459401020584, 18.391226753232765, 18.394905525560144, 18.374843752311506, 18.38193766295322, 18.38877127008844, 18.380894326537526, 18.430441319058264, 18.36988410701028, 18.473936455653828, 18.526725185115957, 18.381867215762455, 18.44859569924202, 18.418740136151563, 18.411813327237766, 18.430792653868902, 18.419977828810516, 18.39961835910966, 18.440394085012002, 18.378256272085807, 18.404071249622262, 18.516904701353866, 18.408197492278056, 18.383125256238987, 18.388876872754295, 18.41699587753192, 18.42960996941403, 18.39945273812333, 18.37457046180062, 18.41247907072533], "MJD_before_g": [58202.290138899814, 58205.26008100016, 58205.281099500135, 58215.262303200085, 58230.33216439979, 58235.21975689987, 58235.22113429988, 58238.169664400164, 58242.20362270018, 58248.20552079985, 58255.18813659996, 58258.169097200036, 58269.21097220015, 58272.19068290014, 58279.20712959999, 58283.23598380014, 58286.217754600104, 58439.50156249991, 58461.48244210007, 58464.5185647998, 58482.503946799785, 58482.51994210016, 58486.54107639985, 58493.55268519977, 58493.5535995001, 58494.47716439981, 58502.46006939979, 58505.45700229984, 58511.46579860011, 58514.46292820014, 58522.46452549985, 58526.41983800009, 58539.26763889985, 58540.41210650001, 58567.494907400105, 58580.20653939992, 58585.199502300005, 58588.204479199834, 58592.207326400094, 58597.27377310023, 58601.24711810006, 58837.51723380014, 58837.51768520009, 58904.29192129988, 58964.208217599895, 58964.20866899984, 58967.24019679986, 58967.24064810015, 58968.247303199954, 58973.24394680001, 58973.247222200036, 58986.20861109998, 59181.52890049992, 59188.54104170017, 59194.53120370023, 59200.46578700002, 59203.54145829985, 59205.53607639996, 59215.4855324002, 59219.5260648001, 59221.46289349999, 59223.400613400154, 59227.44156249985, 59248.46325229993, 59250.369085600134, 59252.4895601999, 59254.44329860015, 59256.3688542, 59258.36550930003, 59262.41210650001, 59264.35329859983, 59276.257962999865, 59290.31609949982, 59292.29616900021, 59295.275231500156, 59297.207395799924, 59304.349143499974, 59307.2777315001, 59311.212812500075, 59313.25028940011, 59317.23614579998, 59320.1755903, 59322.208472200204, 59324.17233800003, 59329.31663190015, 59338.20723380009, 59350.20631940011, 59353.22135420004, 59358.24254629994, 59363.21493060002, 59365.20553239994, 59373.18582180003, 59550.49798610015, 59622.46192129981, 59624.50788189983, 59629.40207180008],