{"name": "J113038.78+334201.4", "flux_err_before_i": [], "mask_before_i": [], "flux_before_i": [], "MJD_before_i": [], "mask_before_r": [6.0, 6.0, 6.0, 6.0, 6.0, 6.0, 6.0, 6.0, 6.0, 6.0, 6.0, 6.0, 6.0, 6.0, 6.0, 6.0, 6.0, 6.0, 6.0, 6.0, 6.0, 6.0, 6.0, 6.0, 6.0, 6.0, 6.0, 6.0, 6.0], "mask_before_g": [6.0, 6.0, 6.0, 6.0, 6.0, 6.0, 6.0, 6.0, 6.0, 6.0, 6.0, 6.0, 6.0, 6.0, 6.0, 6.0, 6.0, 6.0, 6.0, 6.0, 6.0, 6.0, 6.0, 6.0, 6.0, 6.0, 6.0, 6.0, 6.0, 6.0, 6.0, 6.0], "flux_before_r": [18.653613149887374, 18.585304324362443, 18.599728386452618, 18.815799580328953, 18.610828878091937, 18.62602553303972, 18.710926851942382, 18.673377659621778, 18.658212639212852, 18.461034356938534, 18.636972403388977, 18.67658590829087, 18.589839331741626, 18.557838229698213, 18.66498394352715, 18.639272119541488, 18.62055976390239, 18.666616431725096, 18.652997816647765, 18.687857925055074, 18.652401402402855, 18.67751155984503, 18.686222048686087, 18.68898687632698, 18.704656474805745, 18.564679892109922, 18.72714420725346, 18.62409375393809, 18.660130446443656], "MJD_before_r": [58439.55403940007, 58442.40793980006, 58448.47199069988, 58449.453240700066, 58468.518368099816, 58476.45114579983, 58481.46271990007, 58492.452731499914, 58493.446064800024, 58503.49302079994, 58540.253692099825, 58546.31193289999, 58558.20608799998, 58574.21355320001, 58582.20164350001, 58592.2821411998, 58593.26995369978, 58597.24047450023, 58602.260381899774, 58606.24127310002, 58618.215173599776, 58833.44967589993, 58833.47332180012, 58854.45445600012, 58854.45490740007, 58859.29928239994, 58859.29973379988, 58970.207071799785, 58970.20753470017], "flux_err_before_r": [0.024094765223639802, 0.07098727993158585, 0.020920342654790956, 0.15257912835067353, 0.01985953110006312, 0.020734217608671716, 0.022938667156751923, 0.0559278987437398, 0.020489081722693873, 0.1202964498041709, 0.020012732957573262, 0.022740070266017317, 0.021197916235532504, 0.04720768794821433, 0.02214272245133993, 0.022085451739090503, 0.02110286130169347, 0.02265082431927764, 0.02250694582888844, 0.022975269216980346, 0.022457323751298473, 0.021381691685899033, 0.02158173017427999, 0.021226196947717015, 0.02180620190429524, 0.04363063609373519, 0.04225526925657789, 0.019862547123300038, 0.02064665103854333], "flux_before_g": [19.20719055778021, 19.205566450628538, 19.183411501400478, 19.214021672888197, 19.313373718247497, 19.213182331754965, 19.24537417585955, 19.49861533856784, 19.216117775504518, 19.26296554772523, 19.100854690408905, 19.264168643756435, 19.23141344856346, 19.236662894433728, 19.27891058960837, 19.30178642342929, 19.13760968573663, 19.12464239287731, 19.15204712899829, 19.18426120053786, 19.2193134155633, 19.22314225649264, 19.32015106857262, 19.205299739138717, 19.16847962068472, 19.277153696135503, 19.226288837141688, 19.18236207867896, 19.227206567990834, 19.216479874113087, 19.199823317769003, 19.25061510900297], "MJD_before_g": [58206.28158560023, 58439.49047450023, 58482.54192129988, 58487.47664349992, 58506.49100690009, 58507.50745370006, 58522.45650460012, 58534.30440969998, 58539.26578699984, 58540.395393500105, 58561.24505789997, 58567.494004600216, 58580.247534700204, 58585.19674770022, 58586.291481500026, 58601.24849539995, 58833.554814800154, 58833.5552662001, 58837.51134259999, 58837.511782399844, 58853.519571799785, 58853.52001160011, 58854.53706019977, 58854.53750000009, 58892.35189810023, 58892.35234950017, 58903.323368099984, 58903.32381939981, 58968.2665856001, 58968.26706020022, 58970.234247699846, 58970.23472219985], "flux_err_before_g": [0.06263461355424808, 0.010479513476877733, 0.007468598976937794, 0.007613129362735407, 0.12379002507323296, 0.09274459255453846, 0.008247915645396097, 0.22941686551613372, 0.012068176423536229, 0.00838495544698961, 0.13136947712609295, 0.10971637585384893, 0.008236826529491962, 0.008367191292491574, 0.022190615322823893, 0.008611307737132761, 0.10244899536636774, 0.1092857267085499, 0.04009453928097513, 0.015511323586437784, 0.008248973463095773, 0.00719931942082482, 0.05036440221077334, 0.014990774949535126, 0.039207260213906296, 0.04994829727092392, 0.007617107329754399, 0.007219371185484581, 0.007541837444396748, 0.007496637135162046, 0.007263799823781889, 0.007429517052688574], "flux_outl_after_i": [], "MJD_outl_after_i": [], "flux_outl_err_after_i": [], "flux_outl_after_r": [18.673377659621778, 18.461034356938534, 18.557838229698213, 18.68898687632698, 18.815799580328953], "MJD_outl_after_r": [58492.452731499914, 58503.49302079994, 58574.21355320001, 58854.45445600012, 58449.453240700066], "flux_outl_err_after_r": [0.03418605826777129, 0.1202964498041709, 0.028855809124512525, 0.012974562283891745, 0.15257912835067353], "flux_outl_after_g": [19.32015106857262, 19.205299739138717, 19.49861533856784], "MJD_outl_after_g": [58854.53706019977, 58854.53750000009, 58534.30440969998], "flux_outl_err_after_g": [0.05036440221077334, 0.014990774949535126, 0.22941686551613372], "mask_after_r": [6.0, 6.0, 6.0, 6.0, 6.0, 6.0, 6.0, 6.0, 6.0, 6.0, 6.0, 6.0, 6.0, 6.0, 6.0, 6.0, 6.0, 6.0, 6.0, 6.0, 6.0, 6.0, 6.0, 6.0], "mask_after_g": [6.0, 6.0, 6.0, 6.0, 6.0, 6.0, 6.0, 6.0, 6.0, 6.0, 6.0, 6.0, 6.0, 6.0, 6.0, 6.0, 6.0, 6.0, 6.0, 6.0, 6.0, 6.0, 6.0, 6.0, 6.0, 6.0, 6.0, 6.0, 6.0], "mask_after_i": [], "flux_after_r": [18.64564193695991, 18.640637503582553, 18.657127226631815, 18.602145100833162, 18.656571487565138, 18.71938069440022, 18.673175982760306, 18.643451386893553, 18.686230108544798, 18.62442042453347, 18.689044603398866, 18.655135724100525, 18.64300516319722, 18.6438656183515, 18.668771004766572, 18.67526111902112, 18.65908577383047, 18.703882419128686, 18.690505784447012, 18.70584617102643, 18.588007243619796, 18.742233381424494, 18.62940421216953, 18.664481745756266], "MJD_after_r": [58439.55403940007, 58442.40793980006, 58448.47199069988, 58468.518368099816, 58476.45114579983, 58481.46271990007, 58493.446064800024, 58540.253692099825, 58546.31193289999, 58558.20608799998, 58582.20164350001, 58592.2821411998, 58593.26995369978, 58597.24047450023, 58602.260381899774, 58606.24127310002, 58618.215173599776, 58833.44967589993, 58833.47332180012, 58854.45490740007, 58859.29928239994, 58859.29973379988, 58970.207071799785, 58970.20753470017], "flux_err_after_r": [0.02695618062964551, 0.0766000435226354, 0.026776259589381932, 0.023299511211633175, 0.025861975202541375, 0.02689915529256041, 0.022502731019456098, 0.02556597970132364, 0.026050320725598347, 0.027704998240950563, 0.024948089250061974, 0.03066255410193102, 0.02659001910642065, 0.025438304633431677, 0.025521381930082635, 0.025469872692594854, 0.02825946923970959, 0.02892989871773945, 0.030193539842211577, 0.02823841586880248, 0.050678470926063805, 0.05147440377860423, 0.024757348552987102, 0.02561654375873563], "flux_after_g": [19.19916730821049, 19.17509140923822, 19.215122967156663, 19.318823724107464, 19.212198988876324, 19.198319465999848, 19.18032037096927, 19.241621228484334, 19.071800861010857, 19.242974448651765, 19.22241674637737, 19.238803403577663, 19.25553561541773, 19.29266303340201, 19.099722276741307, 19.107974904730856, 19.14606322107829, 19.172404869991006, 19.211847596030957, 19.226032137936198, 19.168247700527722, 19.27030873922473, 19.218021906421686, 19.18161789368525, 19.24241920967809, 19.240900421598155, 19.194403145636713, 19.255814711185216], "MJD_after_g": [58439.49047450023, 58482.54192129988, 58487.47664349992, 58506.49100690009, 58507.50745370006, 58522.45650460012, 58539.26578699984, 58540.395393500105, 58561.24505789997, 58567.494004600216, 58580.247534700204, 58585.19674770022, 58586.291481500026, 58601.24849539995, 58833.554814800154, 58833.5552662001, 58837.51134259999, 58837.511782399844, 58853.519571799785, 58853.52001160011, 58892.35189810023, 58892.35234950017, 58903.323368099984, 58903.32381939981, 58968.2665856001, 58968.26706020022, 58970.234247699846, 58970.23472219985],