{"name": "J113039.72+013519.5", "flux_err_before_i": [], "mask_before_i": [], "flux_before_i": [], "MJD_before_i": [], "mask_before_r": [6.0, 6.0, 6.0, 6.0, 6.0, 6.0, 6.0, 6.0, 6.0, 6.0, 6.0, 6.0, 6.0, 6.0, 6.0, 6.0, 6.0, 6.0, 6.0, 6.0, 6.0, 6.0, 6.0, 6.0, 6.0, 6.0, 6.0, 6.0, 6.0, 6.0, 6.0, 6.0, 6.0, 6.0, 6.0, 6.0, 6.0, 6.0, 6.0, 6.0, 6.0, 6.0, 6.0, 6.0, 6.0, 6.0, 6.0, 6.0, 6.0, 6.0, 6.0, 6.0, 6.0, 6.0, 6.0], "mask_before_g": [6.0, 6.0, 6.0, 6.0, 6.0, 6.0, 6.0, 6.0, 6.0, 6.0, 6.0, 6.0, 6.0, 6.0, 6.0, 6.0, 6.0, 6.0, 6.0, 6.0, 6.0, 6.0, 6.0, 6.0, 6.0, 6.0, 6.0, 6.0, 6.0, 6.0, 6.0, 6.0, 6.0, 6.0, 6.0, 6.0, 6.0, 6.0, 6.0, 6.0, 6.0, 6.0, 6.0, 6.0, 6.0, 6.0, 6.0, 6.0, 6.0, 6.0, 6.0, 6.0, 6.0, 6.0, 6.0, 6.0, 6.0, 6.0], "flux_before_r": [18.49223512478756, 18.256968210559343, 18.360476280550277, 18.34208524807412, 18.323570005776645, 18.435085203288764, 18.47960350346244, 18.3199701613748, 18.351078254577303, 18.355185916018854, 18.407941507500535, 18.309379937393174, 18.333199569977246, 18.327620047990347, 18.325655364942293, 18.306419821779148, 18.322861821737682, 18.337281609751688, 18.38175901844139, 18.350633024348667, 18.171764876953695, 18.405555429389096, 18.354845580726824, 18.373055278496757, 18.281852477488158, 18.36338771164011, 18.345974776511685, 18.377949169960246, 18.36340193110839, 18.363671248006693, 18.381784351218638, 18.30894150228724, 18.526801884569174, 18.16623409010485, 18.30799387273796, 18.346481781977698, 18.434276224344956, 18.097904238477685, 18.297758249532503, 18.3804845170946, 18.381362991136612, 18.316610002297, 18.255871770682177, 18.387636726053305, 18.369485999678062, 18.330901509345964, 18.36908473829932, 18.29362024324932, 18.270535500834747, 18.297999775644158, 18.314022766255324, 18.37419170716202, 18.464365505563574, 18.35214176001873, 18.361981198377585], "MJD_before_r": [58199.304837999865, 58199.3139698999, 58218.216250000056, 58218.27504630014, 58221.21928239986, 58221.23982639983, 58224.196006900165, 58224.22047450021, 58227.24030089984, 58230.2275231001, 58242.2920022998, 58245.150856500026, 58248.15910879988, 58258.20813659998, 58278.2522454001, 58281.19164349977, 58284.172048599925, 58440.54548610002, 58443.47849539993, 58447.4983333, 58449.485069400165, 58461.5439352002, 58467.543298599776, 58472.543877299875, 58476.47140049981, 58482.477233800106, 58486.48032409977, 58491.52372690011, 58493.49000000022, 58494.45453700004, 58502.52553239977, 58505.522083300166, 58513.428969900124, 58538.33537039999, 58543.263159700204, 58567.314652800094, 58572.27337960014, 58575.23200230021, 58580.273333299905, 58583.25689810002, 58586.21120369993, 58591.355138900224, 58594.31652780017, 58597.33359949989, 58634.168877299875, 58637.18090280006, 58640.21878470015, 58646.21208330011, 58649.2152315001, 58831.44320600014, 59265.311145800166, 59267.318391200155, 59269.3390740999, 59271.29715280002, 59275.338368100114], "flux_err_before_r": [0.057730227133028396, 0.042864375471460256, 0.02179213238267616, 0.022497969076269712, 0.02706058734097333, 0.02814642866354391, 0.046326620268022374, 0.02449160693373605, 0.020895872905348174, 0.02954905406697408, 0.02214347719579504, 0.02045413844769419, 0.019811120714547253, 0.021523715130678727, 0.022814521379721106, 0.020823663874235687, 0.02162389605006251, 0.02081909563469081, 0.02218261918641552, 0.020948957997709752, 0.027200392257528735, 0.027212684592810364, 0.021709381398704944, 0.020694327971501014, 0.01887340273307007, 0.020493885286016412, 0.019881956848396522, 0.024239791742947044, 0.020246501440232163, 0.02093619311011394, 0.020796150740912255, 0.018193413432206002, 0.10758456546840196, 0.10427255030046538, 0.04165112779437865, 0.02105823311674822, 0.03823839948057895, 0.022796039427152956, 0.019964227771609857, 0.022347195230249115, 0.022313845037850936, 0.10419401477541897, 0.020156630031315195, 0.023172020641312505, 0.023026271238626023, 0.022333141625356875, 0.023632143308117356, 0.02134014242359771, 0.022290685097891616, 0.0190892614655638, 0.018282615374599718, 0.01934220131452559, 0.027152849877394986, 0.018836747674583744, 0.018959273675518057], "flux_before_g": [19.076964052049405, 19.1624456157515, 18.99478757981545, 18.872760364212656, 19.101365780050042, 19.163312741248102, 19.076738000062058, 19.140673458977336, 19.170601649536252, 19.094580182287963, 19.14383061270843, 19.083958905314148, 19.125547580706204, 19.032623977543295, 19.137428766430503, 19.08100944712802, 19.00507450846453, 19.033952488890687, 19.058847430242896, 19.07820139822216, 19.216684179225673, 19.133841542190016, 19.167989588200864, 19.12514585599877, 18.20286661606111, 19.091146853124663, 19.08575579500296, 19.114850799981284, 19.14566189638808, 19.060542733823194, 19.132612325733405, 19.138589837422117, 19.21245778447441, 18.614918029604645, 19.08897756481997, 19.150074156393135, 19.13007021679188, 19.20073698300388, 19.12276528946945, 19.03042572034637, 19.135900128241055, 19.020447023594677, 19.16338701490684, 19.155035399580605, 19.077692976127313, 19.11973556019899, 19.160191878760923, 19.16879419743413, 19.10373400517281, 19.12264371878134, 19.11980558023449, 19.217764900868616, 19.04108102505372, 19.1339570348618, 18.996881272457024, 19.09150982435185, 19.37692643120337, 18.976784207989752], "MJD_before_g": [58202.291550899856, 58205.308877300005, 58205.315277799964, 58210.28471060004, 58210.30478010001, 58215.26181709999, 58230.31033559982, 58236.16932869982, 58236.1903241002, 58242.20222220011, 58248.17003470007, 58258.167673599906, 58267.1866088002, 58270.25343749998, 58274.22699069977, 58278.1921064998, 58294.17621529987, 58427.540289400145, 58430.52293979982, 58439.524664400145, 58440.48239579983, 58450.48468750017, 58461.49956020014, 58464.50059030019, 58467.461932899896, 58472.522488399874, 58482.52226850018, 58482.54511569999, 58486.540590300225, 58491.47929400019, 58494.49865739979, 58509.5052894, 58511.49849539995, 58523.420578700025, 58526.41879629996, 58538.29526619986, 58543.294722199906, 58546.272962999996, 58567.27307870006, 58572.256238400005, 58575.27229169989, 58580.25266199978, 58586.1707175998, 58591.209294000175, 58597.25180559978, 58600.18949070014, 58605.23293979978, 58608.27518519992, 58634.191620400175, 58637.21634260006, 58662.199259299785, 58786.5250694002, 58792.54464119999, 59265.41672449978, 59267.35921300016, 59269.422025499865, 59271.38072919985, 59275.22718749987], "flux_err_before_g": [0.01238177077302403, 0.08475680865236998, 0.07225872057675221, 0.20208929919484186, 0.12831804540139563, 0.13813689779496136, 0.013930680722911289, 0.1475842545161463, 0.14161602855678973, 0.012236838029994906, 0.01264181363838215, 0.012678290565103223, 0.13686819482564916, 0.06684225361134465, 0.014272125149597869, 0.013668501903046498, 0.0792850165165006, 0.013208640930267728, 0.01336398904079285, 0.015053507317426051, 0.019618726390802074, 0.04533217410308344, 0.021029694998823227, 0.013002159254887588, 0.36004004072727963, 0.012282757567048063, 0.056476085615889925, 0.01236452561809319, 0.012742712869021048, 0.06579758707544782, 0.012525701823039038, 0.0640316191795228, 0.017233768409204573, 0.339520174133198, 0.09217663946921256, 0.23370617088613785, 0.018354612722630104, 0.0148406161379942, 0.01388619483599442, 0.03690427061130033, 0.013946884040039666, 0.012346275056291834, 0.01453556590862759, 0.15524926666528271, 0.012940597497265215, 0.013425527633225486, 0.013930088970078976, 0.015252984105387437, 0.014504098510742216, 0.015537266903606099, 0.015930865492969987, 0.2233084664155839, 0.042568278138124575, 0.011560588764885846, 0.019173901455794163, 0.011459378610256872, 0.259982753474811, 0.10984812974834944], "flux_outl_after_i": [], "MJD_outl_after_i": [], "flux_outl_err_after_i": [],