{"name": "J114027.02+113850.0", "flux_err_before_i": [0.04865762053291441, 0.015725053778461576, 0.01488501686045497, 0.014694163788206618, 0.014699931407418194, 0.014956761020680527], "mask_before_i": [15.0, 15.0, 15.0, 15.0, 15.0, 15.0], "flux_before_i": [17.2066435182047, 17.19814669879502, 17.23283967764726, 17.239328541337496, 17.21935462099955, 17.2469602367322], "MJD_before_i": [58257.1863425998, 58883.37734950008, 58894.39818290016, 58894.42086810013, 58912.31371530006, 58912.33474540012], "mask_before_r": [15.0, 15.0, 15.0, 15.0, 15.0, 15.0, 15.0, 15.0, 15.0, 15.0, 15.0, 15.0, 15.0, 15.0, 15.0, 15.0, 15.0, 15.0, 15.0, 15.0, 15.0, 15.0, 15.0, 15.0, 15.0, 15.0, 15.0, 15.0, 15.0, 15.0, 15.0, 15.0, 15.0, 15.0, 15.0, 15.0, 15.0, 15.0, 15.0, 15.0, 15.0, 15.0, 15.0, 15.0, 15.0, 15.0, 15.0, 15.0, 15.0, 15.0, 15.0, 15.0, 15.0, 15.0, 15.0, 15.0, 15.0, 15.0, 15.0, 15.0, 15.0, 15.0, 15.0, 15.0, 15.0, 15.0, 15.0, 15.0, 15.0, 15.0, 15.0, 15.0, 15.0, 15.0, 15.0, 15.0, 15.0, 15.0, 15.0, 15.0, 15.0, 15.0, 15.0, 15.0, 15.0, 15.0, 15.0, 15.0, 15.0, 15.0, 15.0, 15.0, 15.0, 15.0, 15.0, 15.0, 15.0, 15.0, 15.0, 15.0, 15.0, 15.0, 15.0, 15.0], "mask_before_g": [], "flux_before_r": [17.539099345415956, 17.589885598446436, 17.633069221053297, 17.509303480463657, 17.50969118365762, 17.506115758020414, 17.529627832606657, 17.53072789498853, 17.58284243644606, 17.54182720468833, 17.648434935929828, 17.54942770192899, 17.62268432067633, 17.555127422774184, 17.597556922335055, 17.589332865952404, 17.50331886187551, 17.595094109111034, 17.536105666192185, 17.495408621890707, 17.46713899592475, 17.566165687839103, 17.52711557092836, 17.519995251919056, 17.56166501108731, 17.536806295285835, 17.52439089826468, 17.542319908188237, 17.522687946981527, 17.549785066864057, 17.53045633205562, 17.576128755029675, 17.370463306425783, 17.5211228049833, 17.535966241884886, 17.545752387575472, 17.624373511052518, 17.558806175179686, 17.519858471175393, 17.554896782691458, 17.54942134690757, 17.528452426614415, 17.556752889511447, 17.524890305940882, 17.551688403100496, 17.527570472964896, 17.540845627684853, 17.53220662281545, 17.519897093156068, 17.50081559243109, 17.5641741753939, 17.53151189635779, 17.530087338362826, 17.56461028948864, 17.54303052562593, 17.529856918915744, 17.544161498602868, 17.51437851677093, 17.50283707388995, 17.4979167943378, 17.530384304887612, 17.541142857848023, 17.523374219457683, 17.525682321979236, 17.543824527037756, 17.53252534552133, 17.538425164685943, 17.537447536977034, 17.523771246555455, 17.522014319458357, 17.5882805101696, 17.54855919721978, 17.53518670342637, 17.502268297472305, 17.541733174209398, 17.399825261357275, 17.528090628611302, 17.52465917141151, 17.519462113338914, 17.538722345379846, 17.545912794857458, 17.520189316872656, 17.51224554287398, 17.531025559164828, 17.52002528766773, 17.52511892240838, 17.521013430673243, 17.523445555845342, 17.532563258075605, 17.514831385885532, 17.53829122468689, 17.52515015078793, 17.541218373776964, 17.5393405755389, 17.536436344298693, 17.529048893787788, 17.5352032057531, 17.52367727815186, 17.531824718607936, 17.530570777844396, 17.525443922143605, 17.53556519590548, 17.562998236551763, 17.50785439029229], "MJD_before_r": [58214.24008100014, 58217.24282409996, 58217.258830999956, 58221.21881939983, 58221.240289399866, 58224.1964699002, 58224.224641200155, 58227.24202550016, 58230.23060189979, 58245.15130789997, 58248.15864579985, 58257.2315508998, 58263.2245139, 58271.18649310013, 58277.234224500135, 58283.19590280019, 58438.52339120023, 58441.555937500205, 58447.49787040008, 58461.544398100115, 58464.54451389983, 58467.54376159981, 58471.54265049985, 58476.50273150019, 58481.50261570001, 58481.50782410009, 58486.50061339978, 58491.52652780013, 58493.46776620019, 58494.454074100126, 58502.52090279991, 58505.5037153, 58513.42851850018, 58580.27377310023, 58583.256446800195, 58586.21075229999, 58591.35559030017, 58594.31697920011, 58597.33314809995, 58883.5031365999, 58883.50406249985, 58883.56510420004, 58894.46789349988, 58912.40049770009, 58912.42106480012, 59168.5395717998, 59176.55126160011, 59179.52609949978, 59181.49097219994, 59184.49469910003, 59188.50930560008, 59193.5379745001, 59195.48608799977, 59198.48283560015, 59200.52406249987, 59203.50209489977, 59221.42739580013, 59223.464224500116, 59225.414467600174, 59229.4362269002, 59231.46537039988, 59249.379768500105, 59251.442268500105, 59253.35153939994, 59255.40094910003, 59262.33792820014, 59276.36752310023, 59280.29652780015, 59290.341030099895, 59292.337835600134, 59295.263703700155, 59297.257638900075, 59302.264629600104, 59304.30719910003, 59307.255370399915, 59309.23443289986, 59311.17093749996, 59313.213634300046, 59315.25004629977, 59317.19361109985, 59323.226435199846, 59325.25688660005, 59329.23436339991, 59338.2129861, 59340.25434029987, 59342.25605319999, 59344.226956000086, 59350.24736109981, 59358.21239579981, 59361.19269679999, 59363.19039350003, 59367.19499999983, 59369.18431709986, 59371.22797450004, 59373.21443289984, 59375.22883100016, 59377.213368100114, 59379.214282399975, 59518.529872700106, 59518.532326399814, 59518.53478009999, 59525.52033559978, 59538.486250000075, 59550.5066550998], "flux_err_before_r": [0.010885837000981544, 0.01140712835510182, 0.01186997426517279, 0.010591158834200412, 0.014223895809627138, 0.010560108786422634, 0.012159430142631758, 0.0115886606852053, 0.011333369899402982, 0.012280978493640045, 0.012039156592499467, 0.010989885551956737, 0.011756981023715508, 0.011047730159437065, 0.011488011400679819, 0.011401322630069113, 0.011149865632319511, 0.022528886787433946, 0.011840890240680876, 0.012098890263608329, 0.0107854355338533, 0.012342648584584412, 0.01114469833110799, 0.011073889604629614, 0.0118546324517556, 0.01170427741976042, 0.010824764288196663, 0.012891695893157869, 0.010769046885116313, 0.011366221514895568, 0.011491179846733483, 0.011941904422568882, 0.027697936261187446, 0.011518374929505533, 0.01218564679246281, 0.012106066187115058, 0.06367933318115998, 0.012642255379391934, 0.01169837334471489, 0.011932757146761492, 0.01198258801630057, 0.011843581681862041, 0.011128669496555317, 0.011152653550055352, 0.011503167672390287, 0.01084152256697245, 0.01108562899891651, 0.010822927222226683, 0.010975414382025529, 0.010680419866625475, 0.011238070678024846, 0.010148149289370658, 0.012353130355445194, 0.011242585647180166, 0.01910531925260868, 0.010838392052885688, 0.01106335092866791, 0.010591890824998696, 0.011358393714834979, 0.010745553893901506, 0.010382353480665983, 0.015173271613202635, 0.01026057683173495, 0.010515138993570781, 0.009607975783440323, 0.010595274850557154, 0.010912195920737694, 0.010628723364522455, 0.010299368276615858, 0.010570799043599543, 0.012125350267925727, 0.011733991461200917, 0.010630085810102177, 0.010874502762881445, 0.010242249680441717, 0.011994777421874783, 0.017714885123999845, 0.012187812309230975, 0.03548844206185977, 0.010809137143936921, 0.011261265738830377, 0.010779976539780236, 0.010744848739814145, 0.0110101265970955, 0.010871067792300274, 0.01107821164501834, 0.010535798625983452, 0.01169607949211549, 0.011428977880486996, 0.010559288196392484, 0.010585188074302568, 0.011808701625436624, 0.01069915399547612, 0.010943552335076457, 0.011474047057316231, 0.011354333507281374, 0.010967392121730325, 0.01083061206078455, 0.011563038626183419, 0.011464903406731567, 0.011407741140939339, 0.011371248942215964, 0.011519175196886897, 0.010339126406905], "flux_before_g": [], "MJD_before_g": [], "flux_err_before_g": [], "flux_outl_after_i": [17.19814669879502, 17.23283967764726, 17.239328541337496, 17.21935462099955, 17.2469602367322, 17.2066435182047], "MJD_outl_after_i": [58883.37734950008, 58894.39818290016, 58894.42086810013, 58912.31371530006, 58912.33474540012, 58257.1863425998], "flux_outl_err_after_i": [0.015725053778461572, 0.014885016860454967, 0.014694163788206614, 0.014699931407418194, 0.014956761020680524, 0.048657620532914406],