{"name": "J115053.23+422438.8", "flux_err_before_i": [], "mask_before_i": [], "flux_before_i": [], "MJD_before_i": [], "mask_before_r": [18.0, 18.0, 18.0, 18.0, 18.0, 18.0, 18.0, 18.0, 18.0, 18.0, 18.0, 18.0, 18.0, 18.0, 18.0, 18.0, 18.0, 18.0, 18.0, 18.0, 18.0, 18.0, 18.0, 18.0, 18.0, 18.0, 18.0, 18.0, 18.0, 18.0, 18.0, 18.0, 18.0, 18.0, 18.0], "mask_before_g": [18.0, 18.0, 18.0, 18.0, 18.0, 18.0, 18.0, 18.0, 18.0, 18.0, 18.0, 18.0, 18.0, 18.0, 18.0, 18.0, 18.0, 18.0, 18.0, 18.0, 18.0, 18.0, 18.0, 18.0, 18.0, 18.0, 18.0, 18.0, 18.0, 18.0, 18.0, 18.0, 18.0, 18.0, 18.0], "flux_before_r": [18.036412125096238, 18.129689185759762, 18.06366275677499, 18.099829822578698, 18.09391510028108, 18.1518435065098, 18.025800725515666, 18.08884941662228, 18.081605389444974, 18.05988378336798, 17.50107905435818, 18.053332370873704, 18.01247159232862, 18.048973479075283, 18.064000463032563, 18.083438700547774, 18.085762169092042, 18.083898795644213, 18.281959253128747, 17.982658223453182, 18.049754888664136, 18.056858814509248, 18.021000080310813, 18.059658941276627, 18.071802063635673, 17.99869622240443, 18.066251232576327, 18.09493043248051, 18.07121717592539, 18.079381898717315, 18.085998394555283, 18.085476547270307, 18.05681777544912, 18.06781502843157, 18.07019926759037], "MJD_before_r": [58224.24831019994, 58442.407476900145, 58448.471527799964, 58449.45278939977, 58468.519317099825, 58476.449259299785, 58481.4631829001, 58492.45366899995, 58493.44701390015, 58509.469270799775, 58512.51326389983, 58534.35326390015, 58539.33357639983, 58540.25324069988, 58546.31287040003, 58558.20515049994, 58574.228483799845, 58582.200694399886, 58589.21396989981, 58592.30374999996, 58593.26434030011, 58606.23983799992, 58618.21236110013, 58833.44832180021, 58833.44877310004, 58854.45672449982, 58854.45717590023, 58859.30699069984, 58859.31108799996, 58956.28008100018, 58956.280532400124, 58974.26373839984, 58974.26420139987, 58976.28863430023, 58976.28909720015], "flux_err_before_r": [0.009755718340633636, 0.06538199824413449, 0.008403099497880522, 0.009812650533468005, 0.007734289843632072, 0.0085536565004688, 0.008076341853667847, 0.03637532706138087, 0.008225769940932163, 0.008271950302292538, 0.10332949366058551, 0.05121606536608477, 0.20617421657593712, 0.007325610013242126, 0.00848739839756449, 0.008690202236982662, 0.14466394926418977, 0.008643585284242064, 0.1781754852287511, 0.03387087586882021, 0.008323698840801422, 0.008375252882143452, 0.00847177543658752, 0.03546124601393396, 0.025727993578215664, 0.007540026845604685, 0.007922730737408887, 0.03482784858814428, 0.030046755132843356, 0.00830399659959536, 0.008477225991089915, 0.008146386706875133, 0.00792175694663148, 0.03583205526678765, 0.02073762902609676], "flux_before_g": [18.55104452020114, 18.60119682840818, 18.522343205938725, 18.751913615553253, 18.84247410784048, 18.592390243809604, 18.541134939748616, 18.587615647586997, 18.529530064833388, 18.53811421136257, 18.65224745051254, 18.543425162214717, 18.585189683996873, 18.558625351836923, 18.376040884941986, 18.523061434397814, 18.53555260839846, 18.572535511423016, 18.575705400854464, 18.552151884850236, 18.466523207491733, 18.543556478746012, 18.59537938889443, 18.545865093611603, 18.63006384877584, 18.566573236772456, 18.553375348963158, 18.588159736081977, 18.59834932181456, 18.61840518646757, 18.60565043194208, 18.568239331478107, 18.580894853153385, 18.543933037322535, 18.569563546902252], "MJD_before_g": [58206.28099540016, 58237.249201400205, 58237.24966439977, 58259.165636599995, 58259.1670022998, 58439.490011599846, 58482.4968634001, 58487.47569439979, 58506.492870400194, 58507.506018499844, 58534.304861099925, 58539.26532409992, 58540.39259260008, 58561.24597219983, 58562.24997689994, 58567.49078699993, 58580.24708329979, 58585.19579860009, 58587.227291699965, 58601.24940969981, 58833.56076390017, 58833.56121530011, 58837.509062500205, 58837.50951390015, 58851.540983799845, 58851.5418866002, 58854.5307407002, 58854.5316319, 58892.35417820001, 58903.325636600144, 58903.32608800009, 58968.26237270003, 58968.262847200036, 58970.236597199924, 58970.23706019996], "flux_err_before_g": [0.018157800036687814, 0.05385631810722771, 0.04538161014456535, 0.15491779436255715, 0.3228621386918265, 0.011552504166636283, 0.008142804579305416, 0.007991831071257132, 0.05616733349233406, 0.04381406588513945, 0.1301144349585894, 0.011077712792885072, 0.008174024025969904, 0.05088847193384439, 0.2223796898301216, 0.04209136598657345, 0.008051950190336535, 0.008394101974566732, 0.008418645003928126, 0.00811448179502273, 0.08036464719313642, 0.08120627741774997, 0.023643383987982252, 0.006456060244292513, 0.028187247059435653, 0.027494010888757175, 0.01793778189835315, 0.01807907563910631, 0.007758535739328345, 0.008050115488616675, 0.008021585355691972, 0.0076323059085717185, 0.007650291396421283, 0.007392873095137246, 0.00753955051040219], "flux_outl_after_i": [], "MJD_outl_after_i": [], "flux_outl_err_after_i": [], "flux_outl_after_r": [18.08884941662228, 17.50107905435818, 18.085762169092042, 18.281959253128747, 18.129689185759762, 18.01247159232862, 18.048973479075283], "MJD_outl_after_r": [58492.45366899995, 58512.51326389983, 58574.228483799845, 58589.21396989981, 58442.407476900145, 58539.33357639983, 58540.25324069988], "flux_outl_err_after_r": [0.03637532706138087, 0.10332949366058551, 0.14466394926418977, 0.1781754852287511, 0.06538199824413449, 0.20617421657593712, 0.0123474288378394], "flux_outl_after_g": [18.376040884941986, 18.466523207491733, 18.543556478746012, 18.553375348963158, 18.588159736081977, 18.751913615553253, 18.84247410784048], "MJD_outl_after_g": [58562.24997689994, 58833.56076390017, 58833.56121530011, 58854.5307407002, 58854.5316319, 58259.165636599995, 58259.1670022998], "flux_outl_err_after_g": [0.2223796898301216, 0.08036464719313642, 0.08120627741774997, 0.01793778189835315, 0.01807907563910631, 0.15491779436255715, 0.3228621386918265], "mask_after_r": [18.0, 18.0, 18.0, 18.0, 18.0, 18.0, 18.0, 18.0, 18.0, 18.0, 18.0, 18.0, 18.0, 18.0, 18.0, 18.0, 18.0, 18.0, 18.0, 18.0, 18.0, 18.0, 18.0, 18.0, 18.0, 18.0, 18.0, 18.0], "mask_after_g": [18.0, 18.0, 18.0, 18.0, 18.0, 18.0, 18.0, 18.0, 18.0, 18.0, 18.0, 18.0, 18.0, 18.0, 18.0, 18.0, 18.0, 18.0, 18.0, 18.0, 18.0, 18.0, 18.0, 18.0, 18.0, 18.0, 18.0, 18.0], "mask_after_i": [], "flux_after_r": [18.11536147293643, 18.10395181010903, 18.12774564378108, 18.1866634642098, 18.06867943834144, 18.114997658644974, 18.097812099982022, 18.109411575958188, 18.085292582894514, 18.11723435644246, 18.133933590127157, 18.03077335297692, 18.088139168339175, 18.091463375508987, 18.061947655086385, 18.112605252674257, 18.119409296010808, 18.03202194351516, 18.099271903008937, 18.110821096547337, 18.107771828825392, 18.098575886622342, 18.087505049400484, 18.118138866453222, 18.086081548627604, 18.106299144665037, 18.1398034536913], "MJD_after_r": [58448.471527799964, 58449.45278939977, 58468.519317099825, 58476.449259299785, 58481.4631829001, 58493.44701390015, 58509.469270799775, 58534.35326390015, 58546.31287040003, 58558.20515049994, 58582.200694399886, 58592.30374999996, 58593.26434030011, 58606.23983799992, 58618.21236110013, 58833.44832180021, 58833.44877310004, 58854.45672449982, 58854.45717590023, 58859.30699069984, 58859.31108799996, 58956.28008100018, 58956.280532400124, 58974.26373839984, 58974.26420139987, 58976.28863430023, 58976.28909720015],