{"name": "ESI_J115601.13+564923.3", "flux_err_before_i": [], "mask_before_i": [], "flux_before_i": [], "MJD_before_i": [], "mask_before_r": [17.0, 17.0, 17.0, 17.0, 17.0, 17.0, 17.0, 17.0, 17.0, 17.0, 17.0, 17.0, 17.0, 17.0, 17.0, 17.0, 17.0, 17.0, 17.0, 17.0, 17.0, 17.0, 17.0, 17.0, 17.0, 17.0, 17.0, 17.0, 17.0, 17.0, 17.0, 17.0, 17.0, 17.0], "mask_before_g": [17.0, 17.0, 17.0, 17.0, 17.0, 17.0, 17.0, 17.0, 17.0, 17.0, 17.0, 17.0, 17.0, 17.0, 17.0, 17.0, 17.0, 17.0, 17.0, 17.0, 17.0, 17.0, 17.0, 17.0], "flux_before_r": [18.628418113124937, 18.585529495618538, 18.610950225521783, 18.528715723712565, 18.73864315680332, 18.648826862104738, 18.6556945893332, 18.611192445979928, 18.745426510767647, 18.605661515026107, 18.624444417787448, 18.544625399425293, 18.17943391940347, 18.68406523185082, 18.721711918311435, 18.61356145309165, 18.578307001426726, 18.68774238858687, 18.62720600171276, 18.55759767081071, 18.692389044923598, 18.705315316458183, 18.780406639382264, 18.639607374612474, 18.782008367851525, 18.65586054468524, 18.85288959747176, 18.782437336423488, 18.640078289100636, 18.672847785485974, 18.56620871485641, 18.688605393484224, 18.638440872219668, 18.544908090453312], "MJD_before_r": [58224.24567130022, 58442.414745400194, 58448.47430559993, 58449.433923599776, 58476.4501852002, 58481.46645830013, 58493.46130790003, 58509.464548599906, 58512.51618060004, 58534.34902779991, 58540.25275459979, 58558.210196800064, 58574.2293866002, 58582.20864580013, 58589.20284719998, 58592.28862270014, 58593.26296300022, 58606.238911999855, 58618.20388890011, 58771.508830999956, 58806.55362269981, 58806.55407410022, 58833.433333300054, 58833.43379630009, 58859.28484949982, 58859.28666670015, 58860.30667820014, 58860.31217590021, 58971.16231480008, 58971.1627894002, 58972.20613430021, 58972.20659720013, 58976.268101899885, 58976.2685647998], "flux_err_before_r": [0.01333214430399598, 0.06812183895195245, 0.020877479958225795, 0.03903332288874468, 0.00983263738387336, 0.00924067094000921, 0.008470920311056989, 0.008934077980391222, 0.014375513431601272, 0.07358887972958882, 0.008567823821064613, 0.04099834924760659, 0.21958636823447805, 0.00961255534292627, 0.16306036885802452, 0.008959367306672433, 0.008618973809783432, 0.00994465487918148, 0.00920481705060417, 0.09322116882746483, 0.010351621368957571, 0.010443808190868485, 0.05354169785074457, 0.06247103236512887, 0.08600098305960634, 0.056583693972604474, 0.11130540030341095, 0.07890166518450294, 0.008494231169831896, 0.00880545647378735, 0.008011913400151395, 0.009009380264852781, 0.0086797878300928, 0.016041182240557224], "flux_before_g": [19.269389192806305, 19.209442064516757, 19.30740653737194, 19.289136142440263, 18.621877589418393, 19.20661082290676, 19.100677032079627, 19.210725488969786, 19.288671597549055, 19.266065259706842, 19.27427703763302, 19.10134600676129, 19.19834875071159, 18.967174460191426, 19.216279019584192, 19.143005164077508, 19.215790883625235, 19.257693459816387, 19.386467454116772, 19.52346122184651, 19.335870582967935, 19.341713429687978, 19.436800595793827, 19.453257119968384], "MJD_before_g": [58205.26877309987, 58205.29079859983, 58206.26180560002, 58206.28334489977, 58208.30908560008, 58237.246388900094, 58237.24685190013, 58439.48812500015, 58482.497858799994, 58487.47896989994, 58506.49427080015, 58507.50413190015, 58522.4536342998, 58539.26440969994, 58540.39210649999, 58567.49126160005, 58580.24804400001, 58587.22777780006, 58833.56168980012, 58833.56214120006, 58851.53961810004, 58851.54006939987, 58854.52936339984, 58854.52981479978], "flux_err_before_g": [0.06099238866130058, 0.07509228440610191, 0.0527008091021588, 0.0574503198805059, 0.21830761653301153, 0.08655897547312542, 0.08654787105746248, 0.009077892579073743, 0.0069746670861514735, 0.006760221837772156, 0.1103816894068587, 0.1034544993789305, 0.006646520430032594, 0.11447335093810472, 0.006634473314217913, 0.07679028917380465, 0.006992801448467306, 0.04563994733041704, 0.11716958262991584, 0.1877962350039442, 0.05106665631503778, 0.05841503805990476, 0.07204422395915377, 0.0645552898082932], "flux_outl_after_i": [], "MJD_outl_after_i": [], "flux_outl_err_after_i": [], "flux_outl_after_r": [18.745426510767647, 18.624444417787448, 18.17943391940347, 18.721711918311435], "MJD_outl_after_r": [58512.51618060004, 58540.25275459979, 58574.2293866002, 58589.20284719998], "flux_outl_err_after_r": [0.008520395473674499, 0.005078166261788116, 0.21958636823447805, 0.16306036885802452], "flux_outl_after_g": [18.621877589418393, 19.436800595793827, 19.453257119968384, 18.967174460191426], "MJD_outl_after_g": [58208.30908560008, 58854.52936339984, 58854.52981479978, 58539.26440969994], "flux_outl_err_after_g": [0.21830761653301153, 0.07204422395915377, 0.0645552898082932, 0.11447335093810472], "mask_after_r": [17.0, 17.0, 17.0, 17.0, 17.0, 17.0, 17.0, 17.0, 17.0, 17.0, 17.0, 17.0, 17.0, 17.0, 17.0, 17.0, 17.0, 17.0, 17.0, 17.0, 17.0, 17.0, 17.0, 17.0, 17.0, 17.0, 17.0, 17.0, 17.0, 17.0], "mask_after_g": [17.0, 17.0, 17.0, 17.0, 17.0, 17.0, 17.0, 17.0, 17.0, 17.0, 17.0, 17.0, 17.0, 17.0, 17.0, 17.0, 17.0, 17.0, 17.0, 17.0], "mask_after_i": [], "flux_after_r": [18.620099550154617, 18.634362954784123, 18.567292919517563, 18.760497698392932, 18.67633944935282, 18.694020820847854, 18.655624569258045, 18.653312594878706, 18.570236587447035, 18.71155456733433, 18.65324591495482, 18.61426372050726, 18.711355201308947, 18.647529254502594, 18.57435734517021, 18.728212567648306, 18.741980091267887, 18.82529853512802, 18.690155128475375, 18.81475094950104, 18.679825997064313, 18.888389268424312, 18.807138076774045, 18.668436329341205, 18.692292153529802, 18.60048647941539, 18.71447133525119, 18.65441693694508, 18.56465171346706], "MJD_after_r": [58442.414745400194, 58448.47430559993, 58449.433923599776, 58476.4501852002, 58481.46645830013, 58493.46130790003, 58509.464548599906, 58534.34902779991, 58558.210196800064, 58582.20864580013, 58592.28862270014, 58593.26296300022, 58606.238911999855, 58618.20388890011, 58771.508830999956, 58806.55362269981, 58806.55407410022, 58833.433333300054, 58833.43379630009, 58859.28484949982, 58859.28666670015, 58860.30667820014, 58860.31217590021, 58971.16231480008, 58971.1627894002, 58972.20613430021, 58972.20659720013, 58976.268101899885, 58976.2685647998], "flux_err_after_r": [0.07184968174575489, 0.02804473792637652, 0.04530073332243823, 0.01881216864712462, 0.01651377550715214, 0.010894716222876714, 0.016941702149153182, 0.07771579360463289, 0.04798285084867462, 0.013726526178144412, 0.018650061674009833, 0.01709456363871907, 0.013822735709940633, 0.017680736568449037, 0.09675542543500616, 0.019208829689660385, 0.017833706513883708, 0.05676702473643641, 0.0669326256547608, 0.0901299809793983, 0.060872760017037, 0.11461913898221783, 0.08292496662352151, 0.015349104849301123, 0.015926151358006086, 0.015235508194437218, 0.01718784894558999, 0.019467476305083407, 0.026084483978699217], "flux_after_g": [19.17933590970856, 19.274443567586854, 19.25116837968806, 19.24440182468134, 19.08419309014343, 19.18764418690936, 19.176344933388364, 19.139716753848184, 19.196391533725237, 19.227959455683173, 19.370536817541705, 19.503846503817286, 19.321909976215125, 19.33936417456144], "MJD_after_g": [58439.48812500015, 58482.497858799994, 58487.47896989994, 58506.49427080015, 58507.50413190015, 58522.4536342998, 58540.39210649999, 58567.49126160005, 58580.24804400001, 58587.22777780006, 58833.56168980012, 58833.56214120006, 58851.53961810004, 58851.54006939987], "flux_err_after_g": [0.020948498854987528, 0.0194680793394526, 0.015574310854533906, 0.11387719669355532, 0.1069905665949123, 0.016545919488635277, 0.01912982053902882, 0.08131898201020513, 0.018499762772726566, 0.050848189704492654, 0.12009777257651935, 0.18996923660398424, 0.057168461948407245, 0.062048828075607805], "flux_after_i": [], "MJD_after_i": [], "flux_err_after_i": []}