{"name": "J120825.92+241908.9", "flux_err_before_i": [], "mask_before_i": [], "flux_before_i": [], "MJD_before_i": [], "mask_before_r": [43.0, 43.0, 43.0, 43.0, 43.0, 43.0, 43.0, 43.0, 43.0, 43.0, 43.0, 43.0, 43.0, 43.0, 43.0, 43.0, 43.0, 43.0, 43.0, 43.0, 43.0, 43.0, 43.0, 43.0, 43.0, 43.0, 43.0], "mask_before_g": [43.0, 43.0, 43.0, 43.0, 43.0, 43.0, 43.0, 43.0, 43.0, 43.0, 43.0, 43.0, 43.0, 43.0, 43.0, 43.0, 43.0, 43.0, 43.0, 43.0, 43.0], "flux_before_r": [16.872861373811453, 16.90579541876071, 16.925491996020007, 16.9256311134362, 16.911259687904902, 16.889472256316857, 16.896922640940062, 16.951203409651534, 16.946457246763252, 16.90479732460506, 16.895808789324292, 16.932386139235778, 16.9239312027551, 16.950695541564862, 17.32355729444562, 16.91906139919439, 16.9261585452044, 16.888841087367457, 16.920474452043106, 16.89935003481646, 16.935985181564952, 16.91007739129666, 16.92658264461606, 16.900970986431055, 16.912608623853785, 16.919880510242876, 16.926358731610463], "MJD_before_r": [58449.483692099806, 58476.46214119997, 58481.50921300007, 58493.46501159994, 58503.47591440007, 58513.456168999895, 58538.37416670006, 58540.28355319984, 58557.26622689981, 58558.2200230998, 58580.347951400094, 58582.22482640017, 58593.27975689992, 58597.24781250022, 58602.25717590004, 58606.206168999895, 58618.2660416998, 58833.493263899814, 58833.49416670017, 58838.56848380016, 58838.56892360002, 58955.28300930001, 58955.283460599836, 58956.26624999987, 58956.266701399814, 58964.27127309982, 58976.28011569986], "flux_err_before_r": [0.016848007057750577, 0.013471071888239703, 0.013536948748384542, 0.013189138584572834, 0.01795179422358191, 0.07029960564156043, 0.00827376225400407, 0.02537729628049221, 0.013839069327443833, 0.013749373702882409, 0.013453878520471089, 0.014558560713652762, 0.013606187997799552, 0.01434967955478335, 0.29960918635249617, 0.01420196852864917, 0.014917890132448063, 0.012564361437174036, 0.012850314804624882, 0.03398317877351943, 0.03427346860257424, 0.012931084294196508, 0.013130372414751344, 0.0128112758021716, 0.012898150371137592, 0.013156979267640583, 0.012852496044796819], "flux_before_g": [17.741992528292002, 17.73534802275154, 17.748425587344364, 17.676721409994244, 17.703318573740155, 17.689828023983054, 17.72168830135486, 17.702227131545385, 17.718706360769268, 17.689768746024633, 17.72971745814923, 17.67736513531944, 17.682921434882125, 17.737892655564345, 17.70091186151823, 18.05413577625943, 17.66853032790135, 17.696819125075272, 17.685058303935794, 17.69895946707036, 17.690613587519763], "MJD_before_g": [58234.24626159994, 58234.246724499855, 58235.22622689977, 58235.226678200066, 58439.53844910022, 58482.503020800184, 58492.537708300166, 58493.55597219989, 58506.51586809987, 58522.46681710007, 58540.41027780017, 58561.28987269988, 58567.4462731001, 58580.24274310004, 58585.22662039986, 58588.213136599865, 58837.52084490005, 58967.2261458002, 58967.22659720015, 58971.27024309989, 58971.270717599895], "flux_err_before_g": [0.01430329113018211, 0.0292976668633538, 0.012326767424803311, 0.01167152302350446, 0.015613001325103664, 0.012076196654522059, 0.013806204044341125, 0.012115178568521639, 0.012031548093047423, 0.012391003095792174, 0.012773971719535065, 0.012039959365703071, 0.013544642324124622, 0.013115837560511915, 0.01268713939927032, 0.28914214432025653, 0.011322207196998212, 0.011778408625067214, 0.011817953821510968, 0.011503308152563708, 0.01140891651230972], "flux_outl_after_i": [], "MJD_outl_after_i": [], "flux_outl_err_after_i": [], "flux_outl_after_r": [16.896922640940062, 16.90479732460506, 17.32355729444562, 16.872861373811453, 16.889472256316857, 16.951203409651534, 16.89935003481646, 16.935985181564952], "MJD_outl_after_r": [58538.37416670006, 58558.2200230998, 58602.25717590004, 58449.483692099806, 58513.456168999895, 58540.28355319984, 58838.56848380016, 58838.56892360002], "flux_outl_err_after_r": [0.00827376225400407, 0.012067662900394412, 0.29960918635249617, 0.014787296796928055, 0.06170113353855302, 0.022273353205332694, 0.029826634622397298, 0.030081418576644765], "flux_outl_after_g": [18.05413577625943], "MJD_outl_after_g": [58588.213136599865], "flux_outl_err_after_g": [0.28914214432025653], "mask_after_r": [43.0, 43.0, 43.0, 43.0, 43.0, 43.0, 43.0, 43.0, 43.0, 43.0, 43.0, 43.0, 43.0, 43.0, 43.0, 43.0, 43.0, 43.0, 43.0], "mask_after_g": [43.0, 43.0, 43.0, 43.0, 43.0, 43.0, 43.0, 43.0, 43.0, 43.0, 43.0, 43.0, 43.0, 43.0, 43.0, 43.0, 43.0, 43.0, 43.0, 43.0], "mask_after_i": [], "flux_after_r": [16.964980141859456, 16.98681504528107, 16.9649412192362, 17.0328777978392, 16.9669221785796, 16.936150604124293, 16.961936271282877, 16.96354084941884, 16.956614324018894, 16.953081669913054, 17.008081194267866, 16.89117457411878, 16.98580246539015, 16.94920016350522, 16.965062784216062, 16.954538919713336, 16.949016540609485, 16.958902956663195, 16.961615117657118], "MJD_after_r": [58476.46214119997, 58481.50921300007, 58493.46501159994, 58503.47591440007, 58557.26622689981, 58580.347951400094, 58582.22482640017, 58593.27975689992, 58597.24781250022, 58606.206168999895, 58618.2660416998, 58833.493263899814, 58833.49416670017, 58955.28300930001, 58955.283460599836, 58956.26624999987, 58956.266701399814, 58964.27127309982, 58976.28011569986], "flux_err_after_r": [0.01543609474470205, 0.014681215891182873, 0.01069353145286899, 0.020346353528717883, 0.018317469780997412, 0.013204282234189409, 0.012738304344489236, 0.018198110635207498, 0.011376313614100608, 0.012478229961868903, 0.023758609838239582, 0.02348871086849351, 0.017699570817211102, 0.011862436647889872, 0.011659512570817281, 0.011218015599181948, 0.01151577880211991, 0.011860437499331581, 0.01671229079144461], "flux_after_g": [17.699525122877407, 17.665330779760986, 17.702362839500452, 17.654876924667573, 17.709428648786506, 17.658201504669908, 17.70992187760946, 17.666840829646418, 17.800731953091866, 17.72532905926696, 17.68380327491823, 17.638683164739646, 17.670522288355272, 17.705405812671223, 17.6610524614334, 17.6982210864301], "MJD_after_g": [58439.53844910022, 58482.503020800184, 58492.537708300166, 58493.55597219989, 58506.51586809987, 58522.46681710007, 58540.41027780017, 58561.28987269988, 58567.4462731001, 58580.24274310004, 58585.22662039986, 58837.52084490005, 58967.2261458002, 58967.22659720015, 58971.27024309989, 58971.270717599895], "flux_err_after_g": [0.02496037547426541, 0.0216077816972972, 0.021490988553281253, 0.019446976188958878, 0.027949259084140574, 0.023541472990596564, 0.022575674182906773, 0.023958603830153975, 0.03622976702278919, 0.02091396859487828, 0.022665530478057895, 0.029259643651881342, 0.020775597618921515, 0.020615167506840087, 0.028122708694898475, 0.028760068926872485], "flux_after_i": [], "MJD_after_i": [], "flux_err_after_i": []}