{"name": "J120939.71+261112.9", "flux_err_before_i": [], "mask_before_i": [], "flux_before_i": [], "MJD_before_i": [], "mask_before_r": [14.0, 59.0, 14.0, 14.0, 59.0, 14.0, 59.0, 14.0, 14.0, 59.0, 59.0, 14.0, 59.0, 14.0, 59.0, 14.0, 14.0, 59.0, 14.0, 59.0, 14.0, 59.0, 14.0, 59.0, 14.0, 14.0, 59.0, 14.0, 59.0, 14.0, 59.0, 14.0, 14.0, 59.0, 14.0, 14.0, 59.0, 14.0, 14.0, 14.0, 14.0, 59.0, 59.0, 59.0, 59.0, 14.0, 14.0, 14.0, 59.0, 59.0, 59.0, 59.0, 14.0, 14.0, 59.0, 59.0, 14.0], "mask_before_g": [14.0, 14.0, 59.0, 59.0, 59.0, 59.0, 14.0, 14.0, 59.0, 59.0, 14.0, 59.0, 14.0, 14.0, 59.0, 14.0, 59.0, 14.0, 14.0, 59.0, 14.0, 59.0, 14.0, 14.0, 14.0, 59.0, 14.0, 59.0, 14.0, 59.0, 14.0, 59.0, 14.0, 14.0, 59.0, 14.0, 59.0, 59.0, 14.0, 14.0, 14.0, 14.0, 14.0, 14.0, 59.0, 59.0, 14.0, 14.0, 14.0, 14.0, 14.0, 14.0], "flux_before_r": [18.405252569376586, 18.247868183869848, 18.277125938238676, 18.25690396821822, 18.201808862013106, 18.283220181868238, 18.208136355031638, 18.260502796212734, 18.299388278040784, 18.209270049608104, 18.054771878695192, 18.284149878038605, 18.10029112051096, 18.539286294479517, 18.218773932305513, 18.13129401377988, 18.274510488149097, 18.28754305092879, 18.300073850945886, 18.21536497178399, 18.278245210965895, 18.267900711512496, 18.242849314508177, 18.24676677960677, 18.28770035402782, 18.30368074010524, 18.201419747813123, 18.216275652408356, 18.247320369973437, 18.310519375318975, 18.290449177214732, 18.26218628290866, 18.124438892834117, 18.229661563415263, 18.258929618373536, 18.318226946986606, 18.38271692643907, 18.3112477533396, 18.34546531894452, 18.280703750178475, 18.239931664363503, 18.175825947900364, 18.24574863318054, 18.111572272730818, 18.451629002984436, 18.304329791437524, 18.1005477880165, 18.171686169098958, 18.198108614108982, 18.239987588021165, 18.282061616981252, 18.211041996915327, 18.243976080455433, 18.265757819965124, 18.247506898759898, 18.22828725365557, 18.270484534445693], "MJD_before_r": [58449.48324069986, 58449.483692099806, 58468.51788190007, 58476.45164350001, 58476.46214119997, 58481.49699069979, 58481.50921300007, 58492.4522338002, 58493.44515050016, 58493.46501159994, 58503.47591440007, 58503.479131899774, 58513.456168999895, 58513.45710649993, 58538.37416670006, 58538.37509260001, 58540.28263889998, 58540.28355319984, 58546.31054400001, 58557.26622689981, 58558.21255790023, 58558.2200230998, 58574.22664349992, 58580.347951400094, 58580.348865699954, 58582.20488430001, 58582.22482640017, 58589.24131939979, 58593.27975689992, 58593.28203700017, 58597.24781250022, 58597.24826390017, 58602.258530099876, 58606.206168999895, 58606.208437500056, 58618.25983799994, 58618.2660416998, 58823.56821760023, 58823.568669000175, 58833.4719560002, 58833.47240740014, 58833.493263899814, 58833.49416670017, 58838.56848380016, 58838.56892360002, 58838.57122689998, 58838.571678199805, 58859.3700116002, 58955.28300930001, 58955.283460599836, 58956.26624999987, 58956.266701399814, 58956.267152800225, 58956.26760420017, 58964.27127309982, 58976.28011569986, 58978.29196760012], "flux_err_before_r": [0.02633477398651317, 0.022718300578282863, 0.0193980887955057, 0.01982394823514616, 0.01920578719712821, 0.020031646171661234, 0.01938934372685912, 0.05565570471646952, 0.01953007355369792, 0.01834748695320462, 0.06924608182261369, 0.025080056984357328, 0.06901483541194776, 0.28808558626317615, 0.14765969959932987, 0.13144910562605974, 0.03266726405105547, 0.03570144448482189, 0.02088998403538932, 0.019788576602672053, 0.020785795591108214, 0.02093287366158564, 0.2961062174000445, 0.020491572150915602, 0.020430016120428447, 0.021097007814649467, 0.019365845682097302, 0.0429897983758852, 0.020174218290132537, 0.02099308759174651, 0.020728517311566694, 0.019685347282122144, 0.060381292146884015, 0.020924408646994633, 0.019934273616080606, 0.024398287608919066, 0.025353349207767193, 0.03178686292030187, 0.03116410760848686, 0.019161524896337493, 0.018656975165931147, 0.01795886752537583, 0.019270279818628784, 0.07851689207303085, 0.09333453538616324, 0.08917012043968645, 0.09359571413942357, 0.017765729093541162, 0.01866861130062441, 0.019342099047830352, 0.01959987106843257, 0.018452081598487408, 0.018050905802796655, 0.01894661785562368, 0.019376321292731504, 0.018461350561417553, 0.01902752851617914], "flux_before_g": [19.26358260784504, 19.271710548549517, 19.28696023058827, 19.124655547613443, 19.30832410352759, 19.468437996761747, 19.447201024798904, 19.37206467477413, 19.219600519576176, 19.31788824406513, 19.274402799308277, 19.21648020054066, 19.268392672155933, 19.278615639462245, 19.241950937728618, 19.670845788361763, 19.212681736499853, 19.314935868537006, 19.32770223307206, 19.244820521914974, 19.025921348141743, 19.325768505565062, 19.291225965695254, 19.178601091641656, 19.272774153979796, 19.08940693129871, 19.239751502088204, 19.214050256605393, 19.35693959208551, 19.27490691168487, 19.347178093336744, 19.22355540546141, 19.496758627878187, 19.50468496192475, 19.25675169488112, 19.343487414368774, 19.23629041723927, 19.14356294726375, 19.331009803321507, 19.29446054344076, 19.35176562942971, 19.331750231263968, 19.282533221141236, 19.36559197930499, 19.291432941263466, 19.23978362989974, 19.421345271298094, 19.228115060961173, 19.415524336878338, 19.23136832400747, 19.393360677142738, 19.23842354808509], "MJD_before_g": [58234.24533559987, 58234.245798599906, 58234.24626159994, 58234.246724499855, 58235.22622689977, 58235.226678200066, 58235.22760420013, 58439.52192129986, 58439.53844910022, 58482.503020800184, 58482.528784700204, 58492.537708300166, 58492.53815970011, 58493.55454860022, 58493.55597219989, 58506.51450229995, 58506.51586809987, 58507.48699070001, 58522.43423609994, 58522.46681710007, 58534.30349540012, 58540.41027780017, 58540.410740700085, 58560.22657410009, 58561.288946799934, 58561.28987269988, 58567.4458217998, 58567.4462731001, 58580.20839119982, 58580.24274310004, 58585.19766200008, 58585.22662039986, 58833.57304400019, 58833.57349540014, 58837.52084490005, 58965.250150499865, 58967.2261458002, 58967.22659720015, 58967.24616899993, 58967.24662039988, 58968.268969899975, 58968.26943290001, 58971.26789350016, 58971.268368099816, 58971.27024309989, 58971.270717599895, 58972.270370400045, 58972.27083329996, 58973.24817130016, 58973.248634300195, 58997.16312499996, 58997.163587999996], "flux_err_before_g": [0.179305614347667, 0.14659916377990947, 0.18180552208696177, 0.20313093486690248, 0.1183990706678871, 0.12547716291354918, 0.12853159712773873, 0.010164575375650492, 0.010489229281577625, 0.008439149265792983, 0.008157263485298076, 0.008596772837860336, 0.008401182899262675, 0.007868820284706937, 0.007901030638791303, 0.215073437416752, 0.15848958072916935, 0.1140093461221501, 0.008374989361807432, 0.008009245014912106, 0.18831343002638856, 0.008615704060888253, 0.007924899385131384, 0.1307161562020698, 0.1545932711448311, 0.13084515604896746, 0.07199969909580868, 0.09615966220040932, 0.008692790391758016, 0.008569315554772798, 0.008843305088455732, 0.008208910733207002, 0.17583678876311523, 0.240414755966265, 0.02170742666629535, 0.008115930822077531, 0.0077342737164803, 0.0071582778190347725, 0.00822748865578695, 0.007749034388521691, 0.008007364947966621, 0.007928726977065289, 0.051068258132626186, 0.051036834685694435, 0.04266919746171347, 0.0366132882919265, 0.07806176587238606, 0.0603442447361541, 0.10134666204531517, 0.07816498271466434, 0.033121540200777726, 0.02487326132319917], "flux_outl_after_i": [], "MJD_outl_after_i": [], "flux_outl_err_after_i": [], "flux_outl_after_r": [18.260502796212734, 18.539286294479517, 18.218773932305513, 18.278245210965895, 18.242849314508177, 18.124438892834117, 18.10029112051096, 18.13129401377988, 18.28754305092879, 18.111572272730818, 18.451629002984436, 18.304329791437524, 18.1005477880165],