{"name": "J120247.67+530030.0", "flux_err_before_i": [], "mask_before_i": [], "flux_before_i": [], "MJD_before_i": [], "mask_before_r": [32.0, 32.0, 32.0, 32.0, 32.0, 32.0, 32.0, 32.0, 32.0, 32.0, 32.0, 32.0, 32.0, 32.0, 32.0, 32.0, 32.0, 32.0, 32.0, 32.0, 32.0, 32.0], "mask_before_g": [32.0, 32.0, 32.0, 32.0, 32.0, 32.0, 32.0, 32.0, 32.0, 32.0, 32.0, 32.0, 32.0, 32.0, 32.0, 32.0, 32.0, 32.0, 32.0], "flux_before_r": [17.430892043512948, 17.483261922178663, 17.459530984680796, 17.427225883532962, 17.46765553815343, 17.43209630688009, 17.514215610826366, 17.468178246778177, 17.43333383376604, 17.641229411890198, 17.4468640328611, 17.456978570465623, 17.449425601749713, 17.42151597135051, 17.54433449066918, 17.430283423826715, 17.44652052267395, 17.468192775980416, 17.453991155400235, 17.456123775468647, 17.458528083768435, 17.447850763108292], "MJD_before_r": [58224.24634259986, 58442.41519680014, 58448.47475690022, 58449.434375000186, 58476.450648100115, 58481.46692130016, 58492.45877309982, 58493.46177079994, 58509.46409719996, 58513.465983800124, 58534.333483799826, 58540.26618060004, 58557.26854170021, 58558.21115740016, 58574.22893519979, 58582.206701400224, 58589.202395800035, 58592.2881713002, 58593.263402800076, 58602.26221060008, 58606.23846059991, 58618.2114467998], "flux_err_before_r": [0.021185910440880938, 0.08705042896877387, 0.017173653986829362, 0.020005097301969307, 0.016635372494650438, 0.016465269267254667, 0.06978732615210367, 0.016667927907359426, 0.016618194901712267, 0.12394897773234043, 0.01656669694653577, 0.01645438833869595, 0.016951984841422754, 0.01662098291942656, 0.08952599128055977, 0.01786173674299949, 0.03608598163169701, 0.017347920571834527, 0.016817706803746817, 0.021778091835550597, 0.01745747979875205, 0.017131311812788624], "flux_before_g": [18.323799593072327, 18.303327099739786, 18.28329921854031, 18.348727051426444, 18.341300512943427, 18.29793956887675, 18.33142283358098, 18.326722276904075, 18.259327893418874, 18.25029200772518, 18.319895020718096, 18.31410848841788, 18.266564527746354, 18.304200864701816, 18.491724707276504, 18.290614390357156, 18.351488421252146, 18.113927654490674, 18.319965099190355], "MJD_before_g": [58206.28276620014, 58237.24731480004, 58237.24776619999, 58425.545775500126, 58439.4895601999, 58482.49640050018, 58487.475243099965, 58506.49380790023, 58507.50459490018, 58522.45317129977, 58539.264872699976, 58540.391655100044, 58560.204490699805, 58561.246423599776, 58567.45840279991, 58580.24663189985, 58587.22684030002, 58588.21733799996, 58601.25034719985], "flux_err_before_g": [0.01534740714830293, 0.015498369730508419, 0.01554801191479702, 0.017389456075425285, 0.02296124235321798, 0.01723340144744429, 0.01596041982061944, 0.015835948769789134, 0.01468541874721018, 0.015198193881219724, 0.04296483869517485, 0.01606492020435661, 0.015836565029235528, 0.016442033291990402, 0.02103996728814696, 0.016384792036978582, 0.017669755732993175, 0.22780169448745302, 0.016508256836131763], "flux_outl_after_i": [], "MJD_outl_after_i": [], "flux_outl_err_after_i": [], "flux_outl_after_r": [17.4468640328611, 17.456978570465623, 17.483261922178663, 17.514215610826366, 17.641229411890198, 17.54433449066918, 17.44652052267395], "MJD_outl_after_r": [58534.333483799826, 58540.26618060004, 58442.41519680014, 58492.45877309982, 58513.465983800124, 58574.22893519979, 58589.202395800035], "flux_outl_err_after_r": [0.022387249952427753, 0.022235482772546736, 0.08705042896877387, 0.09430644618663361, 0.12394897773234043, 0.08952599128055977, 0.04876445154846929], "flux_outl_after_g": [18.319895020718096, 18.113927654490674], "MJD_outl_after_g": [58539.264872699976, 58588.21733799996], "flux_outl_err_after_g": [0.16612075517388672, 0.22780169448745302], "mask_after_r": [32.0, 32.0, 32.0, 32.0, 32.0, 32.0, 32.0, 32.0, 32.0, 32.0, 32.0, 32.0, 32.0, 32.0, 32.0], "mask_after_g": [32.0, 32.0, 32.0, 32.0, 32.0, 32.0, 32.0, 32.0, 32.0, 32.0, 32.0, 32.0, 32.0, 32.0, 32.0, 32.0, 32.0], "mask_after_i": [], "flux_after_r": [17.5534078341559, 17.54182190933003, 17.55749863257506, 17.528112856150276, 17.537625457881738, 17.510269141051374, 17.547029100167425, 17.533532006639305, 17.51425957947255, 17.51784755764558, 17.533554710896315, 17.547067245655498, 17.547189165215585, 17.535617066229165], "MJD_after_r": [58448.47475690022, 58449.434375000186, 58476.450648100115, 58481.46692130016, 58493.46177079994, 58509.46409719996, 58557.26854170021, 58558.21115740016, 58582.206701400224, 58592.2881713002, 58593.263402800076, 58602.26221060008, 58606.23846059991, 58618.2114467998], "flux_err_after_r": [0.017734008714958383, 0.0184206788783982, 0.01571256474565396, 0.013260161972412459, 0.010741524701933602, 0.016247844709124437, 0.016245276244863046, 0.018256945042065393, 0.01243739724441802, 0.02042183693019075, 0.016960573725803806, 0.01401216124726542, 0.011051731641786052, 0.014851744739892677], "flux_after_g": [18.335300447024977, 18.325179467138955, 18.275743507677323, 18.306242775230324, 18.282806070215532, 18.23382996221259, 18.231058426759724, 18.281682516347878, 18.245308495999154, 18.292337126467892, 18.474037528519453, 18.26412667486886, 18.328057808536837, 18.278379704780356], "MJD_after_g": [58425.545775500126, 58439.4895601999, 58482.49640050018, 58487.475243099965, 58506.49380790023, 58507.50459490018, 58522.45317129977, 58540.391655100044, 58560.204490699805, 58561.246423599776, 58567.45840279991, 58580.24663189985, 58587.22684030002, 58601.25034719985], "flux_err_after_g": [0.026474145856541162, 0.027635831931627105, 0.02392855650975174, 0.02114007545472814, 0.030741124228318557, 0.028602766592086607, 0.022754962868667135, 0.020651457244032532, 0.02683162565810826, 0.02817017287808001, 0.02853932653143685, 0.022850894041760012, 0.026478172926158082, 0.021979726248175346], "flux_after_i": [], "MJD_after_i": [], "flux_err_after_i": []}