{"name": "J121102.95+402830.3", "flux_err_before_i": [], "mask_before_i": [], "flux_before_i": [], "MJD_before_i": [], "mask_before_r": [48.0, 48.0, 48.0, 48.0, 48.0, 48.0, 48.0, 48.0, 48.0, 48.0, 48.0, 48.0, 48.0, 48.0, 48.0, 48.0, 48.0, 48.0, 48.0, 48.0, 48.0, 48.0, 48.0, 48.0, 48.0, 48.0], "mask_before_g": [48.0, 48.0, 48.0, 48.0, 48.0, 48.0, 48.0, 48.0, 48.0, 48.0, 48.0, 48.0, 48.0, 48.0, 48.0, 48.0, 48.0, 48.0, 48.0, 48.0, 48.0, 48.0, 48.0, 48.0, 48.0, 48.0, 48.0, 48.0], "flux_before_r": [16.71016712064901, 16.688921963444532, 16.69029960713206, 16.71365669579585, 16.70692689567031, 16.852763062748597, 16.710410696144677, 16.66329184661609, 17.020508338365122, 16.666501990264265, 16.699588101913555, 16.70495965270004, 16.68409695780587, 16.68699680451499, 16.708711108468886, 16.668070189873518, 16.694769528936654, 16.680264110579433, 16.68779513663578, 16.677353368197647, 16.670862679695944, 16.706976547065757, 16.722373148691247, 16.692686007898416, 16.705070258686714, 16.713142583852385], "MJD_before_r": [58448.47336809989, 58449.46049770014, 58476.448333300184, 58481.46876160009, 58493.44560190011, 58503.494930599816, 58509.46640049992, 58512.51423610002, 58513.46787039982, 58539.33216439979, 58540.26568289986, 58546.311469899956, 58557.26717589982, 58574.21402780013, 58582.202106500044, 58589.200972199906, 58592.30329860002, 58593.270416699816, 58602.26084489981, 58606.240810200106, 58618.21563659981, 58833.47015050007, 58833.47105319984, 58859.311550899874, 58859.31200229982, 58974.2628008998], "flux_err_before_r": [0.022048186411363274, 0.0213046698844478, 0.02000533676924189, 0.021139207518657995, 0.020011368164670484, 0.05193393725715301, 0.02135356062155361, 0.0592737989132033, 0.2099985397481024, 0.07080547162929834, 0.02137082384774095, 0.021423473414147295, 0.020871074434527844, 0.046121640427592064, 0.02187109198883285, 0.044996019858164656, 0.021069480880730792, 0.020561352000339907, 0.02120821309721796, 0.02141151370051738, 0.020721018367961794, 0.02026266865299294, 0.020234630735459235, 0.02142399345459733, 0.021372441021737184, 0.019930723186444815], "flux_before_g": [17.625221335812782, 17.600347659544127, 17.60656848914069, 17.559511189265244, 17.60408081317431, 17.527100462424336, 17.60627789932645, 17.589576237942318, 17.620298509902508, 17.5836613278788, 17.6118480827223, 17.575654505372395, 17.613044131663777, 17.594484839896758, 17.589845266457502, 17.61381157303841, 17.569955763002703, 17.58799770330959, 17.60937144172764, 17.62926311851252, 17.61900597982241, 17.661804375794507, 17.62263751624593, 17.634851680404417, 17.63895751680942, 17.62577344514921, 17.611604677229465, 17.575756800963994], "MJD_before_g": [58259.16609949991, 58259.166550899856, 58439.51732640015, 58482.5301620001, 58487.47710649995, 58506.49332180014, 58507.50699070003, 58522.45603010012, 58539.26900460012, 58540.390231499914, 58560.22702550003, 58561.24552079989, 58567.40629629977, 58580.244756899774, 58585.197210600134, 58586.29194439994, 58587.22495369986, 58601.24895829987, 58836.56913190009, 58836.569583300035, 58837.5126852002, 58837.513136600144, 58851.5341897998, 58851.53464120021, 58968.26097219996, 58968.26144680008, 58970.23518519988, 58970.2356480998], "flux_err_before_g": [0.027783802336462358, 0.053091157167305884, 0.01270615168350039, 0.010353116848004872, 0.010558907010138506, 0.009838906305468636, 0.010506493583556552, 0.01075912950574564, 0.026993925431973403, 0.010471554829356683, 0.011386909604145925, 0.01120387983001584, 0.011792456762420894, 0.011164019229094995, 0.011203784492629694, 0.011470735592141656, 0.010724299770958177, 0.01085089900311647, 0.010281470093398522, 0.010546100054079468, 0.010586417851443071, 0.01108226141168746, 0.013810253368465565, 0.013847370491124127, 0.010583020725025974, 0.010593903630032516, 0.010305486786475332, 0.010063043737290433], "flux_outl_after_i": [], "MJD_outl_after_i": [], "flux_outl_err_after_i": [], "flux_outl_after_r": [17.020508338365122, 16.852763062748597, 16.66329184661609, 16.666501990264265, 16.68699680451499, 16.668070189873518], "MJD_outl_after_r": [58513.46787039982, 58503.494930599816, 58512.51423610002, 58539.33216439979, 58574.21402780013, 58589.200972199906], "flux_outl_err_after_r": [0.2099985397481024, 0.012772507875393475, 0.014577655833692913, 0.01741372774277001, 0.011343045544006947, 0.011066213122915353], "flux_outl_after_g": [17.625221335812782, 17.600347659544127, 17.589576237942318, 17.620298509902508], "MJD_outl_after_g": [58259.16609949991, 58259.166550899856, 58522.45603010012, 58539.26900460012], "flux_outl_err_after_g": [0.027783802336462358, 0.053091157167305884, 0.018088305460775476, 0.04538233028407921], "mask_after_r": [48.0, 48.0, 48.0, 48.0, 48.0, 48.0, 48.0, 48.0, 48.0, 48.0, 48.0, 48.0, 48.0, 48.0, 48.0, 48.0, 48.0, 48.0, 48.0, 48.0], "mask_after_g": [48.0, 48.0, 48.0, 48.0, 48.0, 48.0, 48.0, 48.0, 48.0, 48.0, 48.0, 48.0, 48.0, 48.0, 48.0, 48.0, 48.0, 48.0, 48.0, 48.0, 48.0, 48.0, 48.0, 48.0], "mask_after_i": [], "flux_after_r": [16.801733989054345, 16.80554700152794, 16.779123613632063, 16.814862958213094, 16.79656702989723, 16.801181120011282, 16.799181696413555, 16.80085531292368, 16.787415249125562, 16.79264320165373, 16.813861683553725, 16.773856950835473, 16.77177993793731, 16.771596977197646, 16.792323138147704, 16.79913380930145, 16.827486412059216, 16.797094137358307, 16.79302733483369, 16.776125406789582], "MJD_after_r": [58448.47336809989, 58449.46049770014, 58476.448333300184, 58481.46876160009, 58493.44560190011, 58509.46640049992, 58540.26568289986, 58546.311469899956, 58557.26717589982, 58582.202106500044, 58592.30329860002, 58593.270416699816, 58602.26084489981, 58606.240810200106, 58618.21563659981, 58833.47015050007, 58833.47105319984, 58859.311550899874, 58859.31200229982, 58974.2628008998], "flux_err_after_r": [0.02149622530997064, 0.01813466253375676, 0.02118772415219443, 0.01906158385936287, 0.013434416931993624, 0.01937802705478279, 0.017373384797242406, 0.015808434288316707, 0.02077962665513977, 0.015427064781723884, 0.024032957587121324, 0.019522230081424022, 0.014933651640938775, 0.014469552522059403, 0.01866475643849036, 0.02536908586035213, 0.024483710061303645, 0.022412482419251166, 0.02177157160091782, 0.02066334192892268], "flux_after_g": [17.587982417226062, 17.540055563195736, 17.53680954586809, 17.535988412771825, 17.566773144446145, 17.55229535875778, 17.633092073396256, 17.575108633236077, 17.602345953443514, 17.5460848175462, 17.555809157277313, 17.586623955984955, 17.538048899417106, 17.524894081946538, 17.55845599642764, 17.581146886903827, 17.57858954746552, 17.614616880639243, 17.548137725834238, 17.55778045649828, 17.52657263492926, 17.48321532895169, 17.560558291194248, 17.534674288970397], "MJD_after_g": [58439.51732640015, 58482.5301620001, 58487.47710649995, 58506.49332180014, 58507.50699070003, 58540.390231499914, 58560.22702550003, 58561.24552079989, 58567.40629629977, 58580.244756899774, 58585.197210600134, 58586.29194439994, 58587.22495369986, 58601.24895829987, 58836.56913190009, 58836.569583300035, 58837.5126852002, 58837.513136600144, 58851.5341897998, 58851.53464120021, 58968.26097219996, 58968.26144680008, 58970.23518519988, 58970.2356480998], "flux_err_after_g": [0.02105998814291161, 0.020354621270211353, 0.01856438263731983, 0.020688635169365192, 0.02270240676619176, 0.017636606215568968, 0.02224927401503261, 0.03135987311855167, 0.022004082492033505, 0.018564817319347535, 0.01985972549610321, 0.022261476900735565, 0.023332981283475523, 0.01888011174345467, 0.021959691987830276, 0.02450143820846628, 0.023188989295585456, 0.023223924929061848, 0.025202029060643012, 0.023019283712965986, 0.02243343596093988, 0.017621142094684746, 0.01962438837790323, 0.022562572324542937], "flux_after_i": [], "MJD_after_i": [], "flux_err_after_i": []}