{"name": "J122830.14+352052.8", "flux_err_before_i": [], "mask_before_i": [], "flux_before_i": [], "MJD_before_i": [], "mask_before_r": [26.0, 26.0, 26.0, 26.0, 26.0, 26.0, 26.0, 26.0, 26.0, 26.0, 26.0, 26.0, 26.0, 26.0, 26.0, 26.0, 26.0, 26.0, 26.0, 26.0, 26.0, 26.0, 26.0, 26.0], "mask_before_g": [26.0, 26.0, 26.0, 26.0, 26.0, 26.0, 26.0, 26.0, 26.0, 26.0, 26.0, 26.0, 26.0, 26.0, 26.0, 26.0, 26.0, 26.0], "flux_before_r": [18.982468114646917, 18.980484414214487, 18.937913042544594, 18.863935816074815, 18.921901688211094, 18.926686075287677, 18.88540464460385, 18.86708809354196, 18.889283207895293, 18.90449114187968, 18.93239382414785, 18.93233486773657, 18.933375151885773, 18.895083680576096, 18.83615662840859, 18.941593875706065, 18.97178746255991, 18.83777027900024, 18.81999092331518, 18.79721802358491, 19.188363965048072, 18.96396328720467, 18.911304694366002, 18.936870241879845], "MJD_before_r": [58284.18107639998, 58284.18152779993, 58449.463784699794, 58476.452094899956, 58481.4697106001, 58493.46362269996, 58512.51469910005, 58513.46267359983, 58540.270868100226, 58546.31100689992, 58558.21347220009, 58574.227557899896, 58580.34980319999, 58582.20578699978, 58593.32035879977, 58602.26130789984, 58606.23797449982, 58618.21609950019, 58833.49600689998, 58859.370463000145, 58859.37091440009, 58956.28145830007, 58956.28190970002, 58976.28201390011], "flux_err_before_r": [0.02446413497094641, 0.026697215207623824, 0.054945855530708854, 0.044095414179648185, 0.028608322664061596, 0.0037156810704518854, 0.05794318853053427, 0.04040673355341652, 0.004183283359299415, 0.0036438125578730158, 0.062369380270546185, 0.2567060188131695, 0.003885742886110466, 0.003992063787361767, 0.050992137494319675, 0.004450015770777938, 0.004138462124482808, 0.04768270721607937, 0.06848688676953976, 0.09025426330376998, 0.14196651153900303, 0.0040215114977502475, 0.003836417625447092, 0.058068489956755065], "flux_before_g": [19.3609464086787, 19.46455700301867, 19.450697291216358, 19.35589037440397, 19.294145579113415, 19.44878487441531, 19.337875105299233, 19.263015120103542, 19.260315570194745, 19.418285832666193, 19.427700268711234, 19.434589700702045, 19.305585337733767, 19.344994073825873, 19.372311071406674, 19.418366496347687, 19.36966450185686, 19.485235194130517], "MJD_before_g": [58206.33327550022, 58246.290659700055, 58246.2911111, 58439.52146989992, 58482.52969910018, 58487.47756939987, 58506.497511600144, 58507.50270830002, 58522.450405099895, 58540.387858800124, 58561.28758100001, 58567.4058333002, 58585.22797450004, 58587.224490699824, 58851.5292014, 58851.529652799945, 58968.260034699924, 58968.260509300046], "flux_err_before_g": [0.09373389899274695, 0.04949892482381005, 0.0530736053007239, 0.03356250843362474, 0.048434697418813004, 0.036593781395342764, 0.14379397606318503, 0.14858281059189868, 0.03771850038584753, 0.03765922544288795, 0.16544055273791575, 0.11195152998612537, 0.04219108276425213, 0.06163896041293631, 0.08480176413132909, 0.09601346752150529, 0.03944920294947866, 0.038041523950567833], "flux_outl_after_i": [], "MJD_outl_after_i": [], "flux_outl_err_after_i": [], "flux_outl_after_r": [18.88540464460385, 18.86708809354196, 18.93239382414785, 18.93233486773657], "MJD_outl_after_r": [58512.51469910005, 58513.46267359983, 58558.21347220009, 58574.227557899896], "flux_outl_err_after_r": [0.05794318853053427, 0.04040673355341652, 0.062369380270546185, 0.2567060188131695], "flux_outl_after_g": [], "MJD_outl_after_g": [], "flux_outl_err_after_g": [], "mask_after_r": [26.0, 26.0, 26.0, 26.0, 26.0, 26.0, 26.0, 26.0, 26.0, 26.0, 26.0, 26.0, 26.0, 26.0, 26.0, 26.0, 26.0, 26.0, 26.0, 26.0], "mask_after_g": [26.0, 26.0, 26.0, 26.0, 26.0, 26.0, 26.0, 26.0, 26.0, 26.0, 26.0, 26.0, 26.0, 26.0, 26.0, 26.0, 26.0, 26.0], "mask_after_i": [], "flux_after_r": [19.007017738443633, 19.01537568729712, 18.991813705473533, 18.935527429321233, 18.98210187269742, 18.982661673859255, 18.938114227466116, 18.959584830606776, 18.98566357761075, 18.945825612633257, 18.896289202631277, 18.974745752239205, 19.02484690877718, 18.89644398364164, 18.878964680922497, 18.844961636701097, 19.25314382187548, 18.991033370870568, 18.95692357320269, 19.015910266746737], "MJD_after_r": [58284.18107639998, 58284.18152779993, 58449.463784699794, 58476.452094899956, 58481.4697106001, 58493.46362269996, 58540.270868100226, 58546.31100689992, 58580.34980319999, 58582.20578699978, 58593.32035879977, 58602.26130789984, 58606.23797449982, 58618.21609950019, 58833.49600689998, 58859.370463000145, 58859.37091440009, 58956.28145830007, 58956.28190970002, 58976.28201390011], "flux_err_after_r": [0.027812976391491037, 0.03071462134620814, 0.05746972487302687, 0.04727901615585069, 0.03257188125527522, 0.008441563589658715, 0.010708797382829816, 0.010763478966936336, 0.009903316165907193, 0.009538344009579496, 0.053656363905901665, 0.010730571846221499, 0.008999388179509042, 0.05087039941181896, 0.07111583642192627, 0.09242453673717507, 0.1439615454912203, 0.010287796612603518, 0.010108775009200667, 0.06115204044973565], "flux_after_g": [19.335962966146894, 19.260798444867454, 19.421809814951164, 19.312201065893642, 19.24191146283009, 19.238185435795987, 19.397855026740924, 19.443809223071057, 19.424976921779034, 19.275039036624314, 19.336660664751765, 19.345007833750316, 19.37917425545134, 19.33783953990611, 19.444702682474123], "MJD_after_g": [58439.52146989992, 58482.52969910018, 58487.47756939987, 58506.497511600144, 58507.50270830002, 58522.450405099895, 58540.387858800124, 58561.28758100001, 58567.4058333002, 58585.22797450004, 58587.224490699824, 58851.5292014, 58851.529652799945, 58968.260034699924, 58968.260509300046], "flux_err_after_g": [0.03695188204855408, 0.05212860885318953, 0.03940361561968124, 0.14553130774391035, 0.1489553815098028, 0.03965146913049591, 0.04006418407255963, 0.16603511088239362, 0.11414263483905719, 0.04564121465927667, 0.0650869063138709, 0.0869561875302297, 0.09796355731056629, 0.041910422800471366, 0.041404636500376915], "flux_after_i": [], "MJD_after_i": [], "flux_err_after_i": []}