{"name": "J122456.10+023813.4", "flux_err_before_i": [], "mask_before_i": [], "flux_before_i": [], "MJD_before_i": [], "mask_before_r": [3.0, 3.0, 3.0, 3.0, 3.0, 3.0, 3.0, 3.0, 3.0, 3.0, 3.0, 3.0, 3.0, 3.0, 3.0, 3.0, 3.0, 3.0, 3.0, 3.0, 3.0, 3.0, 3.0, 3.0, 3.0, 3.0, 3.0, 3.0, 3.0, 3.0, 3.0, 3.0, 3.0, 3.0, 3.0, 3.0, 3.0, 3.0, 3.0, 3.0, 3.0, 3.0, 3.0, 3.0, 3.0, 3.0, 3.0, 3.0, 3.0, 3.0, 3.0, 3.0, 3.0, 3.0, 3.0, 3.0, 3.0, 3.0, 3.0], "mask_before_g": [3.0, 3.0, 3.0, 3.0, 3.0, 3.0, 3.0, 3.0, 3.0, 3.0, 3.0, 3.0, 3.0, 3.0, 3.0, 3.0, 3.0, 3.0, 3.0, 3.0, 3.0, 3.0, 3.0, 3.0, 3.0, 3.0, 3.0, 3.0, 3.0, 3.0, 3.0, 3.0, 3.0, 3.0, 3.0, 3.0, 3.0, 3.0, 3.0, 3.0, 3.0, 3.0, 3.0, 3.0, 3.0, 3.0, 3.0], "flux_before_r": [17.04091667822029, 16.947544239959818, 17.043317574181312, 17.000566955594792, 17.01235004753971, 16.98253505419607, 16.983900980947904, 17.003575242186265, 16.991562104221998, 16.95987017637356, 16.96998154754407, 16.916024110808003, 17.014699837909806, 16.990860807264127, 16.99472896798317, 16.989050825566096, 16.95260745001457, 17.004253898306708, 17.008866936641503, 16.99654230201353, 16.983912009314917, 17.009421412579933, 16.998208741951544, 16.909364060727356, 16.997934721704905, 16.996727108180412, 16.94573044806402, 16.98399088987493, 16.978981059433558, 16.988471647754675, 16.971991079468438, 16.93398877385214, 17.00939631313861, 17.004536542975174, 16.99594629502033, 16.974047000080517, 17.003826490551184, 17.013316075444266, 17.001374105978574, 17.012830079759176, 17.019507163223004, 16.984806186336694, 16.99636997119491, 16.983637768458685, 16.995157104500027, 16.973641142215516, 17.00524704042042, 16.999204865812946, 17.027307994326755, 17.006226795245716, 16.956731627760178, 16.972861016918905, 17.007973901061597, 17.024443967531354, 17.000531915686317, 16.975358875563376, 16.978637961827815, 16.960477592873552, 16.992560308400503], "MJD_before_r": [58199.30342590017, 58214.23870369978, 58214.24243059987, 58217.27936339984, 58217.280277799815, 58217.30437499983, 58217.30530089978, 58218.27667819988, 58218.30256940005, 58219.24444440007, 58219.30398150021, 58221.255034700036, 58224.26240740018, 58224.26331020007, 58224.27954859985, 58224.281377300154, 58227.271261599846, 58233.17244210001, 58233.17335649999, 58242.271562499925, 58243.168807900045, 58244.16936339997, 58245.168182900175, 58245.18870369997, 58247.23237269977, 58249.231608800124, 58249.23253470007, 58250.214004599955, 58257.2105556, 58257.21146989986, 58258.20909720007, 58259.24907410005, 58267.29354170011, 58267.294455999974, 58269.18836810021, 58271.187905100174, 58274.19564810023, 58274.196562500205, 58277.232847199775, 58277.24589119991, 58278.23292820016, 58280.17263890011, 58280.17358799977, 58281.19215280004, 58283.19130790001, 58283.19452549983, 58284.20861109998, 58293.2369328998, 58296.23499999987, 58437.547546300106, 58448.5170948999, 58465.50375000015, 58486.50199070014, 58538.35809030011, 59266.36018519988, 59268.35158560006, 59270.354849500116, 59272.44189810008, 59275.38327550003], "flux_err_before_r": [0.0381573856823003, 0.024191880940750136, 0.03424041108866598, 0.013634484505444647, 0.01361795703071252, 0.013902918028087638, 0.01426173402738439, 0.015114787206964308, 0.013895583304340629, 0.015870843568631866, 0.030130376568036323, 0.015286272062044257, 0.01553144544900078, 0.015088159394199926, 0.013807133615961911, 0.014571768757339173, 0.016827318714957924, 0.013190871808627505, 0.013113502855016378, 0.013118037295189785, 0.013132177500151469, 0.013366586263162028, 0.013743439572379402, 0.031742239546354925, 0.013061282690505379, 0.016778100201865966, 0.018192991629862904, 0.012822369757302804, 0.013319390881358412, 0.013493375291939383, 0.013605934386154395, 0.06450964394443708, 0.01410491475358905, 0.01412233657274839, 0.013174994982495117, 0.013349676464830375, 0.01251591303066529, 0.012625784449126107, 0.012487674869826328, 0.01262013417824982, 0.012697984884800374, 0.012298564270018367, 0.012430251877623482, 0.012285336256625942, 0.012416373901729323, 0.012172741441661252, 0.012532299252959546, 0.013948704913115527, 0.014297336481077422, 0.013676742131441426, 0.013353176565048789, 0.01302435866293182, 0.013140185642329601, 0.02387753704318893, 0.012177123390540485, 0.011702414875400085, 0.011918651609032311, 0.011526115776538354, 0.011686273977003659], "flux_before_g": [17.88768864052419, 17.87199536675047, 17.86448395234131, 17.889525728779148, 17.816797905652777, 17.788401523249405, 17.830098091372875, 17.91581024202481, 17.882676264032995, 17.85478104241831, 17.854535100216502, 17.892865633590645, 17.9441917659632, 17.84686075876239, 17.878164337349894, 17.840180760981582, 17.876684343745893, 17.791340970195, 17.891191603384723, 17.862983026597135, 17.849801983912997, 17.860275414156135, 18.12527202912495, 17.876050556952165, 17.86823928659162, 17.87953426264618, 17.874359640316154, 17.825515868636316, 17.82823647862898, 17.873340495220937, 17.868212131810658, 17.878012888409813, 17.870254975653737, 17.863105019153714, 17.874057966049868, 17.824531992868085, 17.823654261856884, 17.89060528434861, 17.8838590923529, 17.914698132574166, 17.87241962005853, 17.965177116824123, 17.851502137523617, 17.80341419081854, 17.88064442510113, 17.81452847761686, 17.868397247311236], "MJD_before_g": [58204.30090280017, 58204.31700230017, 58210.30146990018, 58211.34530089982, 58214.279872700106, 58214.28078699997, 58216.26247690013, 58229.25953700021, 58229.26045140019, 58230.315624999814, 58233.231655099895, 58233.23356480012, 58237.169108800124, 58237.25116899982, 58238.189351900015, 58242.22833329998, 58244.227870400064, 58245.23054399993, 58245.23145829979, 58247.19158559991, 58249.18934029993, 58249.19025459979, 58259.1849421002, 58267.20945600001, 58272.189699099865, 58274.22790510021, 58275.21125000017, 58277.19065969996, 58277.1915972, 58278.19064809987, 58280.211678199936, 58283.23415509984, 58284.21192129981, 58286.21591439983, 58293.17511569988, 58437.51996529987, 58442.505659699906, 58465.54406249989, 58465.544976899866, 58505.45518520009, 58505.45609949995, 58538.31626159977, 58539.27549770009, 59268.43604170019, 59270.400381899904, 59272.40667819977, 59275.443368100096], "flux_err_before_g": [0.015305654830308883, 0.014905090094268677, 0.02698141488008451, 0.01582073843167411, 0.03442671791536586, 0.029578562796544545, 0.015795584287410524, 0.015576165592774364, 0.015026123859918247, 0.015438634147004585, 0.014974436856811131, 0.01570661911429787, 0.03637458358641401, 0.01491285387099223, 0.054850566405499505, 0.014999913795589261, 0.020791709388509102, 0.06261087333004922, 0.24796583010279574, 0.015087235501013164, 0.016310123606056597, 0.01603712906774876, 0.3545780640432556, 0.01626584694928432, 0.01590860773589092, 0.016162560510802546, 0.01571231998027318, 0.016292315299201193, 0.016216273118203183, 0.016467689012217603, 0.01565097189290734, 0.016030298674390014, 0.016820482482614387, 0.0160434759077927, 0.01591474356486054, 0.018218359006758784, 0.04031978090580473, 0.015609125503285793, 0.015535316149052214, 0.01574329784264153, 0.015216133390599238, 0.034706219208758236, 0.053115015651967815, 0.013019135141910722, 0.014269022698825972, 0.013066156324855216, 0.013947467487293782], "flux_outl_after_i": [], "MJD_outl_after_i": [], "flux_outl_err_after_i": [], "flux_outl_after_r": [16.96998154754407, 16.916024110808003, 16.98399088987493, 16.93398877385214, 17.04091667822029, 17.043317574181312, 16.909364060727356, 16.960477592873552], "MJD_outl_after_r": [58219.30398150021, 58221.255034700036, 58250.214004599955, 58259.24907410005, 58199.30342590017, 58214.24243059987, 58245.18870369997, 59272.44189810008], "flux_outl_err_after_r": [0.03588190778643464, 0.01820423994005102, 0.01527000793356141, 0.06450964394443708, 0.04544117765445349, 0.040776499108095915, 0.03780145627338425, 0.013726314455301638], "flux_outl_after_g": [], "MJD_outl_after_g": [], "flux_outl_err_after_g": [],