{"name": "J123243.67+530052.7", "flux_err_before_i": [], "mask_before_i": [], "flux_before_i": [], "MJD_before_i": [], "mask_before_r": [36.0, 36.0, 36.0, 36.0, 36.0, 36.0, 36.0, 36.0, 36.0, 36.0, 36.0, 36.0, 36.0, 36.0, 36.0, 36.0, 36.0, 36.0, 36.0, 36.0, 36.0, 36.0, 36.0, 36.0, 36.0, 36.0, 36.0, 36.0, 36.0, 36.0, 36.0, 36.0, 36.0], "mask_before_g": [36.0, 36.0, 36.0, 36.0, 36.0, 36.0, 36.0, 36.0, 36.0, 36.0, 36.0, 36.0, 36.0, 36.0, 36.0, 36.0, 36.0, 36.0, 36.0, 36.0, 36.0, 36.0, 36.0, 36.0, 36.0, 36.0], "flux_before_r": [17.95233801455925, 17.882384990470467, 17.90721387625606, 17.894495317409245, 17.927352376478858, 17.93162107948541, 17.938073821269292, 18.261172611247645, 18.030931066473926, 17.907625926544505, 17.923373823436194, 18.04458960424552, 17.914406494884133, 17.91351142418593, 17.980037067672015, 17.97060414103743, 17.91648004637291, 17.92508216700671, 17.901937280887722, 17.896632178216734, 17.903418982464405, 17.850456150829302, 17.863170939584716, 17.91659225945415, 17.8933742101865, 17.87975757486352, 17.975599790035304, 17.92239986289326, 17.894825315647417, 17.85797839330911, 17.870556562291565, 17.87615025246998, 17.881949359272475], "MJD_before_r": [58448.47711810004, 58449.46287039993, 58476.45347219985, 58481.46784720011, 58493.462245400064, 58503.49584490014, 58509.46549770003, 58513.46504630009, 58534.352314800024, 58540.2670948999, 58558.213958300184, 58574.23880789988, 58580.351678200066, 58582.22715280019, 58589.20190969994, 58592.30467589991, 58593.28680559993, 58602.2626852002, 58606.236585599836, 58608.26064810017, 58618.21049770014, 58833.455613399856, 58833.4560647998, 58852.57701390004, 58852.57746529998, 58859.3129166998, 58859.37317130016, 58956.28508100007, 58956.290057899896, 58971.16560189985, 58971.16606480023, 58976.26668980019, 58976.26716439985], "flux_err_before_r": [0.017563910863730194, 0.01662493725064846, 0.015878576622744774, 0.015885619121056734, 0.0162161207348502, 0.09560484979292734, 0.017373029099617757, 0.2501726770395149, 0.01844923849975111, 0.01826822656731213, 0.017115734771490775, 0.18976255792305274, 0.01666359172981876, 0.017206422720096287, 0.03270550396586006, 0.01763305958223436, 0.0167262289494258, 0.01952894963541814, 0.017141977903120695, 0.017489560248748263, 0.01694390904872112, 0.01517289592591971, 0.015296581833001734, 0.015310977643976145, 0.01512570766986722, 0.016463002666518636, 0.017048490605194547, 0.016424265761155382, 0.01636575874823132, 0.0146486423559008, 0.014963343422213215, 0.015007422855350522, 0.01427137317026049], "flux_before_g": [18.540526102629116, 18.541272127262822, 18.47538027098485, 18.66768082476219, 18.64359718488263, 18.579413356668226, 18.663073686489263, 18.67392235824285, 18.601567178242476, 18.58737409369636, 18.551747919064933, 18.531872039671, 18.58004855516223, 18.591731364791062, 18.610749224527428, 18.59588165920097, 18.55332173030718, 18.410498272151308, 18.595682565097523, 18.585613246685963, 18.630581628378827, 18.602057410318892, 18.560344756298438, 18.556957285735013, 18.52274863179823, 18.596700836577646], "MJD_before_g": [58206.332094899844, 58237.24450229993, 58237.244965299964, 58439.51824070001, 58482.53158560023, 58487.478483799845, 58506.495208300184, 58507.50318290014, 58539.2699190001, 58540.39071760001, 58560.227928199805, 58561.28435190022, 58567.45592590002, 58580.246157399844, 58585.22935190005, 58587.2263656999, 58833.55209490005, 58833.552546299994, 58836.5705093001, 58836.57096059993, 58851.53555560019, 58851.536006900016, 58968.2567592999, 58968.2572337999, 58972.24855320016, 58975.286863400135], "flux_err_before_g": [0.019403805582148676, 0.02014583740042799, 0.01895608213859455, 0.027123691952054312, 0.02224719940284527, 0.021068897783500885, 0.022089503175341696, 0.022550979843021613, 0.06577537681771996, 0.021233721210300645, 0.021268440230944846, 0.021128335736756182, 0.023596951262822453, 0.022770313993081902, 0.02281897661504975, 0.022895447540385038, 0.020048651449682483, 0.017424317752315715, 0.020571667657103814, 0.020289987157754017, 0.027709527789004634, 0.027358950748475087, 0.02006755102887584, 0.020117749112155827, 0.01923162252719917, 0.020779582049059282], "flux_outl_after_i": [], "MJD_outl_after_i": [], "flux_outl_err_after_i": [], "flux_outl_after_r": [17.93162107948541, 18.030931066473926, 18.261172611247645, 18.04458960424552, 17.980037067672015], "MJD_outl_after_r": [58503.49584490014, 58534.352314800024, 58513.46504630009, 58574.23880789988, 58589.20190969994], "flux_outl_err_after_r": [0.09560484979292734, 0.017018502791893653, 0.2501726770395149, 0.18976255792305274, 0.030169196986682526], "flux_outl_after_g": [18.601567178242476], "MJD_outl_after_g": [58539.2699190001], "flux_outl_err_after_g": [0.2700950200460172], "mask_after_r": [36.0, 36.0, 36.0, 36.0, 36.0, 36.0, 36.0, 36.0, 36.0, 36.0, 36.0, 36.0, 36.0, 36.0, 36.0, 36.0, 36.0, 36.0, 36.0, 36.0, 36.0, 36.0, 36.0, 36.0, 36.0, 36.0, 36.0, 36.0], "mask_after_g": [36.0, 36.0, 36.0, 36.0, 36.0, 36.0, 36.0, 36.0, 36.0, 36.0, 36.0, 36.0, 36.0, 36.0, 36.0, 36.0, 36.0, 36.0, 36.0, 36.0, 36.0, 36.0, 36.0, 36.0, 36.0], "mask_after_i": [], "flux_after_r": [18.012123140736573, 17.9653327250652, 17.98555361503599, 17.974221421032386, 17.984470332118207, 18.021762291492585, 17.960737021929617, 18.02360589242096, 17.990274415201498, 17.998491587142247, 18.02254328266453, 17.993612017761585, 17.992571532964583, 17.974514645747462, 17.964248602208393, 17.99766243809241, 17.924167368709725, 17.942282681159497, 17.97571662545181, 17.95493738876652, 17.9486068916442, 18.04367935056411, 17.978361344001314, 17.95652621583028, 17.93623125221754, 17.937177656564895, 17.9495412359277, 17.958871044834385], "MJD_after_r": [58448.47711810004, 58449.46287039993, 58476.45347219985, 58481.46784720011, 58493.462245400064, 58509.46549770003, 58540.2670948999, 58558.213958300184, 58580.351678200066, 58582.22715280019, 58592.30467589991, 58593.28680559993, 58602.2626852002, 58606.236585599836, 58608.26064810017, 58618.21049770014, 58833.455613399856, 58833.4560647998, 58852.57701390004, 58852.57746529998, 58859.3129166998, 58859.37317130016, 58956.28508100007, 58956.290057899896, 58971.16560189985, 58971.16606480023, 58976.26668980019, 58976.26716439985], "flux_err_after_r": [0.02218345168694303, 0.018134940474184263, 0.018489734637379594, 0.01628888766550788, 0.014172374914752144, 0.022090788148601975, 0.017016492956756203, 0.020872902555182003, 0.01543086236475705, 0.0153709974410349, 0.022816273885848535, 0.021525049570442895, 0.016436048120575295, 0.015053902861564744, 0.016125628099542114, 0.018441221612166832, 0.02170822579937848, 0.02218944458572588, 0.017637529502203084, 0.018553898896180036, 0.019584428715847733, 0.019647230417603162, 0.015900805058000164, 0.015333723430451968, 0.015522827760396513, 0.01700116734332779, 0.018404906658857637, 0.01742229506792334], "flux_after_g": [18.62553014556485, 18.59993437904391, 18.54448125386315, 18.63021308458605, 18.63110985197334, 18.537929635352707, 18.54000105359649, 18.506786849458678, 18.514260284537535, 18.55922623587665, 18.567537050628733, 18.570331000498527, 18.5276803155588, 18.397657307829583, 18.56682574679315, 18.57874269116902, 18.589609349328224, 18.575917080208413, 18.519688358718437, 18.52830381334557, 18.49571699935916, 18.561152569020987], "MJD_after_g": [58439.51824070001, 58482.53158560023, 58487.478483799845, 58506.495208300184, 58507.50318290014, 58540.39071760001, 58560.227928199805, 58561.28435190022, 58567.45592590002, 58580.246157399844, 58585.22935190005, 58587.2263656999, 58833.55209490005, 58833.552546299994, 58836.5705093001, 58836.57096059993, 58851.53555560019, 58851.536006900016, 58968.2567592999, 58968.2572337999, 58972.24855320016, 58975.286863400135],