{"name": "J123346.06+255125.1", "flux_err_before_i": [], "mask_before_i": [], "flux_before_i": [], "MJD_before_i": [], "mask_before_r": [47.0, 60.0, 47.0, 60.0, 47.0, 60.0, 47.0, 60.0, 47.0, 60.0, 47.0, 60.0, 60.0, 47.0, 47.0, 60.0, 47.0, 60.0, 47.0, 60.0, 60.0, 47.0, 47.0, 60.0, 60.0, 47.0, 60.0, 47.0, 60.0, 60.0, 47.0, 60.0, 47.0, 60.0, 60.0, 60.0, 60.0, 47.0, 47.0, 47.0, 47.0, 60.0, 60.0, 60.0, 47.0, 47.0, 60.0, 60.0, 47.0, 47.0, 60.0, 60.0, 47.0, 47.0, 60.0], "mask_before_g": [47.0, 47.0, 60.0, 60.0, 47.0, 47.0, 60.0, 60.0, 47.0, 47.0, 47.0, 60.0, 47.0, 60.0, 60.0, 47.0, 60.0, 60.0, 60.0, 47.0, 60.0, 47.0, 60.0, 47.0, 60.0, 47.0, 60.0, 47.0, 60.0, 60.0, 60.0, 47.0, 60.0, 60.0, 60.0, 60.0, 60.0, 47.0, 47.0, 60.0, 47.0, 47.0], "flux_before_r": [18.5624332312944, 18.6480276524179, 18.62741933323135, 18.7448945196546, 18.586419542511024, 18.691417497664983, 18.613447466249895, 18.63791982565625, 18.71171810347112, 18.62387447361503, 18.627202711319644, 19.030355213195953, 18.62689391941311, 18.539396060585617, 18.725648688178968, 18.74836015064055, 18.631482234422094, 18.726203942907595, 18.524902696135868, 18.637796072889177, 18.6610774272911, 18.640217518616602, 18.57783646721989, 18.628264455645642, 18.549016945223123, 18.78042618498979, 18.611256681810673, 18.60976526719586, 18.644925843664964, 18.622603226811613, 18.66054808157768, 18.580897982274106, 18.609944118796022, 18.6038156358233, 18.640117012202325, 18.63229605434894, 18.74311447785606, 18.45861621127609, 18.741170943349523, 18.65433462711625, 18.453463164540608, 18.867780397487408, 18.99923143784762, 18.564799285357363, 18.719954761183715, 18.710272028630015, 18.673690734570933, 18.62085579377689, 18.649434186340557, 18.675261262802458, 18.6420569753463, 18.67569668788869, 18.602483865880064, 18.729293371896418, 18.6428642571754], "MJD_before_r": [58449.483692099806, 58449.49025460007, 58476.46214119997, 58476.46305559995, 58481.50921300007, 58481.509675899986, 58493.46501159994, 58493.476458299905, 58503.47591440007, 58503.47684030002, 58513.456168999895, 58513.45756939985, 58524.45488430001, 58538.37416670006, 58540.28355319984, 58540.28956020018, 58557.26622689981, 58557.26668980019, 58558.2200230998, 58558.22917820001, 58580.347048600204, 58580.347951400094, 58582.22482640017, 58582.22527780011, 58589.241782399826, 58593.27975689992, 58593.312893500086, 58597.24781250022, 58597.24918980012, 58602.25490739988, 58606.206168999895, 58606.20798610011, 58618.2660416998, 58618.26649310021, 58632.16151619982, 58633.16203700006, 58633.162488400005, 58833.493263899814, 58833.49416670017, 58838.56848380016, 58838.56892360002, 58838.57258100016, 58838.573032400105, 58894.49950229982, 58955.28300930001, 58955.283460599836, 58955.28752310015, 58955.2879745001, 58956.26624999987, 58956.266701399814, 58964.26762730023, 58964.268078700174, 58964.27127309982, 58976.28011569986, 58978.2886806], "flux_err_before_r": [0.1253474358220515, 0.15426764771718948, 0.02780433346785013, 0.03303449041294606, 0.004174213400775305, 0.022057772698922118, 0.004181632066806643, 0.004346050428379842, 0.11868121753356256, 0.1571681138369163, 0.02880978302514523, 0.32232555240327043, 0.0046409233834269325, 0.1865229659558753, 0.10237588636816182, 0.04574383336012047, 0.04177402379118582, 0.04218357221844631, 0.06584267315755182, 0.08058385809040611, 0.004744143334895806, 0.0044399066434303676, 0.004253842616692865, 0.00456869970385466, 0.0878982212071071, 0.05740411343173174, 0.0450233353951332, 0.004355047918109846, 0.004682277709356708, 0.015734770053922275, 0.004780860411367658, 0.004507399206426618, 0.08466986465182356, 0.08098889527369353, 0.022036960980692865, 0.013071126809996841, 0.0146838464967287, 0.07259286567518998, 0.0948424763482079, 0.18450351678954383, 0.14835511731769935, 0.2694135482115846, 0.34523253942795346, 0.004258493079528079, 0.004609233773544005, 0.004533521111121851, 0.004418177145717171, 0.004177814457890478, 0.00429675415414649, 0.004459347700434295, 0.00427946640234343, 0.004146536629057539, 0.004088842455275329, 0.06120764632548179, 0.038337157741409264], "flux_before_g": [19.101597264031348, 18.990193661445687, 19.15263631815392, 18.84895901872545, 19.05525022430389, 19.190397944994956, 19.16531143041115, 19.03023521147313, 19.056239852460973, 19.057428753151633, 19.198451865504357, 19.210725458670794, 19.213815281219517, 19.15095682370374, 19.24343425299668, 19.621973794431874, 19.315107307629017, 19.040725504199376, 19.0952610418957, 19.20575523214683, 19.142798836527696, 19.029282759586167, 19.222909817810756, 19.075256354661658, 19.173771221649687, 19.106518740221578, 19.160072989735408, 19.205346714883923, 19.15718977847652, 19.37071206097493, 19.08858056475912, 19.279059789664256, 19.089646336936816, 19.289791033826383, 19.11538596549664, 19.272009043980397, 19.209803883752805, 19.240920651049002, 19.182631069656466, 19.127372498454235, 19.095801380031148, 19.217200137773997], "MJD_before_g": [58234.24626159994, 58234.246724499855, 58234.249027799815, 58234.249479200225, 58235.22622689977, 58235.226678200066, 58235.228090300225, 58235.22854170017, 58439.53844910022, 58482.503020800184, 58492.537708300166, 58492.541828699876, 58493.55597219989, 58493.55871530017, 58503.5400231001, 58506.51586809987, 58506.51861110004, 58507.486527800094, 58522.43469909998, 58540.41027780017, 58540.43611110002, 58561.28987269988, 58561.29032409983, 58567.4462731001, 58567.44673610013, 58580.24274310004, 58580.24319439987, 58585.22662039986, 58585.2270717998, 58833.56714119995, 58833.567592599895, 58837.52084490005, 58850.5764583, 58850.57690969994, 58939.31200229982, 58939.31245370023, 58963.31219909992, 58967.2261458002, 58967.22659720015, 58967.25031250017, 58971.27024309989, 58971.270717599895], "flux_err_before_g": [0.14511014965001967, 0.1436277532434028, 0.16823118287285474, 0.13514651960264773, 0.09922339055251342, 0.10881772428038788, 0.13204369138797056, 0.10228448331991166, 0.049035356007424105, 0.027362091766456945, 0.0049161726014310195, 0.016345101557273943, 0.004642292366481493, 0.004530530989246657, 0.14451644030268146, 0.23522823539859652, 0.2064632890384546, 0.12031800396160945, 0.02634995806257783, 0.011048686427500757, 0.019166420263441713, 0.13705520411286717, 0.17778653268945302, 0.08511784263197171, 0.09777579175133777, 0.004537053202940044, 0.016670098562186056, 0.03577211739256715, 0.03565589714568869, 0.17325356122714483, 0.14141452662678247, 0.07605151968560621, 0.06321543000293092, 0.08180715863912627, 0.07211333333123023, 0.07965759118107135, 0.01717208307895742, 0.004857073061472739, 0.004601917235890953, 0.008879573717001647, 0.05256517385067286, 0.0640950626133705], "flux_outl_after_i": [], "MJD_outl_after_i": [], "flux_outl_err_after_i": [], "flux_outl_after_r": [19.030355213195953, 18.539396060585617, 18.637796072889177, 18.622603226811613, 18.609944118796022, 18.5624332312944, 18.6480276524179, 18.627202711319644, 18.725648688178968, 18.65433462711625, 18.453463164540608, 18.867780397487408, 18.99923143784762], "MJD_outl_after_r": [58513.45756939985, 58538.37416670006, 58558.22917820001, 58602.25490739988, 58618.2660416998, 58449.483692099806, 58449.49025460007, 58513.456168999895, 58540.28355319984, 58838.56848380016, 58838.56892360002, 58838.57258100016, 58838.573032400105], "flux_outl_err_after_r": [0.32232555240327043, 0.1865229659558753, 0.08058385809040611, 0.015734770053922275, 0.08466986465182356, 0.1253474358220515, 0.15426764771718948, 0.02880978302514523, 0.10237588636816182, 0.18450351678954383, 0.14835511731769935, 0.2694135482115846, 0.34523253942795346], "flux_outl_after_g": [19.08858056475912], "MJD_outl_after_g": [58833.567592599895], "flux_outl_err_after_g": [0.14141452662678247], "mask_after_r": [60.0, 60.0, 60.0, 60.0, 60.0, 60.0, 60.0, 60.0, 60.0, 60.0, 60.0, 60.0, 60.0, 60.0, 60.0, 60.0, 60.0, 60.0, 60.0, 60.0, 60.0, 60.0, 60.0, 47.0, 47.0, 47.0, 47.0, 47.0, 47.0, 47.0, 47.0, 47.0, 47.0, 47.0, 47.0, 47.0, 47.0, 47.0, 47.0, 47.0, 47.0, 47.0],