{"name": "J123152.82+001033.7", "flux_err_before_i": [], "mask_before_i": [], "flux_before_i": [], "MJD_before_i": [], "mask_before_r": [50.0, 50.0, 50.0, 50.0, 50.0, 50.0, 50.0, 50.0, 50.0, 50.0, 50.0, 50.0, 50.0, 50.0, 50.0, 50.0, 50.0, 50.0, 50.0, 50.0, 50.0, 50.0, 50.0, 50.0, 50.0, 50.0, 50.0, 50.0, 50.0, 50.0, 50.0, 50.0, 50.0, 50.0, 50.0, 50.0, 50.0, 50.0, 50.0, 50.0, 50.0, 50.0, 50.0, 50.0, 50.0, 50.0, 50.0, 50.0, 50.0, 50.0, 50.0, 50.0, 50.0, 50.0, 50.0, 50.0, 50.0, 50.0, 50.0, 50.0, 50.0, 50.0, 50.0, 50.0, 50.0, 50.0, 50.0, 50.0, 50.0, 50.0, 50.0, 50.0, 50.0, 50.0, 50.0, 50.0, 50.0, 50.0, 50.0, 50.0, 50.0, 50.0, 50.0, 50.0, 50.0, 50.0, 50.0, 50.0, 50.0], "mask_before_g": [50.0, 50.0, 50.0, 50.0, 50.0, 50.0, 50.0, 50.0, 50.0, 50.0, 50.0, 50.0, 50.0, 50.0, 50.0, 50.0, 50.0, 50.0, 50.0, 50.0, 50.0, 50.0, 50.0, 50.0, 50.0, 50.0, 50.0, 50.0, 50.0, 50.0, 50.0, 50.0, 50.0, 50.0, 50.0, 50.0, 50.0, 50.0, 50.0, 50.0, 50.0, 50.0, 50.0, 50.0], "flux_before_r": [19.83234735401031, 19.903236775341387, 20.081837762631963, 19.937737427023315, 19.537014225458098, 19.76188330020623, 19.873838952048125, 19.982717397865336, 19.742161011466834, 19.80352352830721, 19.841787187259722, 19.80755981894605, 19.910029203800637, 19.360616761979966, 19.873411854223953, 19.713115991964223, 19.8501242845521, 19.866384237766667, 19.953847738259714, 19.67487163855254, 19.946887816759872, 19.813079677311915, 19.86498567997559, 19.522371230671688, 19.98402885659685, 19.718244760448975, 19.938413569750523, 19.739437802989848, 19.83787535194937, 19.927370797389443, 19.77002306762988, 19.84040570459822, 19.653560140348887, 19.554207588898443, 19.719972617867434, 19.828242440139498, 19.93066150748968, 19.983827383963067, 19.896216615666347, 19.86953038769493, 19.89421388200612, 19.882671514531182, 19.813820989611703, 19.97150846290148, 19.825895723106232, 19.942034147939616, 20.03410834900934, 19.816397621646466, 19.688717158388307, 19.82077274873325, 19.8455119457605, 19.393362437935295, 19.869960387930544, 19.880172605395668, 19.585133350854193, 19.845001759576547, 19.754022308166178, 19.746893356367707, 19.764138363802232, 20.28506515945958, 20.069585786826877, 19.73663841356695, 19.513020011213328, 19.70761095229954, 19.908051470026212, 19.8120920145816, 19.8196541548294, 19.836346325120164, 19.771809348586483, 19.90344522760055, 19.878850575048006, 19.625399206563856, 19.821292914697764, 19.85945370105707, 20.00878123338339, 19.732795179215515, 19.76021435235689, 19.888755280009818, 19.886293922002718, 19.690004075060635, 19.747725434240426, 19.995266685189378, 20.095704389005995, 19.50463243202268, 20.071184493349193, 19.633738060081235, 19.9447358903049, 19.858260107769322, 19.20940198504887], "MJD_before_r": [58217.2807407002, 58217.304837999865, 58224.26564810006, 58224.27908559982, 58233.1895486, 58242.312731499784, 58249.25432869978, 58257.21009259997, 58274.19609950017, 58277.23239579983, 58280.17218750017, 58283.190844899975, 58442.54412040021, 58442.549016200006, 58442.5539119998, 58442.558807900175, 58443.54597220011, 58443.550775500014, 58443.55559029989, 58443.56040510023, 58448.51755789993, 58448.544027800206, 58449.5181481, 58474.48030090006, 58476.486446800176, 58487.52929400001, 58494.54388889996, 58502.52370369993, 58505.541840299964, 58524.46519679995, 58539.33540510014, 58543.355810199864, 58559.29082180001, 58567.35767359985, 58572.2960994998, 58580.27605320001, 58583.25458330009, 58586.20939810015, 58596.27219909988, 58600.2743286998, 58607.2311689998, 58612.189317100216, 58634.254166699946, 58637.18409720017, 58640.21238429984, 58643.2375810002, 58653.18805560004, 58669.17331020022, 58795.53353009978, 58795.53856479982, 58795.543599499855, 58795.54864579998, 58797.53538190015, 58797.540416699834, 58797.54545139987, 58797.55050930008, 58799.542905100156, 58799.547870399896, 58799.55284720007, 58803.54351849994, 58803.54829860013, 58803.553090299945, 58805.544375000056, 58850.48451389978, 58873.50553240022, 58876.35043979995, 58883.54083329998, 58886.50731479982, 58894.46181710018, 58901.38197920006, 58908.45193290012, 58911.44953700015, 58914.37645829981, 58954.25579860015, 58962.279386600014, 58968.202719899826, 58978.24978009984, 58986.255092599895, 58992.23380789999, 58995.21100689983, 59005.2546064998, 59021.24336809991, 59024.22214120021, 59180.561817099806, 59196.51079860004, 59266.37665509991, 59268.41599539993, 59270.38725689985, 59358.29319440015], "flux_err_before_r": [0.07765999976178632, 0.06807697273804933, 0.14062441501210407, 0.11649253179441399, 0.12307989853045237, 0.10730291335035307, 0.14049385469155742, 0.0814919433839804, 0.06853699738329784, 0.08617727070841652, 0.11652141572117831, 0.0706395004843517, 0.27866787520244074, 0.14534033047596925, 0.12847457423969022, 0.14322630494991967, 0.09829770578140007, 0.11139564927701197, 0.15802122287272188, 0.22182815256666108, 0.2335214014060876, 0.2113851264743162, 0.20155084004545995, 0.18936630167310736, 0.18968733658811218, 0.06227440974211804, 0.0963303522006113, 0.13713708481336123, 0.24941643140140224, 0.1081159345329299, 0.22735635373715027, 0.06103527016030955, 0.13508227123028096, 0.12830416754899748, 0.18399524230739733, 0.09210566751033418, 0.11296233315202639, 0.14677953767973162, 0.13385886866176142, 0.07027583021367045, 0.10363163102256982, 0.08740655417196261, 0.08339268120718536, 0.08980021376192579, 0.10212042643475656, 0.11732858237659309, 0.11688646799127166, 0.17169675661667114, 0.3048531291729928, 0.27889712865833, 0.3103529959485942, 0.21991194979676046, 0.23191733126809946, 0.18999209244263793, 0.14734523432234256, 0.2549390309661306, 0.2749383406716366, 0.33672306454473483, 0.3344477082619521, 0.3310325123268602, 0.22637496473951865, 0.20362814540071278, 0.1847878882586632, 0.1227959989919193, 0.09644721744031447, 0.08197881053492745, 0.14099272308315966, 0.157101316652609, 0.08298456647776754, 0.09629090317776864, 0.045928612303283135, 0.13110945296874402, 0.1307395989858862, 0.08013147698292476, 0.09983038283573634, 0.047029770430974706, 0.09731067604954302, 0.0663101106924487, 0.06526536622928243, 0.06740784035119214, 0.20178067208413109, 0.12479365415770906, 0.10980998936144618, 0.2156859647614975, 0.2225120195668651, 0.1204063203074728, 0.1293589183099818, 0.22134982186419933, 0.2057218444436636], "flux_before_g": [20.571513610435915, 20.758426276678208, 20.765228657004684, 21.009652141698712, 20.973361153994063, 20.654192154103647, 21.197355990357394, 20.63713607111631, 20.778712379371285, 20.74830173097848, 19.850768406078476, 21.038471939168154, 20.814301532088987, 20.84659618205786, 20.577924797056696, 20.67698359584437, 20.808490646698704, 20.50253067927867, 20.75072409778407, 20.59665259723465, 20.74072799823405, 20.76574890072359, 20.702255990184668, 20.69060320150154, 20.731895044620906, 20.3497352201744, 20.821579752857858, 20.681649655155496, 20.730369732715243, 20.59499618141503, 20.583420419690476, 20.82213347397434, 20.931665433142676, 20.655289981784, 20.831336799920642, 20.538924517299677, 20.5686140629344, 21.050730397599953, 20.71517931562687, 20.591253137384076, 20.626274651518706, 20.785534843149833, 20.523122982886996, 20.600337434447027],