{"name": "J123721.11+161217.4", "flux_err_before_i": [], "mask_before_i": [], "flux_before_i": [], "MJD_before_i": [], "mask_before_r": [45.0, 45.0, 45.0, 45.0, 45.0, 45.0, 45.0, 45.0, 45.0, 45.0, 45.0, 45.0, 45.0, 45.0, 45.0, 45.0, 45.0, 45.0, 45.0, 45.0], "mask_before_g": [45.0, 45.0, 45.0, 45.0, 45.0, 45.0, 45.0, 45.0, 45.0, 45.0, 45.0, 45.0, 45.0, 45.0, 45.0, 45.0, 45.0, 45.0], "flux_before_r": [17.450158457170545, 17.45445522185558, 17.469769788004562, 17.443472886659013, 17.5061405368479, 17.42819858405433, 17.441380124996613, 17.483118705100196, 17.454323852805167, 17.481603355740546, 17.486974671580263, 17.66830081430303, 17.468073942585512, 17.482565510386646, 17.48881420649094, 17.473737980253887, 17.48338807145508, 17.4848533928574, 17.465306218097602, 17.5199945476165], "MJD_before_r": [58449.4907176001, 58476.47322920011, 58493.47737269988, 58503.47545140004, 58524.454432900064, 58540.305705999956, 58558.24155090004, 58580.346597199794, 58582.25009260001, 58597.248749999795, 58602.255358799826, 58606.20753470017, 58633.16293979995, 58633.163391199894, 58894.49859949993, 58894.499050899874, 58955.28707179986, 58955.29024309991, 58964.28962960001, 58964.290080999956], "flux_err_before_r": [0.020474177191541553, 0.014063232714112923, 0.013975616983971657, 0.01838790406805789, 0.014879875222874343, 0.015797286997611012, 0.014268395032881303, 0.014720093096810721, 0.014377143773754014, 0.014270014583481419, 0.014968316006657647, 0.012368111743947259, 0.015260636635980493, 0.015239449489241913, 0.013803485305202704, 0.013568075974546404, 0.013739733314490559, 0.013941979242308736, 0.013395087716537964, 0.014384702808885713], "flux_before_g": [18.34375304270442, 18.367055305004644, 18.41518166177199, 18.16278787483187, 18.353378929299463, 18.440821854338523, 18.380677357505515, 18.387881554995587, 18.427998012548596, 18.26488680420273, 18.38615027547556, 18.334377199872108, 18.378309022810285, 18.370821591726383, 18.35304006738546, 18.37964395841695, 18.382670991415285, 18.337428075167125], "MJD_before_g": [58482.52784720017, 58492.54136569984, 58503.54048610013, 58506.51815970009, 58507.48792820005, 58522.468645799905, 58540.43656249996, 58561.31244210014, 58567.44993059989, 58833.565787000116, 58833.56623840006, 58850.57736109989, 58850.57781249983, 58963.28472220013, 58963.28562500002, 58967.229305599816, 58967.24986110022, 58997.18725690013], "flux_err_before_g": [0.012928237297909187, 0.015589070456819376, 0.01718663139255153, 0.04644058370313534, 0.025783690067660934, 0.01416207335740138, 0.013071006809399762, 0.04530763293791694, 0.0152910498069126, 0.04359105790038901, 0.029867348766270847, 0.011898959267474052, 0.012231555972671834, 0.013235084992851214, 0.012926892131616194, 0.013363975822709907, 0.013332343499758996, 0.012679126299617307], "flux_outl_after_i": [], "MJD_outl_after_i": [], "flux_outl_err_after_i": [], "flux_outl_after_r": [17.66830081430303, 17.5199945476165, 17.443472886659013], "MJD_outl_after_r": [58606.20753470017, 58964.290080999956, 58503.47545140004], "flux_outl_err_after_r": [0.02498650797268022, 0.029060498389720163, 0.037147910781308566], "flux_outl_after_g": [18.26488680420273], "MJD_outl_after_g": [58833.565787000116], "flux_outl_err_after_g": [0.04359105790038901], "mask_after_r": [45.0, 45.0, 45.0, 45.0, 45.0, 45.0, 45.0, 45.0, 45.0, 45.0, 45.0, 45.0, 45.0, 45.0, 45.0, 45.0, 45.0], "mask_after_g": [45.0, 45.0, 45.0, 45.0, 45.0, 45.0, 45.0, 45.0, 45.0, 45.0, 45.0, 45.0, 45.0, 45.0, 45.0, 45.0, 45.0], "mask_after_i": [], "flux_after_r": [17.55672319042387, 17.53732430831585, 17.54932878797925, 17.560015323283913, 17.55782621918243, 17.546411266061554, 17.570529359398492, 17.544976446847116, 17.531318887232004, 17.568923126780586, 17.546783497185512, 17.56728168522286, 17.56857703539226, 17.539551948314802, 17.549163936976, 17.551366592321802, 17.52560387198998], "MJD_after_r": [58449.4907176001, 58476.47322920011, 58493.47737269988, 58524.454432900064, 58540.305705999956, 58558.24155090004, 58580.346597199794, 58582.25009260001, 58597.248749999795, 58602.255358799826, 58633.16293979995, 58633.163391199894, 58894.49859949993, 58894.499050899874, 58955.28707179986, 58955.29024309991, 58964.28962960001], "flux_err_after_r": [0.03017548171084996, 0.021131212566132252, 0.016785771128577667, 0.021276261227272962, 0.019144235792858556, 0.025330837585219958, 0.020731192617793263, 0.018827927637761744, 0.019179366329244205, 0.021106218629593818, 0.020860704043497554, 0.021455176321108396, 0.021405760762288985, 0.02118784684529338, 0.018590818742386637, 0.018762547958013874, 0.018256376768229006], "flux_after_g": [18.331572737464626, 18.332653823570112, 18.388578937917263, 18.145199174914165, 18.345115044490644, 18.337850255226954, 18.36556836622378, 18.370366658247274, 18.419007138734493, 18.36983003176247, 18.334495845869622, 18.3711098877666, 18.310444876588154, 18.313301846134294, 18.339343564947832, 18.335492453046786, 18.301711030049407], "MJD_after_g": [58482.52784720017, 58492.54136569984, 58503.54048610013, 58506.51815970009, 58507.48792820005, 58522.468645799905, 58540.43656249996, 58561.31244210014, 58567.44993059989, 58833.56623840006, 58850.57736109989, 58850.57781249983, 58963.28472220013, 58963.28562500002, 58967.229305599816, 58967.24986110022, 58997.18725690013], "flux_err_after_g": [0.02460323159564479, 0.027368699704640072, 0.018986626120582852, 0.05039928090994812, 0.02773732956691072, 0.023674847150478434, 0.02401597175106008, 0.0500116927028218, 0.02422275740082403, 0.034764569231772, 0.024229855609534903, 0.024678242986692796, 0.023332471967433203, 0.021948687911264163, 0.027063457710940795, 0.023177141347266863, 0.02343533286634582], "flux_after_i": [], "MJD_after_i": [], "flux_err_after_i": []}