{"name": "J124135.93+332623.6", "flux_err_before_i": [], "mask_before_i": [], "flux_before_i": [], "MJD_before_i": [], "mask_before_r": [1.0, 1.0, 1.0, 56.0, 1.0, 56.0, 1.0, 56.0, 1.0, 56.0, 56.0, 1.0, 56.0, 1.0, 56.0, 1.0, 56.0, 1.0, 1.0, 56.0, 56.0, 1.0, 56.0, 1.0, 56.0, 1.0, 56.0, 1.0, 56.0, 56.0, 1.0, 1.0, 56.0, 1.0, 56.0, 1.0, 56.0, 56.0, 1.0, 56.0, 56.0, 1.0, 1.0, 56.0, 56.0, 1.0, 1.0, 56.0, 56.0, 56.0, 1.0, 56.0, 56.0], "mask_before_g": [1.0, 56.0, 56.0, 1.0, 1.0, 1.0, 56.0, 1.0, 1.0, 56.0, 1.0, 56.0, 56.0, 1.0, 56.0, 56.0, 1.0, 1.0, 56.0, 1.0, 56.0, 1.0, 56.0, 56.0, 56.0, 1.0, 1.0, 56.0, 56.0, 56.0, 56.0, 1.0, 1.0, 1.0, 1.0, 56.0, 56.0], "flux_before_r": [18.306346914558333, 18.326333291273443, 18.328281288638145, 18.26538398928109, 18.290436940227615, 18.25977010924255, 18.33312672328032, 18.22132305395361, 18.29416667163051, 18.261764639642067, 18.304489541375062, 18.28198839217181, 17.970690734143105, 18.212304932731875, 18.263647823758095, 18.786996603276258, 18.21422192828486, 18.2940828322021, 18.332784047892567, 18.248914268651014, 17.84375470194872, 18.47685671755464, 18.28616241719034, 18.33236473963246, 18.271931054111754, 18.295939205807574, 18.25657580490516, 18.298289509699256, 18.246796512757598, 18.280307025349835, 18.379227796023756, 18.313584414326623, 18.27635707741197, 18.30976998734597, 18.277141073256708, 18.25452442724261, 18.240512390541184, 18.319753768048525, 18.334682036671744, 18.20235912990531, 18.433188303434406, 18.247950007005958, 18.41927938286119, 18.27461010146158, 18.263799596866665, 18.340460270205263, 18.38862337656258, 18.26268233752814, 18.28487613822676, 18.30528905365336, 18.3795123917984, 18.325342125150016, 18.28043893272459], "MJD_before_r": [58284.18107639998, 58284.18152779993, 58449.463784699794, 58449.48738430021, 58476.452094899956, 58476.4626042, 58481.4697106001, 58481.49745369982, 58493.46362269996, 58493.464548599906, 58503.47866899986, 58512.51469910005, 58513.459409699775, 58513.46267359983, 58524.45629630005, 58540.270868100226, 58540.2900231001, 58546.31100689992, 58558.21347220009, 58558.23818290001, 58574.22710649995, 58574.227557899896, 58580.34840280004, 58580.34980319999, 58582.205335599836, 58582.20578699978, 58589.24085649988, 58593.32035879977, 58593.320833299775, 58602.25445599994, 58602.26130789984, 58606.23797449982, 58606.24542819988, 58618.21609950019, 58618.25887730019, 58619.16497689998, 58633.16568290023, 58633.166134300176, 58833.49600689998, 58838.57437499985, 58838.574826399796, 58859.370463000145, 58859.37091440009, 58955.28842590004, 58955.28887729999, 58956.28145830007, 58956.28190970002, 58964.26853010012, 58964.26898150006, 58976.28106479999, 58976.28201390011, 58978.29056710005, 58978.29103010008], "flux_err_before_r": [0.014654016530362725, 0.018637653262270314, 0.019197754195066755, 0.05643821043394717, 0.017090418097744562, 0.01583310000915143, 0.017958439693397985, 0.015365515422740174, 0.016661902160192234, 0.015228031522264643, 0.056441211274167555, 0.044669723901128895, 0.23483183158558302, 0.04776831085462887, 0.015907320847164133, 0.018806005231834576, 0.02516440595154325, 0.01773581067537067, 0.01854434637097083, 0.01624888701041476, 0.19417655353948512, 0.22915599542839074, 0.016559334467177608, 0.01747446173757527, 0.016831016003274003, 0.018098125422406255, 0.01687672731076529, 0.017103843542135958, 0.01593442940213859, 0.27444221190063967, 0.019730996961188713, 0.017646219497265855, 0.01714433886964468, 0.017848671897716512, 0.018031603149320303, 0.27787719259331084, 0.01635697038979458, 0.01790273645540204, 0.017277890844121048, 0.13148749801559056, 0.19572145706946167, 0.0162449326105581, 0.019480929040437144, 0.01563946713831115, 0.015360938487220845, 0.017422963201541065, 0.018142923188586017, 0.015600224429651878, 0.015737232698998915, 0.015397617707267093, 0.017606087990066906, 0.016583445251851837, 0.01602778412491242], "flux_before_g": [19.07323382380858, 19.21462746474552, 19.367335704899165, 19.067102151638238, 19.0987947177207, 19.06360300238068, 19.103971498653546, 19.145127198402115, 19.140620600492852, 19.212322652130634, 19.122608651413525, 19.22154191646741, 19.440658062296016, 19.13262619003679, 19.132957144936945, 19.104226462548787, 19.088389845769555, 19.066064422075065, 19.185717745554868, 19.116784902549878, 19.16151466386926, 19.038301609169668, 19.127529244658604, 19.262040010236017, 19.18299179356101, 19.08521888064472, 19.08311575847364, 19.509677009789343, 18.94240154219943, 19.217206193075377, 19.17589361255486, 19.16985207418369, 19.159346220810793, 19.134559554276002, 19.18299167850576, 19.138213604861537, 19.107325850722198], "MJD_before_g": [58206.33327550022, 58235.2370023001, 58235.23746530013, 58246.290659700055, 58246.2911111, 58439.52146989992, 58482.52923610015, 58482.52969910018, 58487.47756939987, 58493.54107639985, 58506.497511600144, 58506.51907410007, 58507.48240739992, 58507.50270830002, 58511.49393519992, 58522.4369907002, 58522.450405099895, 58540.387858800124, 58540.435648099985, 58561.28758100001, 58561.28849539999, 58567.4058333002, 58567.44537039986, 58580.2436573999, 58585.2275231001, 58585.22797450004, 58587.224490699824, 58833.572129600216, 58833.57258100016, 58850.564710599836, 58850.56516199978, 58851.5292014, 58851.529652799945, 58968.260034699924, 58968.260509300046, 58971.2688310002, 58971.26930559985], "flux_err_before_g": [0.029757489524001406, 0.040316884780569634, 0.06999389325659709, 0.01639080041414698, 0.016783293463736276, 0.019592078054679638, 0.01566563129669543, 0.017009446467738845, 0.01700151181474961, 0.016565645458008905, 0.08778831142191693, 0.1309025204663787, 0.08476348289055635, 0.10955478489391246, 0.017834550149511144, 0.015508503286399479, 0.016574301689009672, 0.016222025144202044, 0.01602088118586342, 0.1160540987629176, 0.09812675118419797, 0.016536361015038047, 0.011415527426625978, 0.018604384453617954, 0.016976025496030153, 0.01693428457424498, 0.017146109967984432, 0.22562275205423074, 0.1386695729736424, 0.01581691492314838, 0.015436781124559037, 0.023049426872782688, 0.020367625220810096, 0.01576388010506846, 0.016721528477176777, 0.015313862500103003, 0.014595186258955273], "flux_outl_after_i": [], "MJD_outl_after_i": [], "flux_outl_err_after_i": [], "flux_outl_after_r": [18.28198839217181, 17.970690734143105, 18.212304932731875, 17.84375470194872, 18.47685671755464, 18.280307025349835, 18.25452442724261, 18.786996603276258, 18.21422192828486, 18.20235912990531, 18.433188303434406], "MJD_outl_after_r": [58512.51469910005, 58513.459409699775, 58513.46267359983, 58574.22710649995, 58574.227557899896, 58602.25445599994, 58619.16497689998, 58540.270868100226, 58540.2900231001, 58838.57437499985, 58838.574826399796], "flux_outl_err_after_r": [0.07699619611592137, 0.23483183158558302, 0.08233716059741193, 0.19417655353948512, 0.22915599542839074, 0.27444221190063967, 0.27787719259331084, 0.03241548728154966, 0.0433753192671226, 0.13148749801559056, 0.19572145706946167], "flux_outl_after_g": [19.509677009789343, 18.94240154219943, 19.217206193075377], "MJD_outl_after_g": [58833.572129600216, 58833.57258100016, 58850.564710599836], "flux_outl_err_after_g": [0.22562275205423074, 0.1386695729736424, 0.13700234608511414], "mask_after_r": [56.0, 56.0, 56.0, 56.0, 56.0, 56.0, 56.0, 56.0, 56.0, 56.0, 56.0, 56.0, 56.0, 56.0, 56.0, 56.0, 56.0, 56.0, 56.0, 56.0, 56.0, 56.0, 1.0, 1.0, 1.0, 1.0, 1.0, 1.0, 1.0, 1.0, 1.0, 1.0, 1.0, 1.0, 1.0, 1.0, 1.0, 1.0, 1.0, 1.0, 1.0, 1.0], "mask_after_g": [1.0, 1.0, 1.0, 1.0, 1.0, 1.0, 1.0, 1.0, 1.0, 1.0, 1.0, 1.0, 1.0, 1.0, 1.0, 1.0, 1.0, 1.0, 56.0, 56.0, 56.0, 56.0, 56.0, 56.0, 56.0, 56.0, 56.0, 56.0, 56.0, 56.0, 56.0, 56.0, 56.0, 56.0], "mask_after_i": [],