{"name": "J124223.70+293204.8", "flux_err_before_i": [], "mask_before_i": [], "flux_before_i": [], "MJD_before_i": [], "mask_before_r": [24.0, 24.0, 24.0, 24.0, 24.0, 24.0, 24.0, 24.0, 24.0, 24.0, 24.0, 24.0, 24.0, 24.0, 24.0, 24.0, 24.0], "mask_before_g": [24.0, 24.0, 24.0, 24.0, 24.0, 24.0, 24.0, 24.0, 24.0, 24.0, 24.0, 24.0, 24.0, 24.0], "flux_before_r": [18.483537006037427, 18.53755921167066, 18.525557945115892, 18.513882822639793, 18.610468291925436, 18.54801593139714, 18.487124240477065, 18.542729783764074, 18.52730773881552, 18.527269393247757, 18.56976765695759, 18.47569187432896, 18.666606609063788, 18.493843030537228, 18.542065236120038, 18.5027389480437, 18.470276667367486], "MJD_before_r": [58449.48738430021, 58476.4626042, 58481.49745369982, 58493.464548599906, 58503.47866899986, 58513.459409699775, 58524.45629630005, 58540.2900231001, 58580.34840280004, 58582.205335599836, 58589.24085649988, 58593.320833299775, 58602.25445599994, 58606.24542819988, 58618.25887730019, 58633.16568290023, 58633.166134300176], "flux_err_before_r": [0.022543726175706765, 0.017825207042585202, 0.01778418945805619, 0.016885892780942355, 0.06447954790085271, 0.08046152148487752, 0.01715934058938259, 0.02490822681640125, 0.01812900604621343, 0.018307905226898652, 0.01971323781125575, 0.01722692044074647, 0.04272219342013187, 0.018390270213525135, 0.020263618139190448, 0.01878047089870434, 0.01789458229181052], "flux_before_g": [19.09676542933848, 18.896366681719595, 18.966816627043684, 18.989121379882263, 18.888517414086657, 19.08601483730275, 18.98510537838571, 19.02003160129982, 18.965682081780052, 18.924811360112, 18.93216084687832, 18.894258408733883, 18.97337425985073, 18.60533243530302], "MJD_before_g": [58235.2370023001, 58235.23746530013, 58482.52923610015, 58493.54107639985, 58506.51907410007, 58507.48240739992, 58511.49393519992, 58522.4369907002, 58540.435648099985, 58561.28849539999, 58567.44537039986, 58580.2436573999, 58585.2275231001, 58588.20723380009], "flux_err_before_g": [0.05084601980098959, 0.05300425827330951, 0.007823326470343131, 0.007735944672863039, 0.09701249274735309, 0.08372332272146274, 0.008782677877861628, 0.0082664195521599, 0.007685243562074901, 0.0921177358879111, 0.04957324758842012, 0.0077604725408425375, 0.008130074158267435, 0.28495963970953514], "flux_outl_after_i": [], "MJD_outl_after_i": [], "flux_outl_err_after_i": [], "flux_outl_after_r": [18.54801593139714, 18.666606609063788], "MJD_outl_after_r": [58513.459409699775, 58602.25445599994], "flux_outl_err_after_r": [0.08046152148487752, 0.030660872675054827], "flux_outl_after_g": [18.60533243530302], "MJD_outl_after_g": [58588.20723380009], "flux_outl_err_after_g": [0.28495963970953514], "mask_after_r": [24.0, 24.0, 24.0, 24.0, 24.0, 24.0, 24.0, 24.0, 24.0, 24.0, 24.0, 24.0, 24.0, 24.0, 24.0], "mask_after_g": [24.0, 24.0, 24.0, 24.0, 24.0, 24.0, 24.0, 24.0, 24.0, 24.0, 24.0, 24.0, 24.0], "mask_after_i": [], "flux_after_r": [18.49721900943498, 18.56248124579796, 18.574876216975248, 18.526226564671767, 18.647524198502722, 18.506017297706464, 18.555430636805944, 18.543886070175972, 18.55268153174283, 18.589178545583035, 18.484257386109824, 18.512561722274327, 18.553279120505277, 18.51664788032586, 18.486716407857692], "MJD_after_r": [58449.48738430021, 58476.4626042, 58481.49745369982, 58493.464548599906, 58503.47866899986, 58524.45629630005, 58540.2900231001, 58580.34840280004, 58582.205335599836, 58589.24085649988, 58593.320833299775, 58606.24542819988, 58618.25887730019, 58633.16568290023, 58633.166134300176], "flux_err_after_r": [0.028430715472693484, 0.024011150925155406, 0.023515326185701353, 0.02095776526383394, 0.06890456548077742, 0.021576825175546516, 0.03060302001567658, 0.024254766063400327, 0.022977176509680432, 0.027644871919938432, 0.026000685927050796, 0.024196863064040078, 0.027500670360182545, 0.025669193153098464, 0.022480424763251048], "flux_after_g": [18.955165270854472, 18.978878110739252, 18.892407963993772, 19.097760330709136, 18.943578195377043, 18.99835384926094, 18.960842488866724, 18.94034878699844, 18.90962986746156, 18.889799780227523, 18.9813594600478], "MJD_after_g": [58482.52923610015, 58493.54107639985, 58506.51907410007, 58507.48240739992, 58511.49393519992, 58522.4369907002, 58540.435648099985, 58561.28849539999, 58567.44537039986, 58580.2436573999, 58585.2275231001], "flux_err_after_g": [0.018611634740693096, 0.017860036063816646, 0.09957647017527078, 0.08718283664914259, 0.017641269670046852, 0.020009438766708857, 0.01858227707297696, 0.09504265178095721, 0.05399065303255099, 0.015619992833307571, 0.0204838131426424], "flux_after_i": [], "MJD_after_i": [], "flux_err_after_i": []}