{"name": "J124831.76+601223.1", "flux_err_before_i": [], "mask_before_i": [], "flux_before_i": [], "MJD_before_i": [], "mask_before_r": [32.0, 32.0, 32.0, 32.0, 32.0, 32.0, 32.0, 32.0, 32.0, 32.0, 32.0, 32.0, 32.0, 32.0, 32.0, 32.0, 32.0, 32.0, 32.0, 32.0, 32.0, 32.0, 32.0, 32.0, 32.0, 32.0, 32.0, 32.0, 32.0, 32.0, 32.0, 32.0, 32.0, 32.0, 32.0, 32.0, 32.0, 32.0, 32.0, 32.0, 32.0, 32.0, 32.0, 32.0, 32.0, 32.0, 32.0, 32.0, 32.0, 32.0, 32.0, 32.0, 32.0, 32.0, 32.0, 32.0, 32.0, 32.0, 32.0, 32.0, 32.0, 32.0, 32.0, 32.0, 32.0, 32.0, 32.0, 32.0, 32.0, 32.0, 32.0, 32.0, 32.0, 32.0, 32.0, 32.0, 32.0, 32.0, 32.0, 32.0, 32.0, 32.0, 32.0, 32.0, 32.0, 32.0, 32.0, 32.0, 32.0, 32.0, 32.0, 32.0, 32.0, 32.0, 32.0, 32.0, 32.0, 32.0, 32.0, 32.0, 32.0, 32.0, 32.0, 32.0, 32.0, 32.0, 32.0, 32.0, 32.0, 32.0, 32.0, 32.0, 32.0, 32.0, 32.0, 32.0, 32.0, 32.0, 32.0, 32.0, 32.0, 32.0, 32.0, 32.0, 32.0, 32.0, 32.0, 32.0, 32.0, 32.0, 32.0, 32.0, 32.0, 32.0, 32.0, 32.0, 32.0, 32.0, 32.0, 32.0, 32.0, 32.0, 32.0, 32.0, 32.0, 32.0, 32.0, 32.0, 32.0, 32.0, 32.0, 32.0, 32.0, 32.0, 32.0, 32.0, 32.0, 32.0, 32.0, 32.0, 32.0, 32.0, 32.0, 32.0, 32.0, 32.0, 32.0, 32.0, 32.0, 32.0, 32.0, 32.0, 32.0, 32.0, 32.0, 32.0, 32.0, 32.0, 32.0, 32.0, 32.0, 32.0, 32.0, 32.0, 32.0, 32.0, 32.0, 32.0, 32.0, 32.0, 32.0, 32.0, 32.0, 32.0, 32.0, 32.0, 32.0, 32.0, 32.0, 32.0, 32.0, 32.0, 32.0, 32.0, 32.0, 32.0, 32.0, 32.0, 32.0, 32.0, 32.0, 32.0, 32.0, 32.0, 32.0, 32.0], "mask_before_g": [32.0, 32.0, 32.0, 32.0, 32.0, 32.0, 32.0, 32.0, 32.0, 32.0, 32.0, 32.0, 32.0, 32.0, 32.0, 32.0, 32.0, 32.0, 32.0], "flux_before_r": [17.95270251122844, 17.94619673453859, 17.96851035841661, 17.96318606399264, 17.899332790007513, 17.898349388693074, 18.004347887562613, 17.900966971197725, 18.013113692358075, 17.93920536108471, 17.94482833875907, 18.014163902440163, 18.02640376694405, 17.83760987450202, 17.77905125771988, 17.916564272965232, 17.900203418875282, 17.935682812151196, 17.918427523237703, 17.932884551613935, 17.929760033704113, 17.933225781674206, 17.95148909927841, 17.957016165204706, 18.033443638444332, 17.915663945380878, 17.93446364709883, 17.909942907923764, 17.947400318199485, 17.896932332159658, 17.930659093952663, 17.91503758975609, 17.911015260583376, 17.953228189324676, 17.902462338424673, 17.910385381684552, 17.936312460483947, 17.911537880187982, 17.926606735102098, 17.913066144647367, 17.868106495520394, 17.921252591634193, 17.8879886466041, 17.937542154834677, 17.916790206113316, 17.922506272301966, 17.920057156948147, 17.922763626842936, 17.92172441077741, 17.925893250735648, 17.936956147243166, 17.948502619162447, 17.90228092621311, 17.931732501268556, 17.933893249198825, 17.909675879444812, 17.931276462230173, 17.933492473214557, 17.955235438114336, 17.946339760438555, 17.947875632115185, 17.921615648291272, 17.90376897889775, 17.919770937235548, 17.94564676694529, 17.924378190299667, 17.95552501929217, 17.92679339842887, 17.908645383169002, 17.94210432707043, 17.918470762405036, 17.91238707771864, 17.932372056597906, 17.93331608377784, 17.929246065041212, 17.898601836578916, 17.88517615589724, 17.9418806416882, 17.912012547281527, 17.93480323328802, 17.926095722805606, 17.883193893635408, 17.969442850994845, 17.915339657188877, 17.94989319070086, 17.950493320746766, 17.944580311630478, 17.914590568671116, 17.92039372304847, 17.94825209168252, 17.920241434239337, 17.93744210395647, 17.959792681518213, 17.943891854328257, 17.93745645125054, 17.95470760529624, 17.968722084265714, 17.952814989884864, 17.912856728683977, 17.95462678714616, 17.947085903275905, 17.945307731741003, 17.941763147023487, 17.948819287982573, 17.941399832417986, 17.96140221934379, 17.947719032071383, 17.9319729610269, 17.957370364919047, 17.953761422493983, 17.92297125021289, 17.958333079821184, 17.92102457324109, 17.954672858563708, 17.968306124922826, 17.908153603684376, 17.948890548988675, 17.94108907372396, 17.958847403873683, 17.979814656261922, 17.947966859138866, 17.951628771449375, 17.957304594028972, 17.986195249863545, 17.929848122906776, 17.916917116029055, 17.964629548755887, 17.943782095057117, 17.954520633728805, 17.94910477661555, 17.944918671037264, 17.930624677433276, 17.96060054316604, 17.928758360654072, 17.90932961027002, 17.924469243893412, 17.963885446745515, 17.94107337437589, 17.949537106694457, 17.96273617478515, 17.980573485370943, 17.9416143738736, 17.952262438681863, 17.971363960125473, 17.932371452994758, 17.953653276973007, 17.933024555037747, 17.91147184246504, 17.94902799946508, 17.954768502366548, 17.93725499581395, 17.943108782405346, 17.92796559451633, 17.962047428114985, 17.951309798364587, 17.9499838837508, 17.93774846563904, 17.944094040860108, 17.95263961911029, 17.93244491813403, 17.938414933192007, 17.940595377525, 17.92038602311033, 17.936485131107457, 17.982414408800032, 17.978150165483484, 17.92294241841965, 17.94153638018703, 17.918935662707007, 17.971089007699003, 17.934665101569514, 17.939119877791992, 17.930809543602855, 17.925172652335654, 17.941541941329035, 17.941467660721877, 17.956162469682425, 17.963515190081065, 17.893863041788336, 17.95345014855721, 17.972928880371526, 17.9459487918, 17.951100166937557, 17.931644476334903, 17.953422668949024, 17.90200091485099, 17.906108176037826, 17.916995690349495, 17.928692550985666, 17.920521088076114, 17.906439514038624, 17.71090559693608, 17.95563155118918, 17.932865154249377, 17.87576936775999, 17.90976193489723, 17.86379036847758, 17.94786941592158, 17.931861810724705, 17.900192105330852, 17.928776972874992, 17.905508577826282, 17.921357073480735, 17.940652444996374, 17.959213455361812, 17.879417026204763, 17.9389223070703, 17.960711985737657, 17.92350907486412, 17.90979732357004, 17.916802823970272, 17.86321823254258, 17.918725658710503, 17.884083231984086, 17.926071329640646, 17.854649365851923],