{"name": "J125721.50+113941.5", "flux_err_before_i": [], "mask_before_i": [], "flux_before_i": [], "MJD_before_i": [], "mask_before_r": [20.0, 20.0, 20.0, 20.0, 20.0, 20.0, 20.0, 20.0, 20.0, 20.0, 20.0, 20.0, 20.0, 20.0, 20.0, 20.0, 20.0, 20.0, 20.0, 20.0, 20.0, 20.0, 20.0, 20.0, 20.0, 20.0, 20.0, 20.0, 20.0, 1.0, 1.0, 1.0, 20.0, 1.0, 20.0, 1.0, 20.0, 20.0, 1.0, 20.0, 1.0, 1.0, 1.0, 1.0, 1.0, 1.0, 1.0, 1.0, 1.0, 1.0, 1.0, 1.0, 1.0, 1.0, 1.0, 1.0, 20.0, 20.0, 20.0, 20.0, 20.0, 20.0, 20.0, 20.0, 20.0, 20.0, 20.0, 20.0, 20.0, 20.0, 20.0, 20.0, 20.0, 20.0, 20.0, 20.0, 20.0, 20.0, 20.0, 20.0, 20.0, 20.0, 20.0, 20.0, 20.0, 20.0, 20.0, 20.0, 20.0, 20.0, 20.0, 20.0, 20.0, 20.0, 20.0, 20.0, 20.0, 20.0, 20.0, 20.0, 20.0], "mask_before_g": [20.0, 20.0, 20.0, 20.0, 20.0, 20.0, 20.0, 20.0, 20.0, 20.0, 20.0, 20.0, 20.0, 20.0, 20.0, 20.0, 1.0, 1.0, 20.0, 20.0, 1.0, 1.0, 20.0, 1.0, 20.0, 1.0, 20.0, 20.0, 1.0, 1.0, 1.0, 1.0, 1.0, 1.0, 1.0, 1.0, 1.0, 1.0, 1.0, 1.0, 20.0, 20.0, 20.0, 20.0, 20.0, 20.0, 20.0, 20.0, 20.0, 20.0, 20.0, 20.0, 20.0, 20.0, 20.0, 20.0, 20.0, 20.0, 20.0, 20.0, 20.0, 20.0, 20.0, 20.0, 20.0, 20.0, 20.0, 20.0, 20.0, 20.0, 20.0, 20.0, 20.0, 20.0, 20.0, 20.0, 20.0, 20.0], "flux_before_r": [17.971528570304535, 18.133523266924698, 18.152910706813234, 18.170069040235887, 18.035888248027142, 18.129937499712547, 18.225938497903357, 18.173023767365272, 18.160794298422616, 18.126563719858666, 18.16055907949964, 18.114657192931325, 18.13850856516333, 18.134331690681645, 18.12791547397661, 18.108865797769486, 18.134555123637078, 18.123339776339236, 18.095787214490826, 18.11327330818815, 18.16294645273875, 18.17389594582109, 18.16325972100943, 18.11596525063019, 18.14722542664037, 18.128252689125183, 18.14370394424568, 18.12788797790182, 18.143473025376636, 18.189727346577158, 18.13959620276799, 18.16847876466224, 18.11739992755556, 18.272909909666787, 18.127323619699148, 18.128693928920484, 18.10273124991968, 18.13796494440676, 18.163023180049855, 18.03803799832799, 18.528603681149118, 18.114675848043618, 18.21273039540033, 18.25784996734476, 18.173125310147338, 18.138731755441945, 18.10378825115685, 18.17744255109104, 18.23228465225108, 18.182017739144335, 18.21314698661238, 18.184547951815063, 18.211469945370514, 18.195947293838252, 18.173976416440432, 18.182994306381886, 18.09904318850902, 18.15793110393991, 18.155665213328504, 18.154419897161834, 18.14158813222977, 18.15243766505399, 18.108246906800986, 18.153003793981604, 18.17337243562659, 18.07470676226486, 18.15574014112102, 18.177967676054784, 18.13810874101038, 18.125102158155148, 18.170574575271377, 18.16456497095738, 18.12133718792816, 18.15260003842718, 18.149095553972085, 18.17654218508268, 18.174723564852343, 18.12772072081023, 18.16139836137202, 18.077580935362455, 18.10184352191345, 18.1618562885091, 18.109681882047308, 18.130514912707376, 18.176774910191682, 18.171021889350094, 18.163161591110025, 18.17990066789315, 18.164819474807253, 18.105447395532074, 18.145917639553318, 18.128471848577146, 18.1528608086113, 18.146090142676996, 18.12994989217602, 18.1942465342731, 18.162638395710484, 18.13935672265257, 18.11658289834351, 18.158502606020377, 18.04685185838029], "MJD_before_r": [58214.32614579983, 58217.282569400035, 58217.30299769994, 58218.32579859998, 58219.31443289993, 58224.23459490016, 58224.27633100003, 58224.301400499884, 58227.27173609985, 58230.252569399774, 58231.27436339995, 58233.191469899844, 58242.25333329989, 58248.23209490022, 58254.189027800225, 58256.277060199995, 58257.23055560002, 58257.2721644002, 58260.188252300024, 58270.16766199982, 58274.1947337999, 58277.24680559989, 58280.17311340012, 58283.2117130002, 58286.27956019994, 58295.233379600104, 58298.25431710016, 58301.17467590002, 58323.165416699834, 58449.4907176001, 58476.47322920011, 58493.47737269988, 58494.5485069002, 58503.47545140004, 58505.54420140013, 58513.45663189981, 58522.52420140011, 58524.45396990003, 58524.454432900064, 58526.48175929999, 58540.305705999956, 58558.24155090004, 58580.346597199794, 58582.25009260001, 58593.32135420013, 58597.248749999795, 58602.255358799826, 58606.20753470017, 58633.16293979995, 58633.163391199894, 58894.49859949993, 58894.499050899874, 58955.28707179986, 58955.29024309991, 58964.28962960001, 58964.290080999956, 59180.5599421002, 59194.513761600014, 59199.51843750011, 59202.53976849979, 59204.50754630007, 59215.53988429997, 59217.476111100055, 59221.44853009982, 59223.501898100134, 59227.50405090023, 59229.506794000044, 59233.49046299979, 59249.41105319979, 59251.47770830011, 59253.48656249978, 59255.420775500126, 59262.3625810002, 59264.514675899874, 59278.42218750017, 59290.35797449993, 59292.35746529978, 59295.23825229984, 59297.28954860009, 59303.33640050003, 59305.29921300011, 59307.3375694002, 59311.29708330007, 59313.30123839993, 59321.294675900135, 59323.33255789988, 59325.27576390002, 59338.25383100007, 59342.27553239977, 59354.21415509982, 59358.30866899993, 59361.213009300176, 59363.20767359994, 59367.19172450015, 59375.212881899904, 59377.22748839995, 59379.211932899896, 59550.52793980017, 59623.378865700215, 59625.4220718001, 59628.43402779987], "flux_err_before_r": [0.04780289030673418, 0.014270680267075344, 0.016732454468100903, 0.014523222310268867, 0.022712799564793724, 0.013805443694954917, 0.015448658333827078, 0.020741725198187823, 0.017499800130481104, 0.012792070878933715, 0.013780310426762147, 0.012652555363982455, 0.012933581235758489, 0.01340688997874126, 0.01280800707327353, 0.01258524539953461, 0.012886572416107632, 0.013975626311110748, 0.01316285978138666, 0.012636438627677687, 0.013227992812241827, 0.013362070151492336, 0.013231810045465678, 0.012667807914267182, 0.01303783677968495, 0.01393081243198656, 0.014574610151018574, 0.013790834934062213, 0.015266679182052168, 0.024181670980304666, 0.01541820622582571, 0.01565261398324875, 0.01293466961490102, 0.040136997491927784, 0.013168151578000139, 0.05760669248589627, 0.013007920354192787, 0.013895089450634335, 0.016163099303721017, 0.0170533838856508, 0.015657298872068407, 0.015920096957638696, 0.01691716274624708, 0.017959546089943747, 0.016050386439443214, 0.015868214824539466, 0.01831600146633714, 0.016836522288234512, 0.01808627916878763, 0.01695127872127967, 0.0156363061040435, 0.015080458640421969, 0.015956709821457832, 0.015791169190334582, 0.0157915927610915, 0.01593503756883601, 0.012398599869220277, 0.013344054613309998, 0.012873642792122638, 0.012770365519526901, 0.012626140625978277, 0.01266981971623166, 0.012162255758132779, 0.01412267245662046, 0.012924815235047477, 0.012793756305957159, 0.012676852162385177, 0.013128721616742549, 0.012789067088032147, 0.012312783194863355, 0.012998857992186223, 0.012880756120739942, 0.012625548203230481, 0.012453040041548269, 0.012585590321479696, 0.01272952631492073, 0.013250882260228513, 0.01366229496793433, 0.013494435247368958, 0.011874839360061496, 0.012256678033872094, 0.011080972691095927, 0.015132410778908572, 0.018845225313644142, 0.013288174824707545, 0.013366082115065944, 0.012961641508085977, 0.013508142589423879, 0.013732928505055244, 0.012500699843308311, 0.013659739746366377, 0.012189449953045743, 0.012459473553880336, 0.01414462461670782, 0.012720240602230358, 0.013360231481827842, 0.013025989610495104, 0.012861690606225832, 0.012208674879400479, 0.012435876818748063, 0.030152596683580852],