{"name": "J125018.55+215143.5", "flux_err_before_i": [], "mask_before_i": [], "flux_before_i": [], "MJD_before_i": [], "mask_before_r": [20.0, 20.0, 20.0, 20.0, 20.0, 20.0, 20.0, 20.0, 20.0, 20.0, 20.0, 20.0, 20.0, 20.0, 20.0, 20.0, 20.0, 20.0, 20.0, 20.0, 20.0, 20.0, 20.0, 20.0, 20.0, 20.0, 20.0, 20.0], "mask_before_g": [20.0, 20.0, 20.0, 20.0, 20.0, 20.0, 20.0, 20.0, 20.0, 20.0, 20.0, 20.0, 20.0, 20.0, 20.0, 20.0, 20.0, 20.0, 20.0, 20.0, 20.0, 20.0, 20.0, 20.0], "flux_before_r": [17.505428306299045, 17.5180700230535, 17.563300786678624, 17.527058696019395, 17.581029352545606, 17.47599622240491, 17.53439601749735, 17.497346786510903, 17.49984081957726, 17.5133789442945, 17.53261612029145, 17.581912080116204, 17.540627356011605, 17.53053416465955, 17.562628346878284, 17.552512962664768, 17.506026713427445, 17.54172219577419, 17.54542133086776, 17.55235906247961, 17.56200349440383, 17.469252225213317, 17.565853833501798, 17.5687738324438, 17.568727657530395, 17.52969358779015, 17.54203449612435, 17.576696261820047], "MJD_before_r": [58449.49025460007, 58476.46305559995, 58481.509675899986, 58493.476458299905, 58503.47684030002, 58513.45756939985, 58524.45488430001, 58540.28956020018, 58558.22917820001, 58580.347048600204, 58582.22527780011, 58589.241782399826, 58593.312893500086, 58597.24918980012, 58602.25490739988, 58606.20798610011, 58618.26649310021, 58632.16151619982, 58633.16203700006, 58633.162488400005, 58838.57258100016, 58838.573032400105, 58894.49950229982, 58955.28752310015, 58955.2879745001, 58964.26762730023, 58964.268078700174, 58978.2886806], "flux_err_before_r": [0.019815334432140345, 0.014466987066834216, 0.014713310450234995, 0.014267029603937373, 0.022397617571781464, 0.02568671534345458, 0.014985405213213893, 0.020491266358695012, 0.014833594811438892, 0.01448710679758578, 0.015509454824010891, 0.015921900883604574, 0.014257422725071058, 0.014987312051085559, 0.07413809503925034, 0.015739657185397892, 0.016096103996980787, 0.01569346930539065, 0.015543850705817895, 0.015694002193886204, 0.029079241620095193, 0.03736069000879208, 0.014282742858957214, 0.014839511919470316, 0.01457206658441111, 0.01425304049737802, 0.014378841036258826, 0.015658443468658724], "flux_before_g": [18.077080029382273, 18.131996888467633, 18.144825847025093, 18.099421720780377, 18.164195798153397, 18.14322742817418, 18.123719214629396, 18.077490450648597, 18.161821845073575, 18.089691412285717, 18.145962678695703, 18.188795647633405, 18.14752955877471, 18.17921374394884, 18.128510139878024, 18.41223607274754, 18.125500419678207, 18.115491371103914, 18.157723312040623, 18.157902143675305, 18.180000172864624, 18.162044061912592, 18.15554201050349, 18.20949558817933], "MJD_before_g": [58234.249027799815, 58234.249479200225, 58235.228090300225, 58235.22854170017, 58492.541828699876, 58493.55871530017, 58503.5400231001, 58506.51861110004, 58507.486527800094, 58522.43469909998, 58540.43611110002, 58561.29032409983, 58567.44673610013, 58580.24319439987, 58585.2270717998, 58588.21359949978, 58833.56714119995, 58833.567592599895, 58850.5764583, 58850.57690969994, 58939.31200229982, 58939.31245370023, 58963.31219909992, 58967.25031250017], "flux_err_before_g": [0.05067558030188765, 0.044448775345222395, 0.010424734624027421, 0.010204303280424529, 0.012791839117717843, 0.010435316861873907, 0.03385975414033246, 0.024948045167376517, 0.01105869635570007, 0.010169304094818867, 0.010537066984643297, 0.029640812356567434, 0.011709719527365565, 0.011455661359661041, 0.010971316035661817, 0.27850740303650817, 0.04415001816917436, 0.03433816847798416, 0.010176161580418026, 0.010040041937758752, 0.018012530888198534, 0.01701971542142288, 0.010804171606251071, 0.011271271333425974], "flux_outl_after_i": [], "MJD_outl_after_i": [], "flux_outl_err_after_i": [], "flux_outl_after_r": [17.47599622240491, 17.49984081957726, 17.562628346878284, 17.56200349440383, 17.469252225213317], "MJD_outl_after_r": [58513.45756939985, 58558.22917820001, 58602.25490739988, 58838.57258100016, 58838.573032400105], "flux_outl_err_after_r": [0.024180360843224516, 0.013963703429842135, 0.0697903903363477, 0.029079241620095193, 0.03736069000879208], "flux_outl_after_g": [18.41223607274754, 18.125500419678207], "MJD_outl_after_g": [58588.21359949978, 58833.56714119995], "flux_outl_err_after_g": [0.27850740303650817, 0.04415001816917436], "mask_after_r": [20.0, 20.0, 20.0, 20.0, 20.0, 20.0, 20.0, 20.0, 20.0, 20.0, 20.0, 20.0, 20.0, 20.0, 20.0, 20.0, 20.0, 20.0, 20.0, 20.0, 20.0, 20.0, 20.0], "mask_after_g": [20.0, 20.0, 20.0, 20.0, 20.0, 20.0, 20.0, 20.0, 20.0, 20.0, 20.0, 20.0, 20.0, 20.0, 20.0, 20.0, 20.0, 20.0, 20.0, 20.0, 20.0, 20.0], "mask_after_i": [], "flux_after_r": [17.556484866127178, 17.552021614972176, 17.585631694229146, 17.546649891267265, 17.607654993911435, 17.56787790449967, 17.556443158367582, 17.543740130722213, 17.563251468415267, 17.597265440228828, 17.560907958288503, 17.558591182982983, 17.575725013858985, 17.549875553433065, 17.58259287364455, 17.578321079704004, 17.588615638496226, 17.587685067536974, 17.558370535886034, 17.548560126772273, 17.558073175278174, 17.5664761349917, 17.592407983210826], "MJD_after_r": [58449.49025460007, 58476.46305559995, 58481.509675899986, 58493.476458299905, 58503.47684030002, 58524.45488430001, 58540.28956020018, 58580.347048600204, 58582.22527780011, 58589.241782399826, 58593.312893500086, 58597.24918980012, 58606.20798610011, 58618.26649310021, 58632.16151619982, 58633.16203700006, 58633.162488400005, 58894.49950229982, 58955.28752310015, 58955.2879745001, 58964.26762730023, 58964.268078700174, 58978.2886806], "flux_err_after_r": [0.025991912600245113, 0.0185722649588315, 0.020329641414971285, 0.015565492969929083, 0.02987592183884942, 0.016684554215444968, 0.022250465848328096, 0.017872871001851615, 0.016322364076339232, 0.022713387430556016, 0.020824746102096794, 0.01751491433598051, 0.01658242442698652, 0.022843569823971503, 0.01910553425350051, 0.0186262749106004, 0.01871241384881024, 0.019138379176806115, 0.01756344920954238, 0.01746117724101256, 0.01590189932945616, 0.016052808950598657, 0.019395541045214106], "flux_after_g": [18.155996469351436, 18.12894126168214, 18.13289854421936, 18.08198298037255, 18.159735895390664, 18.096427920431925, 18.129857628054985, 18.172972431928905, 18.158319879102493, 18.167031069838764, 18.101629794171227, 18.09493133347588, 18.15748717504284, 18.136054450068915, 18.14842389084385, 18.124086181693606, 18.133199647977907, 18.1315811408124], "MJD_after_g": [58492.541828699876, 58493.55871530017, 58503.5400231001, 58506.51861110004, 58507.486527800094, 58522.43469909998, 58540.43611110002, 58561.29032409983, 58567.44673610013, 58580.24319439987, 58585.2270717998, 58833.567592599895, 58850.5764583, 58850.57690969994, 58939.31200229982, 58939.31245370023, 58963.31219909992, 58967.25031250017], "flux_err_after_g": [0.02056636186146429, 0.01708280996660376, 0.04012134457027301, 0.032461678090572335, 0.021422847991665044, 0.018551344996183883, 0.020636220852615704, 0.034535965343051166, 0.022523676721855405, 0.020953139815582507, 0.021685802741080295, 0.040117683342753216, 0.01905392094603791, 0.02102246538048236, 0.025270706841406403, 0.02596948065016214, 0.018237632371267295, 0.021124114762016623], "flux_after_i": [], "MJD_after_i": [], "flux_err_after_i": []}