{"name": "J130613.97+601302.4", "flux_err_before_i": [], "mask_before_i": [], "flux_before_i": [], "MJD_before_i": [], "mask_before_r": [40.0, 40.0, 40.0, 40.0, 40.0, 40.0, 40.0, 40.0, 40.0, 40.0, 40.0, 40.0, 40.0, 40.0, 40.0, 40.0, 40.0, 40.0, 40.0, 40.0, 40.0, 40.0, 40.0, 40.0, 40.0, 40.0, 40.0, 40.0, 40.0, 40.0], "mask_before_g": [], "flux_before_r": [16.74221985462031, 16.70917596041818, 16.723046052156384, 16.75012540250699, 16.518460662523132, 16.732756670522605, 16.705663384471805, 16.742408359971343, 16.653029718693247, 16.730922431802377, 16.736854381086538, 16.649152058857133, 16.711438915482553, 16.726519765018338, 16.704548847865603, 16.73076368997994, 16.723110213161178, 16.72850192933616, 16.738091163667768, 16.702982369668458, 16.75265371817312, 16.744747108021357, 16.72583186205732, 16.74057954299759, 16.72823751027662, 16.743255890553392, 16.744204587450074, 16.71545769970501, 16.729362932136155, 16.744201029912325], "MJD_before_r": [58449.488344899844, 58476.47599539999, 58481.49510420021, 58509.467800899874, 58512.51046299981, 58534.35184030002, 58540.26993060019, 58558.21679400001, 58574.243414400145, 58580.35307870014, 58582.22853010008, 58589.21541670011, 58592.29048610013, 58593.287743099965, 58602.264039400034, 58606.23609950021, 58618.20531249978, 58833.50009260001, 58859.37408560002, 58859.37453699997, 58956.28870370006, 58956.28915510001, 58971.1670022998, 58971.187627300154, 58973.28442130005, 58973.28488430008, 58974.267488399986, 58974.26795140002, 58976.26247690013, 58976.26295140013], "flux_err_before_r": [0.05973972585846919, 0.019070657550394592, 0.019465864875218286, 0.020334122916986015, 0.22997624113192325, 0.020502081315412694, 0.020680481077343577, 0.020702301417984695, 0.1451400174479531, 0.019929860378452652, 0.020956417205896884, 0.056926712874310705, 0.020325013824909956, 0.020018115443859744, 0.02088501649575361, 0.020812332684753482, 0.020548464230770537, 0.019198003000309896, 0.01961063917341746, 0.01914821218532642, 0.020261741520326025, 0.01977671370999169, 0.018427568247149508, 0.018518555210622813, 0.018654786697100894, 0.019021188072876376, 0.019261811056739984, 0.018191912704942092, 0.018852131321244324, 0.01855990271431368], "flux_before_g": [], "MJD_before_g": [], "flux_err_before_g": [], "flux_outl_after_i": [], "MJD_outl_after_i": [], "flux_outl_err_after_i": [], "flux_outl_after_r": [16.518460662523132, 16.732756670522605, 16.74221985462031, 16.653029718693247, 16.649152058857133], "MJD_outl_after_r": [58512.51046299981, 58534.35184030002, 58449.488344899844, 58574.243414400145, 58589.21541670011], "flux_outl_err_after_r": [0.22997624113192325, 0.022506249283332724, 0.06557954490590709, 0.15932808788614153, 0.062491547619937485], "flux_outl_after_g": [], "MJD_outl_after_g": [], "flux_outl_err_after_g": [], "mask_after_r": [40.0, 40.0, 40.0, 40.0, 40.0, 40.0, 40.0, 40.0, 40.0, 40.0, 40.0, 40.0, 40.0, 40.0, 40.0, 40.0, 40.0, 40.0, 40.0, 40.0, 40.0, 40.0, 40.0, 40.0, 40.0], "mask_after_g": [], "mask_after_i": [], "flux_after_r": [16.820328873128954, 16.828172553717465, 16.838989648121, 16.806899655705113, 16.843368286587854, 16.820533778505364, 16.829190599538084, 16.804695006926934, 16.824436569560362, 16.80962525582859, 16.815859681641363, 16.811997287900287, 16.850513763320908, 16.8300267038025, 16.831278053594467, 16.814403247608965, 16.823415621489826, 16.81186329315732, 16.820388242438945, 16.82678693234721, 16.836752747453392, 16.849473352516274, 16.820222063455248, 16.830774518458405, 16.835683664449736], "MJD_after_r": [58476.47599539999, 58481.49510420021, 58509.467800899874, 58540.26993060019, 58558.21679400001, 58580.35307870014, 58582.22853010008, 58592.29048610013, 58593.287743099965, 58602.264039400034, 58606.23609950021, 58618.20531249978, 58833.50009260001, 58859.37408560002, 58859.37453699997, 58956.28870370006, 58956.28915510001, 58971.1670022998, 58971.187627300154, 58973.28442130005, 58973.28488430008, 58974.267488399986, 58974.26795140002, 58976.26247690013, 58976.26295140013], "flux_err_after_r": [0.02099655060766958, 0.019016972361752024, 0.020682651927652503, 0.020964796505284735, 0.021441734111720866, 0.017915537656965012, 0.019275974512467244, 0.022218940339177914, 0.020049191634453737, 0.020615024027874296, 0.01894316249684071, 0.021283199688032342, 0.019644346502314336, 0.022589212396169206, 0.02373481609950531, 0.02037552568496786, 0.020416420000854526, 0.020445394065778118, 0.018076860191151137, 0.02010263543768198, 0.02057879736861903, 0.02206667862955416, 0.022141137124786985, 0.02315661525540965, 0.018892474653572737], "flux_after_g": [], "MJD_after_g": [], "flux_err_after_g": [], "flux_after_i": [], "MJD_after_i": [], "flux_err_after_i": []}