{"name": "J130136.77+170743.2", "flux_err_before_i": [], "mask_before_i": [], "flux_before_i": [], "MJD_before_i": [], "mask_before_r": [31.0, 31.0, 31.0, 31.0, 31.0, 31.0, 31.0, 31.0, 31.0, 31.0, 31.0, 31.0, 31.0, 31.0, 31.0, 31.0, 31.0, 31.0, 31.0, 31.0], "mask_before_g": [31.0, 31.0, 31.0, 31.0, 31.0, 31.0, 31.0, 31.0, 31.0, 31.0, 31.0, 31.0, 31.0, 31.0, 31.0], "flux_before_r": [18.008793626601356, 18.02642496367714, 18.05512236131896, 18.10800020648194, 18.11367965098341, 18.01973981596778, 18.025316798761743, 18.016423574388526, 18.026179779508183, 18.015476451188448, 18.039970995689714, 18.0072995911897, 17.956637440141357, 18.010211791511473, 18.03763249257919, 18.07371024691426, 18.01278845133533, 18.05778608507369, 18.03842756614168, 18.008400007648817], "MJD_before_r": [58449.4907176001, 58476.47322920011, 58493.47737269988, 58503.47545140004, 58513.45663189981, 58524.454432900064, 58558.24155090004, 58580.346597199794, 58582.25009260001, 58593.32135420013, 58597.248749999795, 58602.255358799826, 58633.16293979995, 58633.163391199894, 58894.49859949993, 58894.499050899874, 58955.28707179986, 58955.29024309991, 58964.28962960001, 58964.290080999956], "flux_err_before_r": [0.053908050571543666, 0.006550521634999687, 0.006552316156089962, 0.052172280719758796, 0.11858024361762247, 0.006665025667905864, 0.006760714858199497, 0.006513213729102411, 0.006648716447686775, 0.0063541356255392934, 0.006813563349753586, 0.007340163543290734, 0.006495923114174024, 0.006817585866075443, 0.006243079954370271, 0.006453421010109088, 0.006298850205747909, 0.006508191658691609, 0.006441053794943628, 0.00631750948961106], "flux_before_g": [18.920778267428293, 18.87434981866766, 18.830484923349808, 18.88892834081764, 18.80197641082728, 18.864793978530486, 18.956331699287404, 18.902946723599076, 18.73450350590762, 18.83107580737009, 18.943349429920794, 18.911488682246876, 18.841282024452543, 18.884923526422256, 18.954432006122794], "MJD_before_g": [58482.52784720017, 58492.54136569984, 58503.54048610013, 58506.51815970009, 58507.48792820005, 58522.468645799905, 58540.43656249996, 58561.31244210014, 58567.44993059989, 58833.565787000116, 58833.56623840006, 58850.57736109989, 58850.57781249983, 58967.229305599816, 58967.24986110022], "flux_err_before_g": [0.028326078489360754, 0.00530849525818822, 0.10622120434968985, 0.09838676226894251, 0.07903245635207833, 0.004969916563281999, 0.005341265744582711, 0.1247868809456918, 0.05835390310416021, 0.1312388810338464, 0.11303138887634663, 0.05315646002629509, 0.04524130111653749, 0.005068050303389775, 0.005459643793793108], "flux_outl_after_i": [], "MJD_outl_after_i": [], "flux_outl_err_after_i": [], "flux_outl_after_r": [18.008793626601356, 18.11367965098341, 18.10800020648194], "MJD_outl_after_r": [58449.4907176001, 58513.45663189981, 58503.47545140004], "flux_outl_err_after_r": [0.053908050571543666, 0.11858024361762247, 0.052172280719758796], "flux_outl_after_g": [], "MJD_outl_after_g": [], "flux_outl_err_after_g": [], "mask_after_r": [31.0, 31.0, 31.0, 31.0, 31.0, 31.0, 31.0, 31.0, 31.0, 31.0, 31.0, 31.0, 31.0, 31.0, 31.0, 31.0, 31.0], "mask_after_g": [31.0, 31.0, 31.0, 31.0, 31.0, 31.0, 31.0, 31.0, 31.0, 31.0, 31.0, 31.0, 31.0], "mask_after_i": [], "flux_after_r": [18.206618607874994, 18.155194715876654, 18.09383526074687, 18.07199289578804, 18.153708906437785, 18.039428091004716, 18.264917466642004, 18.107323687425275, 18.135453268261532, 18.04455210742151, 18.102815920196413, 18.13308747366299, 18.21060744686644, 18.104819544523306, 18.07606068990347, 18.175921503462373, 17.94538620778081], "MJD_after_r": [58476.47322920011, 58493.47737269988, 58524.454432900064, 58558.24155090004, 58580.346597199794, 58582.25009260001, 58593.32135420013, 58597.248749999795, 58602.255358799826, 58633.16293979995, 58633.163391199894, 58894.49859949993, 58894.499050899874, 58955.28707179986, 58955.29024309991, 58964.28962960001, 58964.290080999956], "flux_err_after_r": [0.028008140512827868, 0.01926870907046182, 0.027491080241824572, 0.028044126611978887, 0.01894662496240588, 0.017899595491452692, 0.03271439165065293, 0.022137266894144, 0.02817285176057651, 0.020753106556776046, 0.021006113989290615, 0.021052635946917864, 0.02538570555752819, 0.02223544164626542, 0.01856746574664465, 0.01756696414467438, 0.021137116519839672], "flux_after_g": [18.821325021750432, 18.90265524844736, 19.180883620914152, 19.47272333163066, 18.955141161680086, 18.809388806602698, 18.92370089806034, 18.94391988952634, 19.190232322917122, 18.732736623902575, 18.794479925140557, 18.854101330804586, 18.789231808055778], "MJD_after_g": [58482.52784720017, 58492.54136569984, 58503.54048610013, 58506.51815970009, 58507.48792820005, 58522.468645799905, 58540.43656249996, 58561.31244210014, 58567.44993059989, 58850.57736109989, 58850.57781249983, 58967.229305599816, 58967.24986110022], "flux_err_after_g": [0.03923654116383718, 0.018851076120926173, 0.11542789520662868, 0.1065977947503868, 0.08821530765401504, 0.02459548825800757, 0.021445996465599144, 0.13545276516700241, 0.06516720396541444, 0.06683992993384771, 0.05914989049198357, 0.017202357430217, 0.020691988797188778], "flux_after_i": [], "MJD_after_i": [], "flux_err_after_i": []}