{"name": "J130808.53+640023.8", "flux_err_before_i": [], "mask_before_i": [], "flux_before_i": [], "MJD_before_i": [], "mask_before_r": [18.0, 18.0, 18.0, 18.0, 18.0, 18.0, 18.0, 18.0, 18.0, 18.0, 18.0, 18.0, 18.0, 18.0, 18.0, 18.0], "mask_before_g": [], "flux_before_r": [17.81592153348037, 17.821267738395, 17.754976317969714, 17.783666844741262, 17.789819501302095, 17.85194124182716, 17.922707409768286, 17.737853332646427, 17.88010487703555, 17.809323642453577, 17.784674146127323, 17.834932699400316, 17.774721423993572, 17.811387105345737, 17.780822983943516, 17.81638160835047], "MJD_before_r": [58448.47620370006, 58449.4618981001, 58476.45438659983, 58481.49416670017, 58493.50016199984, 58509.46876160009, 58512.51712960005, 58534.35043979995, 58540.26900460012, 58558.21585649997, 58574.24388890015, 58582.22805560008, 58589.214479200076, 58592.290011600126, 58593.291006899904, 58618.20953699993], "flux_err_before_r": [0.009720479759165965, 0.009957405242784094, 0.008752852583088113, 0.009377904910268768, 0.00879360365879724, 0.009671538915164984, 0.0191003819007116, 0.009097884518773946, 0.010851281693962626, 0.009687429252563834, 0.22821546522673342, 0.010118873499728138, 0.23841197885881593, 0.009419631840178314, 0.009373208559869584, 0.010127721032607109], "flux_before_g": [], "MJD_before_g": [], "flux_err_before_g": [], "flux_outl_after_i": [], "MJD_outl_after_i": [], "flux_outl_err_after_i": [], "flux_outl_after_r": [17.784674146127323, 17.774721423993572, 17.922707409768286], "MJD_outl_after_r": [58574.24388890015, 58589.214479200076, 58512.51712960005], "flux_outl_err_after_r": [0.22821546522673342, 0.23841197885881593, 0.038225957876707205], "flux_outl_after_g": [], "MJD_outl_after_g": [], "flux_outl_err_after_g": [], "mask_after_r": [18.0, 18.0, 18.0, 18.0, 18.0, 18.0, 18.0, 18.0, 18.0, 18.0, 18.0, 18.0, 18.0], "mask_after_g": [], "mask_after_i": [], "flux_after_r": [17.91291689810918, 17.898181509778297, 17.82857412856818, 17.85970955135633, 17.846835141087016, 17.925288137249954, 17.833665353970545, 17.914819521298725, 17.878291857916032, 17.88428722447927, 17.867898662152555, 17.858137051943515, 17.899503297260292], "MJD_after_r": [58448.47620370006, 58449.4618981001, 58476.45438659983, 58481.49416670017, 58493.50016199984, 58509.46876160009, 58534.35043979995, 58540.26900460012, 58558.21585649997, 58582.22805560008, 58592.290011600126, 58593.291006899904, 58618.20953699993], "flux_err_after_r": [0.01936875957944276, 0.017615415877257127, 0.01884342121304772, 0.01874546316431594, 0.015248140847787937, 0.017065498718157816, 0.02099347162862943, 0.01790668421276576, 0.019115457128389808, 0.016296384040536564, 0.01909090322600719, 0.01912605291804653, 0.018441042532874673], "flux_after_g": [], "MJD_after_g": [], "flux_err_after_g": [], "flux_after_i": [], "MJD_after_i": [], "flux_err_after_i": []}