{"name": "J130218.36+383241.8", "flux_err_before_i": [], "mask_before_i": [], "flux_before_i": [], "MJD_before_i": [], "mask_before_r": [39.0, 39.0, 39.0, 39.0, 39.0, 39.0, 39.0, 39.0, 39.0, 39.0, 39.0, 39.0, 39.0, 39.0, 39.0, 39.0, 39.0, 39.0, 39.0, 39.0, 39.0, 39.0, 39.0], "mask_before_g": [39.0, 39.0, 39.0, 39.0, 39.0, 39.0, 39.0, 39.0, 39.0, 39.0, 39.0, 39.0, 39.0, 39.0, 39.0, 39.0, 39.0, 39.0], "flux_before_r": [17.47531860400278, 17.450316277538334, 17.56197452982811, 17.44899266764985, 17.461104033906512, 17.479761037674464, 17.42863412988777, 17.468710881332875, 17.431906645243355, 17.518644605257006, 17.441267783912874, 17.501752111830548, 17.46609973238518, 17.46952345781234, 17.62098068997006, 17.478444420491485, 17.450817680535554, 17.466623339025926, 17.517032602322892, 17.486255520271904, 17.45201020926411, 17.491107283816913, 17.436181969956685], "MJD_before_r": [58284.18200229993, 58284.182453699876, 58449.48978010006, 58476.45255789999, 58481.47017360013, 58493.46408559987, 58503.498634300195, 58509.47927080002, 58513.4622105998, 58534.393912000116, 58540.29048610013, 58558.21814810019, 58580.350266200025, 58582.24822920002, 58589.2182407002, 58593.29004629981, 58606.26983800018, 58608.259756899904, 58618.217673600186, 58852.57244209992, 58852.57289349986, 58980.324513900094, 58980.32497690013], "flux_err_before_r": [0.019771385666879564, 0.0196117422613558, 0.0334548801206417, 0.01883244610056834, 0.018787598893972374, 0.018563252888793468, 0.034037943889537986, 0.01887965346597867, 0.05446936648526257, 0.020308951767599136, 0.02781357278565287, 0.02047436827857303, 0.019057659316249257, 0.019328539945938857, 0.12520682608758535, 0.019346723920061967, 0.01978412003306374, 0.020585385371748765, 0.020568504071492404, 0.017799666863590434, 0.017234304018961026, 0.01880323524996077, 0.01778862803741198], "flux_before_g": [18.376128538050363, 18.377461644473225, 18.391093293150593, 18.291528391655287, 18.36779537220724, 18.45921251686977, 18.372593052621593, 18.368076508346007, 18.32602453962943, 18.382392986113125, 18.336386295817682, 18.345063215963304, 18.364089545057812, 18.448352861843894, 18.36805203330406, 18.411147690962764, 18.373341596590283, 18.418509278476513], "MJD_before_g": [58246.28971059993, 58246.29017359996, 58482.535740700085, 58507.49300929997, 58522.44994209986, 58538.415312500205, 58540.38739580009, 58561.288044000044, 58567.40537039982, 58580.24424770009, 58585.228437500075, 58587.22402779991, 58851.52828700002, 58851.52873839997, 58975.29060189985, 58975.29106480023, 58995.16407410009, 58995.164537000004], "flux_err_before_g": [0.013462520749878807, 0.013369021701238997, 0.013387894696647636, 0.0025490570405100415, 0.013562917478091692, 0.13638876921469828, 0.01313990397675646, 0.01387604098113971, 0.013753232546484117, 0.01451283189970444, 0.013510439866141179, 0.013781619552297075, 0.017368039113306574, 0.01895030111622232, 0.01250649989479839, 0.012859202838620775, 0.013057246684179341, 0.01366465533328584], "flux_outl_after_i": [], "MJD_outl_after_i": [], "flux_outl_err_after_i": [], "flux_outl_after_r": [17.56197452982811, 17.42863412988777, 17.431906645243355, 17.501752111830548, 17.62098068997006], "MJD_outl_after_r": [58449.48978010006, 58503.498634300195, 58513.4622105998, 58558.21814810019, 58589.2182407002], "flux_outl_err_after_r": [0.03120404470923091, 0.03174788010327098, 0.050804682036236684, 0.019096858241726605, 0.12520682608758535], "flux_outl_after_g": [18.45921251686977], "MJD_outl_after_g": [58538.415312500205], "flux_outl_err_after_g": [0.13638876921469828], "mask_after_r": [39.0, 39.0, 39.0, 39.0, 39.0, 39.0, 39.0, 39.0, 39.0, 39.0, 39.0, 39.0, 39.0, 39.0, 39.0, 39.0, 39.0, 39.0], "mask_after_g": [39.0, 39.0, 39.0, 39.0, 39.0, 39.0, 39.0, 39.0, 39.0, 39.0, 39.0, 39.0, 39.0, 39.0, 39.0, 39.0, 39.0], "mask_after_i": [], "flux_after_r": [17.589927910381174, 17.5775608584798, 17.57921543783417, 17.594005573737483, 17.5888233499571, 17.59520696524283, 17.624287035195277, 17.53669915129198, 17.576051917150313, 17.58187968433913, 17.584692079881954, 17.545675908043375, 17.5798618872809, 17.6160707163108, 17.586735722250364, 17.562147139875425, 17.599564394883757, 17.554130151688017], "MJD_after_r": [58284.18200229993, 58284.182453699876, 58476.45255789999, 58481.47017360013, 58493.46408559987, 58509.47927080002, 58534.393912000116, 58540.29048610013, 58580.350266200025, 58582.24822920002, 58593.29004629981, 58606.26983800018, 58608.259756899904, 58618.217673600186, 58852.57244209992, 58852.57289349986, 58980.324513900094, 58980.32497690013], "flux_err_after_r": [0.019311896935934585, 0.019048915418282276, 0.020909192951504785, 0.020292546502436015, 0.015340071252334954, 0.02193868404079339, 0.022798864633781467, 0.023122759108714235, 0.017776603962275362, 0.01599301101115542, 0.02252542411231006, 0.01727691146524233, 0.019899445233821828, 0.021633157049092425, 0.016443024276408227, 0.01642168165735708, 0.01899366486174411, 0.02035893730473504], "flux_after_g": [18.349199561099123, 18.253902234083263, 18.331877560237473, 18.302564842969595, 18.303845888622842, 18.292159040763906, 18.32293980969047, 18.300726287637513, 18.31366833617474, 18.308052109757813, 18.39771664913173, 18.331132026926873, 18.36370132730233, 18.32413874177772, 18.377486270433888], "MJD_after_g": [58482.535740700085, 58507.49300929997, 58522.44994209986, 58540.38739580009, 58561.288044000044, 58567.40537039982, 58580.24424770009, 58585.228437500075, 58587.22402779991, 58851.52828700002, 58851.52873839997, 58975.29060189985, 58975.29106480023, 58995.16407410009, 58995.164537000004], "flux_err_after_g": [0.022892965943870632, 0.017130736178657773, 0.022538052743619426, 0.023919535640554896, 0.02270285050680564, 0.022947031278365816, 0.023550229013185972, 0.022233896073557215, 0.021653868770294814, 0.02581044430544145, 0.02811285596854591, 0.02410360974900603, 0.0195255688019762, 0.02101452294055476, 0.024258767838313152], "flux_after_i": [], "MJD_after_i": [], "flux_err_after_i": []}