{"name": "J131202.43+525800.3", "flux_err_before_i": [], "mask_before_i": [], "flux_before_i": [], "MJD_before_i": [], "mask_before_r": [36.0, 36.0, 36.0, 36.0, 36.0, 36.0, 36.0, 36.0, 36.0, 36.0, 36.0, 36.0, 36.0, 36.0, 36.0, 36.0, 36.0, 36.0, 36.0, 36.0, 36.0, 36.0, 36.0, 36.0, 36.0, 36.0, 36.0, 36.0, 36.0, 36.0, 36.0], "mask_before_g": [36.0, 36.0, 36.0], "flux_before_r": [18.075807453159896, 18.100574801531877, 18.11685551192337, 18.107760318054076, 18.079192741615092, 18.12590391699435, 17.91478702267481, 18.08084205921344, 17.812033447750434, 17.96471556301347, 18.06215441808785, 18.029653330191138, 17.85446544910868, 18.086854983016984, 18.11026658031551, 17.950041184614342, 18.112096912435277, 18.070077657942004, 18.03599552635658, 18.1111327407624, 18.099675240654356, 18.058429769621014, 18.000581801098384, 18.096294317975747, 18.08024255911505, 18.092619700668315, 18.111312960296004, 18.072745539911942, 18.13717171689657, 18.13926369155974, 18.092880746074428], "MJD_before_r": [58284.18571759993, 58284.186180599965, 58449.4878934999, 58476.475544000044, 58481.49555560015, 58493.4992244998, 58503.49631940015, 58509.46734949993, 58513.46408559987, 58534.39013889991, 58540.290960600134, 58558.21724539995, 58574.2429630002, 58580.35262730019, 58582.228981500026, 58589.21725689992, 58592.30559029989, 58593.28819439979, 58602.26358800009, 58606.2356480998, 58608.26158560021, 58833.49827549979, 58833.49873840017, 58852.57474539988, 58859.37498839991, 58956.28734950023, 58956.2877894002, 58973.2853472, 58973.28582180012, 58976.2709144, 58976.284814800136], "flux_err_before_r": [0.01884309872984072, 0.019178704291451517, 0.03408564740329601, 0.018174123277596793, 0.017900552638409412, 0.01814641794225193, 0.09980947190715288, 0.018479327659579655, 0.23239732950995134, 0.01648904744340811, 0.03589311162886805, 0.017770132843702418, 0.07271746113972875, 0.018212574260677114, 0.018674800650464906, 0.13866567128039986, 0.019202072600031775, 0.018278493791269466, 0.021116773074666906, 0.019130328985842597, 0.01986366757956051, 0.017326915212829908, 0.016338871711594424, 0.016970985780399395, 0.018458923333464397, 0.018422867247566355, 0.018765257424447877, 0.017084707913913262, 0.017626984764706498, 0.017529713533338844, 0.017343695528577827], "flux_before_g": [18.897907813254452, 18.925235946086236, 18.853915315063247], "MJD_before_g": [58206.30550929997, 58206.330300900154, 58641.16584490007], "flux_err_before_g": [0.008022807511247504, 0.008077884246293533, 0.009071714484748104], "flux_outl_after_i": [], "MJD_outl_after_i": [], "flux_outl_err_after_i": [], "flux_outl_after_r": [18.11685551192337, 17.91478702267481, 17.812033447750434, 18.06215441808785, 17.85446544910868, 17.950041184614342, 18.03599552635658], "MJD_outl_after_r": [58449.4878934999, 58503.49631940015, 58513.46408559987, 58540.290960600134, 58574.2429630002, 58589.21725689992, 58602.26358800009], "flux_outl_err_after_r": [0.03996103536782787, 0.09980947190715288, 0.23239732950995134, 0.04208005458402688, 0.07271746113972875, 0.13866567128039986, 0.024756699079436034], "flux_outl_after_g": [], "MJD_outl_after_g": [], "flux_outl_err_after_g": [], "mask_after_r": [36.0, 36.0, 36.0, 36.0, 36.0, 36.0, 36.0, 36.0, 36.0, 36.0, 36.0, 36.0, 36.0, 36.0, 36.0, 36.0, 36.0, 36.0, 36.0, 36.0, 36.0, 36.0, 36.0, 36.0], "mask_after_g": [36.0, 36.0, 36.0], "mask_after_i": [], "flux_after_r": [18.117722571159895, 18.159718527499905, 18.15329861401142, 18.132114416429353, 18.16108006912375, 18.11375560935416, 17.98764101744856, 18.08057421400055, 18.125134915524356, 18.12855373284318, 18.14543435176926, 18.124105383623213, 18.14961991647401, 18.148153547545565, 18.11569665800201, 18.043379844264088, 18.123750217910693, 18.125914050999487, 18.119137339091395, 18.134171631993205, 18.11348459049735, 18.179863758487066, 18.177424203347016, 18.13379061813348], "MJD_after_r": [58284.18571759993, 58284.186180599965, 58476.475544000044, 58481.49555560015, 58493.4992244998, 58509.46734949993, 58534.39013889991, 58558.21724539995, 58580.35262730019, 58582.228981500026, 58592.30559029989, 58593.28819439979, 58606.2356480998, 58608.26158560021, 58833.49827549979, 58833.49873840017, 58852.57474539988, 58859.37498839991, 58956.28734950023, 58956.2877894002, 58973.2853472, 58973.28582180012, 58976.2709144, 58976.284814800136], "flux_err_after_r": [0.018746964694636763, 0.017986093642799864, 0.019708716949655865, 0.018007679192244466, 0.0165335264576207, 0.020109519015902928, 0.02518247351965875, 0.019605971203682022, 0.018218749065653114, 0.018051955035995226, 0.020556697442731264, 0.01871940594997421, 0.01684958424388549, 0.01888480838593927, 0.021932362630668813, 0.019337745090031198, 0.01669838204353731, 0.02432711159680478, 0.017090434185550066, 0.018837418449617758, 0.017694335731739425, 0.019115739982115777, 0.01859643765537682, 0.018969579522764325], "flux_after_g": [18.859213187035607], "MJD_after_g": [58641.16584490007], "flux_err_after_g": [0.022536428093343035], "flux_after_i": [], "MJD_after_i": [], "flux_err_after_i": []}