{"name": "J131046.40+240817.2", "flux_err_before_i": [0.006885604004307773, 0.006934320357509536, 0.00689263577478712, 0.007131332687806646, 0.007083962400091236, 0.008483019850130823, 0.006848770246559183, 0.007030234705840402, 0.007078469949211574], "mask_before_i": [3.0, 3.0, 3.0, 3.0, 3.0, 3.0, 3.0, 3.0, 3.0], "flux_before_i": [17.133120199211643, 17.146674847115424, 17.124828417471484, 17.101691836500592, 17.12655571140288, 17.10164130102245, 17.11919658621059, 17.143489653592464, 17.152013574554523], "MJD_before_i": [58232.31896989979, 58247.15474539995, 58254.15593749983, 58261.29131940007, 58266.214513900224, 58274.36437499989, 58278.17368059978, 58282.18664349988, 58288.185023100115], "mask_before_r": [3.0, 3.0, 3.0, 3.0, 3.0, 3.0, 3.0, 3.0, 3.0, 3.0, 3.0, 3.0, 3.0, 3.0, 3.0, 3.0, 3.0, 3.0, 3.0, 3.0, 3.0, 3.0, 3.0, 3.0, 3.0, 3.0, 3.0, 3.0, 3.0, 3.0, 3.0, 3.0, 3.0, 3.0, 3.0, 3.0, 3.0, 3.0, 3.0, 3.0, 3.0, 3.0, 3.0, 3.0, 3.0, 3.0, 3.0, 3.0, 3.0, 3.0, 3.0, 3.0, 3.0, 40.0, 3.0, 3.0, 3.0, 3.0, 3.0, 3.0, 40.0, 40.0, 3.0, 40.0, 3.0, 3.0, 40.0, 3.0, 3.0, 40.0, 3.0, 40.0, 3.0, 3.0, 40.0, 3.0, 3.0, 40.0, 40.0, 40.0, 40.0, 40.0, 40.0, 3.0, 40.0, 40.0, 40.0, 40.0, 3.0, 3.0, 3.0, 3.0, 3.0, 3.0, 3.0, 3.0, 3.0, 3.0, 3.0, 3.0, 3.0, 3.0, 3.0, 3.0, 3.0, 3.0, 3.0], "mask_before_g": [3.0, 3.0, 3.0, 3.0, 3.0, 3.0, 3.0, 3.0, 3.0, 3.0, 3.0, 3.0, 3.0, 40.0, 40.0, 3.0, 3.0, 3.0, 3.0, 3.0, 3.0, 3.0, 3.0, 3.0, 3.0, 3.0, 3.0, 3.0, 3.0, 3.0, 3.0, 3.0, 3.0, 3.0, 3.0, 3.0, 3.0, 3.0, 3.0, 3.0, 3.0, 3.0, 3.0, 3.0, 3.0, 40.0, 40.0, 3.0, 3.0, 3.0, 3.0, 3.0, 3.0, 3.0, 3.0, 40.0, 3.0, 40.0, 40.0, 40.0, 3.0, 3.0, 3.0, 3.0, 3.0, 40.0, 40.0, 40.0, 3.0, 3.0, 3.0, 3.0, 3.0, 3.0, 3.0, 3.0, 3.0, 3.0, 3.0, 3.0, 3.0], "flux_before_r": [17.271764758302208, 17.264673561210955, 17.275191274053178, 17.275875025501577, 17.274825623366205, 17.273153070059106, 17.267426005530695, 17.275632152981238, 17.263418343077255, 17.270278719253852, 17.274330896872055, 17.270807190011183, 17.281090487594568, 17.259643753721967, 17.308094732947808, 17.273188244590003, 17.275650797488964, 17.275538348497435, 17.26985150461386, 17.26740845627371, 17.269498328548195, 17.264778071650486, 17.28154473869916, 17.276224206098654, 17.26933480455491, 17.269602779260026, 17.274837024369265, 17.275101570555343, 17.274888438859396, 17.343327933497505, 17.271758891074022, 17.2776578030845, 17.276955094138476, 17.27369306886756, 17.275377989864012, 17.27205798191887, 17.273623677048136, 17.273567005880256, 17.265947549560828, 17.271095319676242, 17.27483615612205, 17.27113412220651, 17.27432159189495, 17.27343056023493, 17.27278899289989, 17.27570373376341, 17.27243470550448, 17.273665068119307, 17.27501639019907, 17.27337232389545, 17.274873833826454, 17.276239891239232, 17.273423650150022, 17.220089540673424, 17.275557327063208, 17.273422277212937, 17.273651321268304, 17.27396238891022, 17.272582588035633, 17.276670097386443, 17.23922241863317, 17.235318954270422, 17.27393586173887, 17.245070747164558, 17.274163358623035, 17.272514830336537, 17.27168138534656, 17.27265332682199, 17.273534054746037, 17.251582287471354, 17.273320997644337, 17.16367280783532, 17.272572981544034, 17.273597850368247, 17.250351114317315, 17.281122836683515, 17.27442813586208, 17.25221330648924, 17.236091257894277, 17.26378247529769, 17.227975484862807, 17.249025998730108, 17.250256883987163, 17.274079292899486, 17.239962729765153, 17.261038122402347, 17.262457975409887, 17.243867397730607, 17.27348696991922, 17.27383436490485, 17.273393264997104, 17.271922926895105, 17.274050016837677, 17.279575648913216, 17.272580132050145, 17.273136706035636, 17.275507077921446, 17.274674141624747, 17.274859330573076, 17.27097297510917, 17.27395662464581, 17.274110061770507, 17.27553600633849, 17.278544599410452, 17.275269206085902, 17.275810081200284, 17.272679419416036], "MJD_before_r": [58216.24057869986, 58217.27791670011, 58217.28395830002, 58217.31643520016, 58217.31913190009, 58218.25642360002, 58218.27810190013, 58218.30473379977, 58222.26134259999, 58222.2797801001, 58224.23598380014, 58224.260555599816, 58224.26712960005, 58224.341273100115, 58224.342222199775, 58226.24174770014, 58227.272719900124, 58227.2736343001, 58230.233854200225, 58231.27344910009, 58231.31335650012, 58232.23054399993, 58233.192858799826, 58233.205590299796, 58242.252847199794, 58242.25383100007, 58247.23289350001, 58248.25359949982, 58248.254536999855, 58250.23421300016, 58255.233402799815, 58255.23438660009, 58256.24339119997, 58257.27115740022, 58257.27646989981, 58258.209618099965, 58258.2105208002, 58259.253842600156, 58260.18873840012, 58266.271238400135, 58267.296759299934, 58269.18888889998, 58269.18980319984, 58270.168576399796, 58272.187268500216, 58274.197523099836, 58277.24450229993, 58278.23430560017, 58279.170578700025, 58280.20277780015, 58281.19353009993, 58282.19190970017, 58282.192847200204, 58283.18787040003, 58283.21266200021, 58284.20678240014, 58295.23429400008, 58298.25570600014, 58301.17653940013, 58307.17526620021, 58449.519166700076, 58476.474143499974, 58480.544455999974, 58481.51813660003, 58487.53209490003, 58492.483900499996, 58493.495532399975, 58494.54990739981, 58494.550821799785, 58503.477303199936, 58506.54922450008, 58513.46125000017, 58522.52927079983, 58522.53018519981, 58524.45675930008, 58526.48267359985, 58526.48358799983, 58540.309502299875, 58580.32637730008, 58582.22574070003, 58589.24040509993, 58593.311979200225, 58597.250104200095, 58597.33131940011, 58606.24636569992, 58618.266944400035, 58633.16659720009, 58633.16704860004, 59180.55760420021, 59202.544999999925, 59215.53703700006, 59217.47452550009, 59219.47502310015, 59221.52651620004, 59223.48493060004, 59227.50592589984, 59229.50869210018, 59248.439699099865, 59250.429837999865, 59254.4265509001, 59256.42591439979, 59262.371435199864, 59264.51563660009, 59276.38182870019, 59290.374895799905, 59293.25667819986, 59297.288611100055],