{"name": "J132224.41+422643.3", "flux_err_before_i": [], "mask_before_i": [], "flux_before_i": [], "MJD_before_i": [], "mask_before_r": [26.0, 26.0, 26.0, 26.0, 26.0, 26.0, 26.0, 26.0, 26.0, 26.0, 26.0, 26.0, 26.0, 26.0, 26.0, 26.0, 26.0, 26.0, 26.0, 26.0, 26.0, 26.0, 26.0, 26.0, 26.0], "mask_before_g": [26.0, 26.0], "flux_before_r": [17.902412047200716, 17.865122769978786, 17.761213191820218, 17.83539444082088, 17.839892155034647, 17.828501274041987, 17.94338527683192, 17.840148871165493, 17.733215910993245, 17.833426062037965, 17.828167664392424, 17.749116022484717, 17.785052224954082, 17.804803634188673, 17.750106192713247, 17.860703667937067, 17.81273040423818, 17.79447594882857, 17.77263736910352, 17.764493268236713, 17.79527239855775, 17.816013802085415, 17.80927194399435, 17.79334030624667, 17.79027590423543], "MJD_before_r": [58284.184803199954, 58284.18526619999, 58449.48931710003, 58476.47508100001, 58481.49601850007, 58493.498773099855, 58503.49724540021, 58509.477881900035, 58513.463159699924, 58534.391076399945, 58540.29142360017, 58558.239120400045, 58580.35217589978, 58582.22943289997, 58593.28959489986, 58602.264525500126, 58606.266423599795, 58608.26203700015, 58618.217222199775, 58852.5710880002, 58852.571539400145, 58973.286284700036, 58973.28675930016, 58976.28527780017, 58976.28575230017], "flux_err_before_r": [0.014271971043286374, 0.013790126338612131, 0.020436400904760718, 0.013730201578482976, 0.014216608340495181, 0.01307734696902767, 0.08744919679945534, 0.014074036903949058, 0.016962329738333864, 0.014518761188375286, 0.023612730084841282, 0.013667388702644525, 0.01331987125075702, 0.013745501535508067, 0.013262995250023226, 0.04254422376257915, 0.013980776682365857, 0.014491372380622121, 0.013763664716504368, 0.012240423508484791, 0.012286497494515271, 0.012786882011822764, 0.013020507576554409, 0.013110379388645432, 0.012742935905562431], "flux_before_g": [18.5221740943183, 18.485934382189235], "MJD_before_g": [58206.30670139985, 58236.34581020009], "flux_err_before_g": [0.05812258241099612, 0.06102798307152915], "flux_outl_after_i": [], "MJD_outl_after_i": [], "flux_outl_err_after_i": [], "flux_outl_after_r": [17.94338527683192, 17.749116022484717, 17.860703667937067, 17.828167664392424], "MJD_outl_after_r": [58503.49724540021, 58558.239120400045, 58602.264525500126, 58540.29142360017], "flux_outl_err_after_r": [0.08744919679945534, 0.00850857047504888, 0.02648571238192061, 0.014699997373770783], "flux_outl_after_g": [], "MJD_outl_after_g": [], "flux_outl_err_after_g": [], "mask_after_r": [26.0, 26.0, 26.0, 26.0, 26.0, 26.0, 26.0, 26.0, 26.0, 26.0, 26.0, 26.0, 26.0, 26.0, 26.0, 26.0, 26.0, 26.0, 26.0, 26.0, 26.0], "mask_after_g": [26.0, 26.0], "mask_after_i": [], "flux_after_r": [17.846748714273293, 17.8121206796965, 17.82692026682765, 17.86020612982088, 17.873184376519625, 17.848375603931522, 17.84674308577453, 17.84710759936095, 17.849265869943455, 17.815066499850076, 17.844689060288374, 17.776764927562517, 17.836247898456858, 17.82087287532857, 17.8231252810183, 17.796141853211893, 17.81452328496264, 17.888396585834904, 17.85236574454072, 17.81619779161455, 17.808550005812336], "MJD_after_r": [58284.184803199954, 58284.18526619999, 58449.48931710003, 58476.47508100001, 58481.49601850007, 58493.498773099855, 58509.477881900035, 58513.463159699924, 58534.391076399945, 58580.35217589978, 58582.22943289997, 58593.28959489986, 58606.266423599795, 58608.26203700015, 58618.217222199775, 58852.5710880002, 58852.571539400145, 58973.286284700036, 58973.28675930016, 58976.28527780017, 58976.28575230017], "flux_err_after_r": [0.01928937541268399, 0.018236185830062285, 0.02709574181661182, 0.019246171314322193, 0.019080231505312177, 0.016098097015550598, 0.01996410233691916, 0.019573435648741058, 0.02630421282882045, 0.01629812302681687, 0.016585295554775854, 0.022492701362333826, 0.017180873187686775, 0.01930581087776249, 0.02213484223150773, 0.015728574136356956, 0.015532001714712779, 0.021016483224933498, 0.01992938770895398, 0.025669010817731486, 0.02450352969235889], "flux_after_g": [], "MJD_after_g": [], "flux_err_after_g": [], "flux_after_i": [], "MJD_after_i": [], "flux_err_after_i": []}