{"name": "J132516.09+403048.7", "flux_err_before_i": [], "mask_before_i": [], "flux_before_i": [], "MJD_before_i": [], "mask_before_r": [59.0, 59.0, 10.0, 10.0, 10.0, 59.0, 10.0, 59.0, 10.0, 59.0, 59.0, 10.0, 10.0, 59.0, 10.0, 59.0, 59.0, 10.0, 10.0, 59.0, 10.0, 59.0, 10.0, 59.0, 59.0, 10.0, 59.0, 10.0, 10.0, 59.0, 10.0, 59.0, 10.0, 59.0, 10.0, 59.0, 59.0, 10.0, 10.0, 59.0, 10.0, 59.0, 59.0, 59.0, 10.0, 10.0, 10.0, 10.0, 10.0, 10.0, 59.0, 59.0, 59.0], "mask_before_g": [10.0, 59.0, 59.0, 10.0, 59.0, 59.0, 59.0, 59.0, 59.0, 59.0, 59.0, 59.0, 59.0, 59.0, 59.0, 59.0, 59.0, 59.0, 59.0, 59.0, 59.0, 59.0, 59.0], "flux_before_r": [16.617437677155547, 16.63084808455103, 16.64849749953246, 16.790273306761883, 16.604589200868936, 16.595567751362672, 16.640221171703843, 16.608159844811205, 16.625524913669366, 16.6103694024144, 16.620052004596, 16.65525141572781, 16.621860478944953, 16.650879538760698, 16.648434510814667, 16.633168965445073, 16.87518978342196, 16.787453260886416, 16.655342335520167, 16.5931256961168, 16.70529185696885, 16.6977021389691, 16.63067602465259, 16.621378449699108, 16.66024917270952, 16.673936933240903, 16.62863121361071, 16.646408437808336, 16.63521912370274, 16.640760138902415, 16.45838249775592, 16.596248089813805, 16.65528819725926, 16.605958995929647, 16.807860717385257, 16.56095516170452, 16.645294365997465, 16.644568264150823, 16.640263859620397, 16.627571608593023, 16.661625435298724, 16.611619149070858, 16.61152738483208, 16.625215684287895, 16.64169119897518, 16.640298413218154, 16.627235593988434, 16.64621443571162, 16.635569441865794, 16.654247271475207, 16.659355692779734, 16.63141047158063, 16.606330631507653], "MJD_before_r": [58284.18292819988, 58284.183379599825, 58284.184803199954, 58284.18526619999, 58449.48931710003, 58449.52008099994, 58476.47508100001, 58476.47827549977, 58481.49601850007, 58481.49646990001, 58493.49831019994, 58493.498773099855, 58503.49724540021, 58503.49817130016, 58509.477881900035, 58509.4788079001, 58512.50722219981, 58513.463159699924, 58534.391076399945, 58534.3934491002, 58540.29142360017, 58540.29187500011, 58558.239120400045, 58558.2410300998, 58574.24204860022, 58574.24250000017, 58580.33145829989, 58580.35217589978, 58582.22943289997, 58582.248692099936, 58589.21918979986, 58589.23438660009, 58593.28959489986, 58593.30252309982, 58602.264525500126, 58602.26736109983, 58606.25004629977, 58606.266423599795, 58608.26203700015, 58608.26386569999, 58618.217222199775, 58618.22276620008, 58852.56655090023, 58852.56700230017, 58852.5710880002, 58852.571539400145, 58973.286284700036, 58973.28675930016, 58976.28527780017, 58976.28575230017, 58976.33326390013, 58980.325914400164, 58980.32637730008], "flux_err_before_r": [0.020206227166220933, 0.020457350879689428, 0.020792617296920772, 0.023692968827118716, 0.03174430627674805, 0.0242469580380547, 0.022116613527273492, 0.023782313419948308, 0.022644363916396994, 0.0238725010596835, 0.024015462902558172, 0.021433383100591584, 0.04994066854980524, 0.040894224405168635, 0.022692584675316384, 0.024262622800767866, 0.13534341500965785, 0.050212456058009405, 0.023648690336708703, 0.023911148617137043, 0.04250371620125845, 0.03987227499267057, 0.02320494643130694, 0.02513399591761211, 0.20908834709629254, 0.02561947866300573, 0.02443445438384189, 0.02221843858980495, 0.023654719897489553, 0.02529613765347326, 0.08149958781941777, 0.030119613612815333, 0.02350636303858254, 0.02398467061962734, 0.13126061878950265, 0.050742542601241204, 0.025907643164414667, 0.022928596203089822, 0.024536674641957263, 0.026038670368126654, 0.023440147189038734, 0.024883864049535666, 0.022239300046272153, 0.02272147045785175, 0.020452511235679906, 0.020535700680094703, 0.020692091868672158, 0.021569294222398665, 0.021659974304035528, 0.021663522219456537, 0.030153132592499177, 0.023483041681281226, 0.023146344513061315], "flux_before_g": [17.70167329448885, 17.54510457969832, 17.526895661041316, 17.712485262448645, 17.53471152344052, 17.49231324072983, 17.53678769616631, 17.507959059636004, 17.503922877420365, 17.537188545816186, 17.626102468129115, 17.4865835089453, 17.450478060333797, 17.53477717261923, 17.57159219607568, 17.528988953016892, 17.543070614935875, 17.56156213540225, 17.54580466915343, 17.541963930747187, 17.539423113177165, 17.55655111550791, 17.532599046926077], "MJD_before_g": [58206.30670139985, 58236.343900499865, 58236.34436339978, 58236.34581020009, 58246.28877309989, 58246.28922449984, 58482.53620370012, 58507.49254629994, 58522.449479199946, 58538.41484950017, 58540.386932900175, 58567.40490739979, 58588.21501159994, 58640.17915510014, 58640.17960650008, 58851.527384299785, 58851.52782410011, 58862.49909720011, 58862.499548600055, 58975.28966439981, 58975.29012730019, 58995.16313660005, 58995.16359949997], "flux_err_before_g": [0.011699933779058909, 0.012186413712446777, 0.01189685998280856, 0.012663337766012093, 0.011574938581319113, 0.011111159506629126, 0.011257168437298095, 0.010901787432685774, 0.011432026877587787, 0.02303506829520804, 0.012244895217868649, 0.011817006909226057, 0.12999449364133295, 0.01262248766381496, 0.013033797350669056, 0.015527790647940378, 0.015444801529368453, 0.01130677994809421, 0.011033567431459997, 0.011076936298672138, 0.011053080452407094, 0.011636289889294113, 0.010865099420097838], "flux_outl_after_i": [], "MJD_outl_after_i": [], "flux_outl_err_after_i": [], "flux_outl_after_r": [16.621860478944953, 16.650879538760698, 16.87518978342196, 16.787453260886416, 16.63067602465259, 16.66024917270952, 16.673936933240903, 16.45838249775592, 16.807860717385257, 16.56095516170452, 16.70529185696885, 16.6977021389691], "MJD_outl_after_r": [58503.49724540021, 58503.49817130016, 58512.50722219981, 58513.463159699924, 58558.239120400045, 58574.24204860022, 58574.24250000017, 58589.21918979986, 58602.264525500126, 58602.26736109983, 58540.29142360017, 58540.29187500011], "flux_outl_err_after_r": [0.04437748789743671, 0.03633877962217447, 0.13534341500965785, 0.044618999419133235, 0.02062001289368015, 0.18579678370759325, 0.02561947866300573, 0.08149958781941777, 0.11663873734353371, 0.04509003654859023, 0.03776898079440684, 0.03543067108054178], "flux_outl_after_g": [17.537188545816186, 17.450478060333797], "MJD_outl_after_g": [58538.41484950017, 58588.21501159994], "flux_outl_err_after_g": [0.06487675972477734, 0.12999449364133295], "mask_after_r": [59.0, 59.0, 59.0, 59.0, 59.0, 59.0, 59.0, 59.0, 59.0, 59.0, 59.0, 59.0, 59.0, 59.0, 59.0, 59.0, 59.0, 59.0, 59.0, 59.0, 59.0, 10.0, 10.0, 10.0, 10.0, 10.0, 10.0, 10.0, 10.0, 10.0, 10.0, 10.0, 10.0, 10.0, 10.0, 10.0, 10.0, 10.0, 10.0, 10.0, 10.0], "mask_after_g": [59.0, 59.0, 59.0, 59.0, 59.0, 59.0, 59.0, 59.0, 59.0, 59.0, 59.0, 59.0, 59.0, 59.0, 59.0, 59.0, 59.0, 59.0, 59.0, 10.0, 10.0], "mask_after_i": [], "flux_after_r": [16.68019784531421, 16.696889763618177, 16.65988579718553, 16.70148626531406, 16.69223634572274, 16.68927626490181, 16.682579394103847, 16.680519027317228, 16.68437066705803, 16.677018624410458, 16.68794931762342, 16.681490784543534, 16.692778780397216, 16.682622710565806, 16.73148244638035, 16.68617979982017, 16.661717602850388, 16.68430536632619, 16.677914010938874, 16.661740562519725, 16.68699481229174, 16.6602568510524, 16.691331471098504, 16.67695602463302, 16.68856421368783, 16.67838765924581, 16.675146555529672, 16.67346415556504, 16.694442615327507, 16.676931442149602, 16.668166835323653, 16.68722820180939, 16.68326441020411, 16.687378423280766, 16.670079519283235, 16.688421057276678, 16.670294068704195, 16.683766859005217, 16.687942147472643, 16.68527319915936, 16.686318067268445],