{"name": "J132719.25+114540.9", "flux_err_before_i": [], "mask_before_i": [], "flux_before_i": [], "MJD_before_i": [], "mask_before_r": [1.0, 1.0, 1.0, 1.0, 1.0, 1.0, 1.0, 1.0, 1.0, 1.0, 1.0, 1.0, 1.0, 1.0, 1.0, 1.0, 1.0, 1.0, 1.0, 1.0, 1.0, 1.0], "mask_before_g": [1.0, 1.0, 1.0, 1.0, 1.0, 1.0, 1.0, 1.0, 1.0, 1.0, 1.0, 1.0, 1.0], "flux_before_r": [17.000846775199427, 17.008417929529408, 17.02913616801166, 17.030857891694275, 16.864821032524414, 17.031464810881793, 17.128715061497743, 17.015685128566822, 17.030396978658413, 17.04764683658074, 17.041064963204235, 17.04578785223265, 17.045405025820934, 17.01425093133691, 17.0292432492635, 17.061181635710902, 17.029762424418976, 17.02275581507034, 17.054687773936124, 17.03264455264633, 17.039457105431133, 17.027547987891335], "MJD_before_r": [58283.18600689992, 58283.186469899956, 58476.487395800184, 58493.49644679995, 58503.479629599955, 58524.455335599836, 58540.30995369982, 58558.244409699924, 58580.326828700025, 58582.26956020016, 58589.249768500216, 58593.32181710005, 58597.24965280015, 58606.24591440009, 58608.271238400135, 58633.164745400194, 58633.16519680014, 58637.16401620023, 58637.164467600174, 58895.46017359989, 58955.29159720009, 58955.29204860004], "flux_err_before_r": [0.010989756171747033, 0.011399781272934704, 0.01178972877066931, 0.011618565307777776, 0.019162746737431336, 0.011949652366127711, 0.016762368019970986, 0.012496931757036027, 0.011827368776166702, 0.013901705418962287, 0.013195788073780388, 0.012102761852568495, 0.012045126271222424, 0.012130249099032405, 0.012466560429030134, 0.012780916605012597, 0.012330886962491792, 0.01291789270020302, 0.013136644774344747, 0.011189924798454669, 0.011212751285213266, 0.011109858867378709], "flux_before_g": [17.846034269642267, 17.844954908289104, 17.866372780303244, 17.874894441464487, 17.84353990965752, 17.856857905000176, 17.829540436670253, 17.843888737924843, 17.85016293535745, 17.872645664452566, 17.890947392428405, 17.86385145825332, 17.829312154675833], "MJD_before_g": [58235.229016200174, 58286.1864120001, 58506.52090279991, 58507.48607640015, 58511.49530090019, 58522.43561339984, 58567.449479199946, 58850.56378469989, 58850.56423609983, 58963.2874305998, 58963.28788190009, 58979.28869209997, 58979.28915510001], "flux_err_before_g": [0.010492754667157753, 0.010688032706705004, 0.010616586997743685, 0.003923549205420313, 0.011334745535353253, 0.01102805625506329, 0.01143225717214573, 0.010083035726181466, 0.010171405884715655, 0.010865609093677597, 0.010919802102011461, 0.01080081168523744, 0.010550685381353394], "flux_outl_after_i": [], "MJD_outl_after_i": [], "flux_outl_err_after_i": [], "flux_outl_after_r": [16.864821032524414, 17.128715061497743], "MJD_outl_after_r": [58503.479629599955, 58540.30995369982], "flux_outl_err_after_r": [0.02349180504820732, 0.02054915649969328], "flux_outl_after_g": [], "MJD_outl_after_g": [], "flux_outl_err_after_g": [], "mask_after_r": [1.0, 1.0, 1.0, 1.0, 1.0, 1.0, 1.0, 1.0, 1.0, 1.0, 1.0, 1.0, 1.0, 1.0, 1.0, 1.0, 1.0, 1.0, 1.0, 1.0], "mask_after_g": [1.0, 1.0, 1.0, 1.0, 1.0, 1.0, 1.0, 1.0, 1.0, 1.0, 1.0, 1.0, 1.0], "mask_after_i": [], "flux_after_r": [17.07812238790306, 17.078293670125326, 17.117787265753236, 17.115526128353896, 17.099261106691287, 17.107231905767193, 17.093538673859122, 17.10525632199526, 17.128861652067833, 17.118776855205866, 17.104786495725016, 17.08892308508229, 17.098437667492615, 17.13038515472684, 17.09397065746117, 17.089667017150283, 17.108337392051798, 17.106580953993603, 17.099879834063465, 17.097521381592376], "MJD_after_r": [58283.18600689992, 58283.186469899956, 58476.487395800184, 58493.49644679995, 58524.455335599836, 58558.244409699924, 58580.326828700025, 58582.26956020016, 58589.249768500216, 58593.32181710005, 58597.24965280015, 58606.24591440009, 58608.271238400135, 58633.164745400194, 58633.16519680014, 58637.16401620023, 58637.164467600174, 58895.46017359989, 58955.29159720009, 58955.29204860004], "flux_err_after_r": [0.013841952967735962, 0.01376833665330203, 0.013873426533407469, 0.010687581216985962, 0.01322402021828521, 0.015576695875738497, 0.014395633884267654, 0.014284741716444175, 0.017252372075572307, 0.017444172423991954, 0.012483111143636033, 0.012503829807226719, 0.011932566389506431, 0.012329018026475997, 0.012704560727763329, 0.013909280791622423, 0.013882652554984113, 0.013634073975381383, 0.010794275808223789, 0.01121461763173541], "flux_after_g": [17.814135638341945, 17.848965142590256, 17.834985745934443, 17.79745070763537, 17.83625576210852, 17.817264056588883, 17.807621075092154, 17.80466227175711, 17.810211886025762, 17.83441545627197, 17.832134896526803, 17.794389546671887], "MJD_after_g": [58286.1864120001, 58506.52090279991, 58507.48607640015, 58511.49530090019, 58522.43561339984, 58567.449479199946, 58850.56378469989, 58850.56423609983, 58963.2874305998, 58963.28788190009, 58979.28869209997, 58979.28915510001], "flux_err_after_g": [0.017164694710906724, 0.019432404290530506, 0.018100811427274207, 0.022309967038011264, 0.017252872939056405, 0.017719827010362163, 0.018198667166639097, 0.01962106998924735, 0.018277718365214354, 0.016450658922641925, 0.02113949240181564, 0.01799796712832844], "flux_after_i": [], "MJD_after_i": [], "flux_err_after_i": []}