{"name": "J133514.26+361334.2", "flux_err_before_i": [0.17866717358382914, 0.0358828631704822, 0.035482036549436186, 0.03525548144094628, 0.037067167519382806, 0.0368969761914073, 0.037297469682764615, 0.036458192422249625, 0.035837432789872774, 0.037203714346161695, 0.03851802619659613, 0.03566013200829509, 0.03527517140612763, 0.03443914910819998, 0.03799355073727014, 0.09046802450805282, 0.0347609823525169, 0.011107405887913833], "mask_before_i": [58.0, 58.0, 58.0, 58.0, 58.0, 58.0, 58.0, 58.0, 58.0, 58.0, 58.0, 58.0, 58.0, 58.0, 58.0, 58.0, 58.0, 58.0], "flux_before_i": [17.48373793803065, 17.55452478565924, 17.562728410346494, 17.551273687260075, 17.553480564972418, 17.555384003034, 17.56810548707599, 17.541494894965503, 17.56934929173635, 17.570872815953997, 17.610767123550705, 17.541164429389454, 17.538079894852384, 17.51943809493913, 17.55648177059013, 17.670526754829897, 17.5188371660599, 17.556538668528724], "MJD_before_i": [58214.38465279993, 58227.38248840021, 58232.31995370006, 58247.159374999814, 58261.17094910005, 58261.17188660009, 58261.21326390002, 58261.21420140006, 58263.32435189979, 58267.235451399814, 58272.34050930012, 58277.170347199775, 58282.18567130016, 58286.181504600216, 58299.299641199876, 58308.174016200006, 58547.42244210001, 58912.39667819999], "mask_before_r": [58.0, 58.0, 58.0, 58.0, 58.0, 23.0, 23.0, 23.0, 23.0, 23.0, 23.0, 23.0, 23.0, 23.0, 23.0, 23.0, 23.0, 23.0, 23.0, 23.0, 23.0, 23.0, 23.0, 23.0, 23.0, 23.0, 23.0, 23.0, 23.0, 23.0, 23.0], "mask_before_g": [58.0, 58.0, 58.0, 58.0, 58.0, 58.0, 58.0, 58.0, 58.0, 58.0, 58.0, 58.0, 58.0, 58.0, 58.0, 58.0, 58.0, 58.0, 58.0, 58.0, 58.0, 23.0, 23.0, 58.0, 58.0, 58.0, 58.0, 23.0, 23.0, 58.0, 58.0, 58.0, 58.0, 58.0, 58.0, 58.0, 58.0, 58.0, 58.0, 58.0, 58.0, 58.0, 58.0, 58.0, 58.0, 58.0, 58.0, 58.0, 58.0, 58.0, 58.0, 58.0, 58.0, 58.0, 58.0, 58.0, 58.0, 23.0, 58.0, 58.0, 58.0, 58.0, 58.0, 23.0, 23.0, 58.0, 58.0, 23.0, 58.0, 23.0, 23.0, 58.0, 23.0, 23.0, 23.0, 23.0, 23.0, 23.0, 23.0, 58.0, 58.0, 23.0, 23.0, 23.0, 23.0, 58.0, 58.0, 58.0, 58.0, 58.0, 58.0, 58.0, 58.0, 58.0, 58.0, 58.0, 58.0, 58.0, 58.0, 58.0, 58.0, 58.0, 58.0, 58.0, 58.0, 58.0, 58.0, 58.0, 58.0, 58.0, 58.0, 58.0, 58.0, 58.0, 58.0, 58.0, 58.0, 58.0, 58.0, 58.0, 58.0, 58.0, 58.0, 58.0, 58.0], "flux_before_r": [17.8128988607594, 17.81246796080873, 17.80175534676195, 17.722490885978825, 17.864652746293075, 17.954121930587718, 17.940630849016372, 17.87441684276171, 17.883663267682866, 17.885887514534048, 17.913067746469192, 17.88654410623941, 17.930099991386566, 18.176109590509924, 17.83885863502745, 17.99732176392004, 17.85150214092303, 18.04447615406745, 17.90510107226252, 17.900530878959536, 17.89319658739446, 17.890799379708586, 17.958586492553, 17.91637524582959, 17.914172509456474, 17.970604653324617, 17.901252086903792, 17.922901377706463, 17.903816058290666, 17.907746403621815, 17.903231597412805], "MJD_before_r": [58218.25549770007, 58218.27951390017, 58222.2822106001, 58230.273043999914, 58245.192870399915, 58284.18292819988, 58284.183379599825, 58449.52008099994, 58476.47827549977, 58481.49646990001, 58493.49831019994, 58503.49817130016, 58509.4788079001, 58512.50722219981, 58534.3934491002, 58540.29187500011, 58558.2410300998, 58574.24204860022, 58580.33145829989, 58582.248692099936, 58589.23438660009, 58593.30252309982, 58602.26736109983, 58606.25004629977, 58608.26386569999, 58618.22276620008, 58852.56655090023, 58852.56700230017, 58976.33326390013, 58980.325914400164, 58980.32637730008], "flux_err_before_r": [0.017062899678409127, 0.017056129208930848, 0.01688866929846273, 0.07606544394831856, 0.017895934912229867, 0.019433099095208156, 0.019193122387362937, 0.018747356160186204, 0.01843310937839768, 0.01868995685601806, 0.0180218923679422, 0.0038151117404494174, 0.019242136432185912, 0.1186798883957571, 0.01835171884462245, 0.039721166918652566, 0.01902892039944542, 0.13519755317049711, 0.019021892454580847, 0.019147216353915756, 0.025560652023799268, 0.019150188135321787, 0.03106332139181317, 0.01998220413637304, 0.020278802092761106, 0.020574777832176788, 0.017448340499960073, 0.01775226793667844, 0.021953295153342496, 0.017956920275441796, 0.017760939380947523], "flux_before_g": [18.46838649640997, 18.531057849733774, 18.611689549321532, 18.44892077057081, 18.526470786744333, 18.488889717492462, 18.4869245717223, 18.497793571126394, 18.53727814250869, 18.520330410845155, 18.587849496147786, 18.613361987309922, 18.70246596732076, 18.542572307382287, 18.542323934107863, 18.57178453583273, 18.581775258739867, 18.56523135285611, 18.419784306419633, 18.43855783015011, 18.543386082029503, 18.397496097712185, 18.613246211551964, 18.53805878445082, 18.568745093145573, 18.53729643140354, 18.410722619942092, 18.522639555279028, 18.5320397743384, 18.499406119832507, 18.50161650565452, 18.498787527431467, 18.53597781923405, 18.571223301801364, 18.47750849888805, 18.61131639460462, 18.410364511084204, 18.514562797577828, 18.545741799720574, 18.510494127274697, 18.525464839641614, 18.51317726666515, 18.489132236038095, 18.49749864996277, 18.51019394011344, 18.476710811995428, 18.524469973643875, 18.515778105740033, 18.491845012309867, 18.504534275907414, 18.470044709044863, 18.546341973209664, 18.563485789293924, 18.51240144033131, 18.528399169150237, 18.419680427127382, 18.549940203717295, 18.492663706040695, 18.49431527641226, 18.480879813581755, 18.500775863228576, 18.504113733983548, 18.513491087179872, 18.389997820085867, 18.533113851098527, 18.49858282595694, 18.528656288593787, 18.50609130845489, 18.512149028420687, 18.497281037882992, 18.474376921814013, 18.52476022911658, 18.0518824734709, 18.50520960243402, 18.511114418675277, 18.502094813437708, 18.518887960658475, 18.492149301019268, 18.496850371488964, 18.455693331500505, 18.533233884035916, 18.428270143557647, 18.43052185289269, 18.467887096979737, 18.4910247953912, 18.289454286449324, 18.50208747153583, 18.55341575174845, 18.53312160237575, 18.559780952831552, 18.521761022012072, 18.458993082182687, 18.487582375713636, 18.48616241235816, 18.497269452841174, 18.503653806236883, 18.54973259015315, 18.515852269823778, 18.49275415608995, 18.490527138878107, 18.52097522311173, 18.387006805809524, 18.499510209602445, 18.496684600356588, 18.492043033353106, 18.464979182587, 18.519976766925488, 18.48591966677737, 18.49237491719844, 18.492990775167165, 18.382049682313436, 18.48528084443819, 18.53188874916911, 18.470816167108563, 18.546734397491115, 18.50283015304555, 18.498584411112276, 18.481179126358903, 18.495281473202212, 18.53021157647436, 18.459460210854882, 18.518891086785445, 18.489101896880722, 18.521643785531356, 18.61625435194044],