{"name": "J134912.71+445100.6", "flux_err_before_i": [], "mask_before_i": [], "flux_before_i": [], "MJD_before_i": [], "mask_before_r": [46.0, 46.0, 46.0, 46.0, 46.0, 46.0, 46.0, 46.0, 46.0, 46.0, 46.0, 46.0, 46.0, 46.0, 46.0, 46.0, 46.0, 46.0, 46.0, 46.0], "mask_before_g": [46.0, 46.0, 46.0, 46.0, 46.0, 46.0, 46.0, 46.0, 46.0, 46.0, 46.0, 46.0, 46.0, 46.0, 46.0, 46.0], "flux_before_r": [18.171405804907618, 18.114703951398866, 18.12991986335195, 18.12338452121541, 18.169235534867248, 18.371738540960795, 18.300376007672075, 18.18671127028397, 18.189067556279454, 18.158639842616243, 18.171215691870447, 18.136404324759418, 18.155866636528064, 18.208314026065338, 18.211044910164073, 18.147848557378477, 18.18181942473523, 18.166724591120605, 18.1548748929225, 18.131104185260245], "MJD_before_r": [58284.18756939983, 58476.47782409983, 58481.499305599835, 58503.49771990022, 58509.478356500156, 58512.50767360022, 58534.39153939998, 58540.30232639983, 58558.247858799994, 58580.33190969983, 58593.30207179999, 58606.25575229991, 58608.263414400164, 58618.2181712999, 58649.27000000002, 58649.27046300005, 58852.56790510006, 58852.56835650001, 58980.32918980019, 58980.329652800225], "flux_err_before_r": [0.009153172615582253, 0.008934102097260194, 0.009128034565673657, 0.09728134813405764, 0.00931673074709237, 0.1670738824969577, 0.030847707079408575, 0.013000912601362834, 0.009919193288750539, 0.009343407010867834, 0.009407963144364175, 0.009498413248297278, 0.00999990755745145, 0.010030785444166995, 0.010602964191585839, 0.010082976467394717, 0.00871961079825379, 0.008513324098162679, 0.008829157981961258, 0.008713066019896564], "flux_before_g": [19.038531234922978, 18.888035118677358, 19.094162629477815, 18.93411409937236, 18.843404508527513, 18.985252461406166, 19.030981189974995, 18.937608343285497, 19.006822410702572, 18.91721178921003, 18.955613870066937, 19.09434470260407, 18.853788608876776, 18.97916151677159, 18.984659079382663, 19.07275050530071], "MJD_before_g": [58206.30908560008, 58236.34629630018, 58236.34675930021, 58482.53807870019, 58507.493506900035, 58540.426643500105, 58567.40950229997, 58640.18005790003, 58640.18050929997, 58643.185080999974, 58643.18553239992, 58975.27984949993, 58975.28031249996, 58995.16173609998, 58995.162199100014, 59000.24424770009], "flux_err_before_g": [0.040326054037391174, 0.09814124269224873, 0.13081867627074237, 0.005349992994004814, 0.07580707026042678, 0.005383795536923894, 0.03830423647526625, 0.005998337678409908, 0.006381408372989477, 0.005553314752316605, 0.005782999058205358, 0.12655808691762063, 0.09503573640416622, 0.0054991071281441616, 0.005586389404232697, 0.005892882418855149], "flux_outl_after_i": [], "MJD_outl_after_i": [], "flux_outl_err_after_i": [], "flux_outl_after_r": [18.12338452121541, 18.189067556279454, 18.371738540960795, 18.300376007672075], "MJD_outl_after_r": [58503.49771990022, 58558.247858799994, 58512.50767360022, 58534.39153939998], "flux_outl_err_after_r": [0.09728134813405764, 0.020928641204490825, 0.1670738824969577, 0.030847707079408575], "flux_outl_after_g": [], "MJD_outl_after_g": [], "flux_outl_err_after_g": [], "mask_after_r": [46.0, 46.0, 46.0, 46.0, 46.0, 46.0, 46.0, 46.0, 46.0, 46.0, 46.0, 46.0, 46.0, 46.0, 46.0, 46.0], "mask_after_g": [46.0, 46.0, 46.0, 46.0, 46.0, 46.0, 46.0, 46.0, 46.0, 46.0, 46.0, 46.0, 46.0, 46.0, 46.0, 46.0], "mask_after_i": [], "flux_after_r": [18.257196110486348, 18.210066419191058, 18.208238832726494, 18.270481763351867, 18.241982907779125, 18.226225882316964, 18.244289850689437, 18.222812106627586, 18.229817815061462, 18.278442170543872, 18.29016635308699, 18.235906791035557, 18.25272583344993, 18.23548847482121, 18.23136267845559, 18.21507898677752], "MJD_after_r": [58284.18756939983, 58476.47782409983, 58481.499305599835, 58509.478356500156, 58540.30232639983, 58580.33190969983, 58593.30207179999, 58606.25575229991, 58608.263414400164, 58618.2181712999, 58649.27000000002, 58649.27046300005, 58852.56790510006, 58852.56835650001, 58980.32918980019, 58980.329652800225], "flux_err_after_r": [0.01941515750276583, 0.021294111716813894, 0.019167509314780413, 0.021246481653198236, 0.024143490712461035, 0.018707157704375903, 0.020779420831997263, 0.017103117910180727, 0.01913031607870906, 0.022625123757870732, 0.02372362776608496, 0.020480014541690135, 0.01653287727381173, 0.01678768586556969, 0.0188378059475762, 0.01875810319177032], "flux_after_g": [18.898298535664708, 18.819064415961673, 18.949606248807317, 19.00667352760147, 18.90125270259199, 18.97732046232987, 18.895687110365156, 18.935098709922976, 19.038439432596753, 18.84401084530888, 18.95247001253327, 18.952495191411465, 19.052806449225812], "MJD_after_g": [58482.53807870019, 58507.493506900035, 58540.426643500105, 58567.40950229997, 58640.18005790003, 58640.18050929997, 58643.185080999974, 58643.18553239992, 58975.27984949993, 58975.28031249996, 58995.16173609998, 58995.162199100014, 59000.24424770009], "flux_err_after_g": [0.022927364595956, 0.07957942141601354, 0.020117178836890726, 0.044200700760350056, 0.01992632976769367, 0.016747431770742765, 0.021822597049285783, 0.0192570318893561, 0.1280374357244483, 0.09660604835050564, 0.020065750254074723, 0.025238365683854003, 0.022460207098712295], "flux_after_i": [], "MJD_after_i": [], "flux_err_after_i": []}