{"name": "J134738.24+474301.9", "flux_err_before_i": [0.018208759335951816, 0.0179484572457134, 0.01819971692364733, 0.018590419224050265, 0.018482308165615042, 0.05536161820298235, 0.01747198812077284, 0.017890255259115785, 0.016671236872868644], "mask_before_i": [47.0, 47.0, 47.0, 47.0, 47.0, 47.0, 47.0, 47.0, 47.0], "flux_before_i": [16.862915988873088, 16.92088291127696, 16.90587668178706, 16.907638057758923, 16.91570561710597, 16.902337038931144, 16.886770913480426, 16.91905644198301, 16.862734654640995], "MJD_before_i": [58596.352928199805, 58892.41318289982, 58908.39497689996, 58954.35336809978, 58955.3509837999, 58966.28081020014, 58971.3306481, 58972.3301736, 58975.32612269977], "mask_before_r": [47.0, 47.0, 59.0, 47.0, 47.0, 59.0, 47.0, 59.0, 47.0, 47.0, 59.0, 47.0, 59.0, 59.0, 47.0, 59.0, 47.0, 59.0, 47.0, 59.0, 47.0, 59.0, 47.0, 59.0, 59.0, 47.0, 47.0, 59.0, 47.0, 59.0, 47.0, 59.0, 47.0, 47.0, 59.0, 47.0, 59.0, 47.0, 59.0, 59.0, 59.0, 59.0, 47.0, 47.0, 47.0, 47.0, 47.0, 47.0, 59.0, 59.0], "mask_before_g": [47.0, 59.0, 47.0, 59.0, 59.0, 47.0, 59.0, 47.0, 59.0, 47.0, 59.0, 47.0, 47.0, 59.0, 47.0, 59.0, 47.0, 59.0, 59.0, 59.0, 59.0, 47.0, 47.0, 47.0, 47.0, 59.0, 59.0, 47.0, 47.0, 59.0, 59.0, 47.0, 47.0, 47.0, 59.0], "flux_before_r": [17.109056816531048, 17.065374121975655, 17.091473763045965, 17.064917648802044, 17.09137616311896, 17.058724613854405, 17.067264368033314, 17.045399277721202, 17.086135317492477, 16.966949278470487, 17.013906220966742, 16.989705455058164, 17.003486422748246, 16.92054140038383, 17.287144893608964, 16.564530958124212, 17.088768329220535, 17.02146885846033, 17.263418308701485, 17.13870318460238, 17.148280704386135, 17.056687493082563, 17.041976289876434, 17.023762952944626, 17.13954688950318, 17.112551873930254, 17.132593229921035, 17.261219672040095, 17.054192381437275, 17.095138168560773, 16.975126240177673, 17.05491828271822, 17.055250627554337, 17.077976126334093, 17.040236651141626, 17.02766475357769, 16.967090271248956, 17.165822230148958, 17.006871302844, 17.012888275838552, 17.140274205995446, 17.1559410299624, 17.154234879581686, 17.15972811823392, 17.08620175533813, 17.096963815940043, 17.078053767922484, 17.10799207261931, 17.10001445698646, 17.093853351180034], "MJD_before_r": [58284.184803199954, 58284.18526619999, 58284.18756939983, 58449.48931710003, 58476.47508100001, 58476.47782409983, 58481.49601850007, 58481.499305599835, 58493.498773099855, 58503.49724540021, 58503.49771990022, 58509.477881900035, 58509.478356500156, 58512.50767360022, 58513.463159699924, 58513.47504629986, 58534.391076399945, 58534.39153939998, 58540.29142360017, 58540.30232639983, 58558.239120400045, 58558.247858799994, 58574.24250000017, 58574.24618060002, 58580.33190969983, 58580.35217589978, 58582.22943289997, 58589.21966439998, 58593.28959489986, 58593.30207179999, 58602.264525500126, 58606.25575229991, 58606.266423599795, 58608.26203700015, 58608.263414400164, 58618.217222199775, 58618.2181712999, 58619.16546300007, 58649.27000000002, 58649.27046300005, 58852.56790510006, 58852.56835650001, 58852.5710880002, 58852.571539400145, 58973.286284700036, 58973.28675930016, 58976.28527780017, 58976.28575230017, 58980.32918980019, 58980.329652800225], "flux_err_before_r": [0.01561986248601553, 0.015003898872164387, 0.015368942463148435, 0.028672234440099042, 0.019684525240359355, 0.017679269861007284, 0.019398146134001114, 0.017706559804148498, 0.019281845848338107, 0.03722152742498326, 0.03350710972966061, 0.017690359617531983, 0.016940610163489946, 0.06401342134134438, 0.10766447746546597, 0.07587424534615926, 0.019777063647029414, 0.01728868744301419, 0.05195433651152847, 0.025688323001292142, 0.021476660961712624, 0.018595569214179316, 0.24090445190611193, 0.15934499725577908, 0.019024499290397345, 0.020435968711337838, 0.021599901539473526, 0.20849928823719047, 0.019180124950162903, 0.0182435666201554, 0.02796565370765411, 0.018704314343136276, 0.02015741005189971, 0.020962589509605764, 0.01884469617793816, 0.019084482189827254, 0.01718741597445061, 0.24300029130816758, 0.01845368064936005, 0.018404744373763986, 0.018051951660927816, 0.018275568332095003, 0.01944412620841806, 0.019660100194006224, 0.018496739561943674, 0.018559232221343844, 0.018322974900010953, 0.019063880567603587, 0.017731287119086465, 0.017935596294022967], "flux_before_g": [17.672814358293337, 17.5697760796043, 17.570911624852712, 17.522708496759943, 17.593767706997212, 17.594258553896953, 17.4947937750323, 17.50351626157493, 17.391372788635003, 17.514755714592557, 17.40608369010206, 17.55768304665594, 17.630325663374737, 17.597657357501816, 17.651606844798934, 17.450895789722615, 17.593408170703647, 17.431794087751477, 17.433928669328555, 17.451221921729754, 17.450977005796197, 17.669455713821907, 17.67230834118234, 17.604773458440448, 17.72210972768575, 17.527486888627877, 17.458712690452963, 17.687167449212055, 17.58281593975808, 17.586428027406296, 17.576704960746675, 17.6994948424342, 17.65753517772221, 17.633017599278723, 17.556310349494737], "MJD_before_g": [58206.30670139985, 58206.30908560008, 58236.34581020009, 58236.34629630018, 58236.34675930021, 58482.53528939979, 58482.53807870019, 58506.49800929986, 58507.493506900035, 58507.49396990007, 58522.47599539999, 58522.47738429997, 58540.38835649984, 58540.426643500105, 58561.28708329983, 58567.40950229997, 58588.21636570012, 58640.18005790003, 58640.18050929997, 58643.185080999974, 58643.18553239992, 58836.566400500014, 58836.56685189996, 58969.22844910016, 58969.22892360017, 58975.27984949993, 58975.28031249996, 58975.284525500145, 58975.28500000015, 58995.16173609998, 58995.162199100014, 58995.16547450004, 58995.16594910016, 59000.24237270001, 59000.24424770009], "flux_err_before_g": [0.012553333046794646, 0.01100179984441205, 0.012369665558609754, 0.01108859971962784, 0.011869171101978928, 0.01218812021903837, 0.010293209632364598, 0.011011330864574136, 0.00961750505364259, 0.011145398305462885, 0.00993451760621437, 0.011822423878642562, 0.012949218918509689, 0.010866664299215342, 0.014075895879022792, 0.010792240718675787, 0.20012206652772943, 0.010973645916527549, 0.010897447250144379, 0.010493541306942114, 0.010529896684051005, 0.012897204711736861, 0.01289782987491018, 0.039082531906090866, 0.023713584103739582, 0.01174216187514766, 0.010464497628737196, 0.01272507314591043, 0.011655198747791872, 0.011167720052007077, 0.01148775836609583, 0.013690876242367537, 0.013307221285683797, 0.01226988090731657, 0.010715130076340215], "flux_outl_after_i": [16.862915988873088, 16.90587668178706, 16.907638057758923, 16.91570561710597, 16.902337038931144], "MJD_outl_after_i": [58596.352928199805, 58908.39497689996, 58954.35336809978, 58955.3509837999, 58966.28081020014], "flux_outl_err_after_i": [0.023018183996968276, 0.02300675323958603, 0.02350065055970476, 0.023363984453615063, 0.06998411537298427], "flux_outl_after_r": [16.966949278470487, 17.013906220966742, 17.287144893608964, 17.088768329220535, 17.041976289876434, 17.023762952944626, 17.261219672040095, 17.165822230148958, 17.064917648802044, 16.92054140038383, 16.564530958124212, 17.02146885846033, 17.263418308701485, 16.975126240177673], "MJD_outl_after_r": [58503.49724540021, 58503.49771990022, 58513.463159699924, 58534.391076399945, 58574.24250000017, 58574.24618060002, 58589.21966439998, 58619.16546300007, 58449.48931710003, 58512.50767360022, 58513.47504629986, 58534.39153939998, 58540.29142360017, 58602.264525500126], "flux_outl_err_after_r": [0.02944863865195171, 0.026509894541237096, 0.08518114413551987, 0.015647063439613303, 0.24090445190611193, 0.15934499725577908, 0.20849928823719047, 0.24300029130816758, 0.02268467550323538, 0.05064564096021194, 0.07587424534615926, 0.01367832930290041, 0.04110482799002414, 0.02212564845336112], "flux_outl_after_g": [17.593408170703647, 17.604773458440448, 17.72210972768575], "MJD_outl_after_g": [58588.21636570012, 58969.22844910016, 58969.22892360017],