{"name": "J135138.61+231901.8", "flux_err_before_i": [], "mask_before_i": [], "flux_before_i": [], "MJD_before_i": [], "mask_before_r": [38.0, 38.0], "mask_before_g": [38.0, 38.0, 38.0, 38.0], "flux_before_r": [17.161404552995364, 17.141469703485974], "MJD_before_r": [58283.18509260006, 58283.18554400001], "flux_err_before_r": [0.00030628083268578775, 0.00030081942676161196], "flux_before_g": [17.90002537273035, 17.962610986909354, 17.926308241405934, 17.908066589533863], "MJD_before_g": [58235.242037000135, 58235.244328700006, 58286.18687500013, 58286.18733800016], "flux_err_before_g": [0.011754500706287833, 0.012284526799026295, 0.012079176685989592, 0.011779874758339554], "flux_outl_after_i": [], "MJD_outl_after_i": [], "flux_outl_err_after_i": [], "flux_outl_after_r": [], "MJD_outl_after_r": [], "flux_outl_err_after_r": [], "flux_outl_after_g": [], "MJD_outl_after_g": [], "flux_outl_err_after_g": [], "mask_after_r": [38.0, 38.0], "mask_after_g": [38.0, 38.0, 38.0, 38.0], "mask_after_i": [], "flux_after_r": [17.27705424692428, 17.284463137743327], "MJD_after_r": [58283.18509260006, 58283.18554400001], "flux_err_after_r": [0.015545709639730574, 0.012574569449778904], "flux_after_g": [17.872516891292328, 17.86443191646178], "MJD_after_g": [58286.18687500013, 58286.18733800016], "flux_err_after_g": [0.02092119550712014, 0.020390755866175538], "flux_after_i": [], "MJD_after_i": [], "flux_err_after_i": []}