{"name": "J135915.50+114350.6", "flux_err_before_i": [], "mask_before_i": [], "flux_before_i": [], "MJD_before_i": [], "mask_before_r": [13.0, 13.0, 13.0, 13.0, 13.0, 13.0, 13.0, 13.0, 13.0, 13.0, 13.0, 13.0, 13.0, 13.0, 13.0, 13.0, 13.0, 13.0, 13.0, 13.0], "mask_before_g": [2.0, 2.0, 2.0], "flux_before_r": [17.733060892011096, 17.75926087469891, 17.717463777959875, 17.731988729800015, 17.710983533423118, 17.78157869967348, 17.718788301651088, 17.77842590080699, 17.741438877316483, 17.72948275549138, 17.743310042136294, 17.773278421115126, 17.737703712451122, 17.75080567310031, 17.64299666456692, 17.425265461651875, 17.74151518250863, 17.740895844933235, 17.716915826558733, 17.72044604456909], "MJD_before_r": [58476.51901620021, 58481.520439799875, 58540.333449100144, 58558.27832179982, 58580.32869210001, 58589.24273149995, 58593.34777780017, 58602.28723380016, 58606.2589699002, 58608.26898150006, 58618.23805559985, 58638.24899310013, 58638.24944439996, 58915.43950230023, 58939.411006900016, 58939.411909699906, 58965.33078699978, 58965.33123840019, 58969.31039350014, 58998.26962959999], "flux_err_before_r": [0.013498894208585884, 0.013991303803384649, 0.01702391131340198, 0.014121126023389887, 0.013217437039199918, 0.01779202240656984, 0.013290739859902322, 0.02003937614979209, 0.014214427995860198, 0.014318810422172621, 0.013853447200374085, 0.014982531705647036, 0.01447822501380413, 0.01712521790299726, 0.07512929931107958, 0.2176302091935762, 0.01294314778466881, 0.013154434261761633, 0.13774336585729383, 0.012742429950265399], "flux_before_g": [18.748461656044903, 18.744693981710917, 18.632355695749553], "MJD_before_g": [58235.24067129986, 58235.24112269981, 58286.18778940011], "flux_err_before_g": [0.03410902163411528, 0.016438965647184278, 0.014858643863494378], "flux_outl_after_i": [], "MJD_outl_after_i": [], "flux_outl_err_after_i": [], "flux_outl_after_r": [17.425265461651875, 17.78157869967348, 17.77842590080699, 17.64299666456692, 17.716915826558733], "MJD_outl_after_r": [58939.411909699906, 58589.24273149995, 58602.28723380016, 58939.411006900016, 58969.31039350014], "flux_outl_err_after_r": [0.2176302091935762, 0.01615239108529368, 0.01819263899742088, 0.07512929931107958, 0.13774336585729383], "flux_outl_after_g": [], "MJD_outl_after_g": [], "flux_outl_err_after_g": [], "mask_after_r": [13.0, 13.0, 13.0, 13.0, 13.0, 13.0, 13.0, 13.0, 13.0, 13.0, 13.0, 13.0, 13.0, 13.0, 13.0], "mask_after_g": [2.0, 2.0, 2.0], "mask_after_i": [], "flux_after_r": [17.82603469189873, 17.815174687870716, 17.762122395205097, 17.827250521084835, 17.792279312406276, 17.770241143273363, 17.793946087275874, 17.802804919017397, 17.79872899299965, 17.806125057228083, 17.797089489366886, 17.804111903191252, 17.79786455600863, 17.793678138159528, 17.78404268979204], "MJD_after_r": [58476.51901620021, 58481.520439799875, 58540.333449100144, 58558.27832179982, 58580.32869210001, 58593.34777780017, 58606.2589699002, 58608.26898150006, 58618.23805559985, 58638.24899310013, 58638.24944439996, 58915.43950230023, 58965.33078699978, 58965.33123840019, 58998.26962959999], "flux_err_after_r": [0.024867734229693527, 0.026791885401505365, 0.026607383262284724, 0.028026963216594192, 0.024559341893983042, 0.028164598678731417, 0.02319922682638418, 0.022828187014191044, 0.027207088990454632, 0.02280163037338526, 0.022176102394116458, 0.03005526738816239, 0.020245910757491506, 0.021728711730316586, 0.021269927108408884], "flux_after_g": [18.604844538621677], "MJD_after_g": [58286.18778940011], "flux_err_after_g": [0.027983146694027426], "flux_after_i": [], "MJD_after_i": [], "flux_err_after_i": []}