{"name": "J141711.16+312743.2", "flux_err_before_i": [], "mask_before_i": [], "flux_before_i": [], "MJD_before_i": [], "mask_before_r": [39.0, 39.0, 39.0, 39.0, 39.0, 39.0, 39.0, 39.0, 39.0, 39.0, 39.0, 39.0, 39.0, 39.0, 39.0, 39.0, 39.0, 39.0, 39.0, 39.0, 39.0, 39.0], "mask_before_g": [39.0, 39.0, 39.0, 39.0], "flux_before_r": [18.166689389489335, 18.204056871550954, 18.22681291238653, 18.16785216858852, 18.18620549444814, 18.19871575289243, 18.128546827380987, 18.26463850205259, 18.153202218699136, 18.221961835735506, 18.207659774353672, 18.194346436104123, 18.266918417011865, 18.230899055729722, 18.20229922905498, 18.240932378071992, 18.25484565822922, 18.211413107346626, 18.22925474835607, 18.5355071813707, 18.15430953272948, 18.211325079328788], "MJD_before_r": [58476.50738430023, 58481.51107640006, 58534.41063660011, 58540.33253470017, 58558.27644680021, 58580.33005789993, 58589.23391199997, 58593.30969909998, 58602.26966439979, 58606.248645800166, 58608.2666782001, 58617.26821759995, 58618.2237383998, 58634.30592590012, 58638.245810199995, 58638.24626159994, 58894.52109949989, 58965.32898150012, 58965.329432900064, 58969.312731499784, 58977.26797450008, 58977.26843750011], "flux_err_before_r": [0.01378430045624777, 0.014530873556396644, 0.02301635231643416, 0.01843188883617233, 0.014756765394177165, 0.014315129336880778, 0.03393537207931689, 0.01553117724115586, 0.043270295645617345, 0.015369286604995511, 0.015063742554453871, 0.014730162893047145, 0.015394172255767289, 0.01539106234358043, 0.014989552469703227, 0.015612840618156106, 0.013940785287388516, 0.013878873519969274, 0.014042708292774311, 0.28333276906885463, 0.014295284012410215, 0.015127215951302541], "flux_before_g": [18.955668921047163, 19.240626974276402, 19.196740076090045, 19.070153806458478], "MJD_before_g": [58235.24660879979, 58235.24707179982, 58642.17959489999, 58642.18004629994], "flux_err_before_g": [0.058498778512194746, 0.05606829969871144, 0.00548494484951391, 0.0048754842442595165], "flux_outl_after_i": [], "MJD_outl_after_i": [], "flux_outl_err_after_i": [], "flux_outl_after_r": [18.153202218699136, 18.5355071813707], "MJD_outl_after_r": [58602.26966439979, 58969.312731499784], "flux_outl_err_after_r": [0.08048868295054619, 0.28333276906885463], "flux_outl_after_g": [], "MJD_outl_after_g": [], "flux_outl_err_after_g": [], "mask_after_r": [39.0, 39.0, 39.0, 39.0, 39.0, 39.0, 39.0, 39.0, 39.0, 39.0, 39.0, 39.0, 39.0, 39.0, 39.0, 39.0, 39.0, 39.0, 39.0, 39.0], "mask_after_g": [39.0, 39.0, 39.0, 39.0], "mask_after_i": [], "flux_after_r": [18.253924164342507, 18.296191250369063, 18.264517777537076, 18.25198065087591, 18.25183065954414, 18.26651330744005, 18.232062857368067, 18.323270103003722, 18.288704763604017, 18.27079262327561, 18.279577305029513, 18.338342442106885, 18.297460728872473, 18.252374568575704, 18.27564216519947, 18.304229403819186, 18.255987035662724, 18.284726445136194, 18.222539625451937, 18.270703315044045], "MJD_after_r": [58476.50738430023, 58481.51107640006, 58534.41063660011, 58540.33253470017, 58558.27644680021, 58580.33005789993, 58589.23391199997, 58593.30969909998, 58606.248645800166, 58608.2666782001, 58617.26821759995, 58618.2237383998, 58634.30592590012, 58638.245810199995, 58638.24626159994, 58894.52109949989, 58965.32898150012, 58965.329432900064, 58977.26797450008, 58977.26843750011], "flux_err_after_r": [0.019136445433305668, 0.01890663038999929, 0.04094166548875067, 0.020642316911547987, 0.019999237701846962, 0.01777281935296643, 0.04695747393039816, 0.023296050438648578, 0.016666238943997963, 0.01610701142684933, 0.01992324570806458, 0.018164311697892697, 0.015508414102290934, 0.015814468162374536, 0.01655688436898125, 0.018285165868720043, 0.015375776153086367, 0.01496620242195638, 0.02052143633767589, 0.02143230142786528], "flux_after_g": [19.176192821098077, 19.051963077732267], "MJD_after_g": [58642.17959489999, 58642.18004629994], "flux_err_after_g": [0.018174567147359683, 0.01553745630631011], "flux_after_i": [], "MJD_after_i": [], "flux_err_after_i": []}