{"name": "J142154.79+530017.9", "flux_err_before_i": [], "mask_before_i": [], "flux_before_i": [], "MJD_before_i": [], "mask_before_r": [40.0, 40.0, 40.0, 40.0, 40.0, 40.0, 40.0, 40.0, 40.0, 40.0, 40.0, 40.0, 40.0, 40.0, 40.0, 40.0, 40.0, 40.0, 40.0, 40.0, 40.0, 40.0, 40.0, 40.0], "mask_before_g": [40.0, 40.0, 40.0, 40.0, 40.0, 40.0, 40.0, 40.0, 40.0, 40.0, 40.0, 40.0, 40.0, 40.0, 40.0, 40.0, 40.0, 40.0, 40.0, 40.0, 40.0, 40.0, 40.0, 40.0, 40.0, 40.0, 40.0, 40.0, 40.0, 40.0, 40.0, 40.0, 40.0, 40.0, 40.0, 40.0, 40.0, 40.0, 40.0, 40.0, 40.0, 40.0, 40.0, 40.0, 40.0, 40.0, 40.0, 40.0, 40.0, 40.0, 40.0, 40.0, 40.0, 40.0, 40.0, 40.0, 40.0, 40.0, 40.0, 40.0, 40.0, 40.0, 40.0, 40.0, 40.0, 40.0, 40.0, 40.0, 40.0, 40.0, 40.0, 40.0, 40.0, 40.0, 40.0, 40.0, 40.0, 40.0, 40.0, 40.0, 40.0, 40.0, 40.0, 40.0, 40.0, 40.0, 40.0, 40.0, 40.0, 40.0, 40.0, 40.0, 40.0, 40.0, 40.0, 40.0, 40.0, 40.0, 40.0, 40.0, 40.0, 40.0, 40.0, 40.0, 40.0, 40.0, 40.0, 40.0, 40.0, 40.0, 40.0, 40.0, 40.0, 40.0, 40.0, 40.0, 40.0, 40.0, 40.0, 40.0, 40.0, 40.0, 40.0, 40.0, 40.0, 40.0, 40.0, 40.0, 40.0, 40.0, 40.0, 40.0, 40.0, 40.0, 40.0, 40.0, 40.0, 40.0, 40.0, 40.0, 40.0, 40.0, 40.0, 40.0, 40.0, 40.0, 40.0, 40.0, 40.0, 40.0, 40.0, 40.0, 40.0, 40.0, 40.0, 40.0, 40.0, 40.0, 40.0, 40.0, 40.0, 40.0, 40.0, 40.0, 40.0, 40.0, 40.0, 40.0, 40.0, 40.0, 40.0, 40.0, 40.0, 40.0, 40.0, 40.0, 40.0, 40.0, 40.0, 40.0, 40.0, 40.0, 40.0, 40.0, 40.0, 40.0, 40.0, 40.0, 40.0, 40.0, 40.0, 40.0, 40.0, 40.0], "flux_before_r": [18.050884604564786, 18.127532347655727, 18.01994973872517, 18.040315972228115, 17.994807667384357, 17.981022221282384, 18.003466289649516, 18.084429893665934, 18.03425744901198, 18.01510128074776, 18.02962131864212, 18.06509571855387, 18.01012772770835, 18.040097494627773, 18.07826786560205, 18.017045408994374, 18.070891585059126, 18.051768970316274, 18.032103675535957, 18.08019251556777, 18.083263663039972, 18.045420234035227, 18.080516649019266, 18.062974377016722], "MJD_before_r": [58266.30214119982, 58266.30259260023, 58476.48221059982, 58481.512013900094, 58534.392002299894, 58558.24879630003, 58580.35445600003, 58592.306539400015, 58593.298796299845, 58602.2905323999, 58606.265497699846, 58617.2898380002, 58618.20671299985, 58646.27020830009, 58646.270659700036, 58651.27001160011, 58651.27046300005, 58677.242071799934, 58852.5692592999, 58852.56971060019, 58973.2801967999, 58973.2806712999, 58974.289583299775, 58974.290057899896], "flux_err_before_r": [0.01057434275011395, 0.011489800301100838, 0.010281096532784913, 0.010543527383361114, 0.010160208221056958, 0.01043538388278561, 0.010266113402136168, 0.011499302506257835, 0.010323869853373694, 0.010654671240763499, 0.011016105054050615, 0.011451380063394377, 0.010503901306165185, 0.012916312362789943, 0.013421674051377713, 0.01059345692531844, 0.011329641698159941, 0.011076616753245018, 0.009558307798252026, 0.010144170676690094, 0.010205751903120081, 0.009928134110474959, 0.010223184555487902, 0.010096463793889367], "flux_before_g": [18.73452684548659, 18.72789246168159, 18.673921759503344, 18.645117497966, 18.67310464847778, 18.663945153485415, 18.750628130202585, 18.61551858948949, 18.66439374874077, 18.724493904818775, 18.702827752172862, 18.59798187633566, 18.682570329125742, 18.703651100815065, 18.65636191330608, 18.726011786916988, 18.733958884742727, 18.665096658416417, 18.624467971475323, 18.657900400656647, 18.664276820522602, 18.595138900935005, 18.684149978416208, 18.713614332168365, 18.771169000388184, 18.78701045688829, 18.68041490236211, 18.67713916518474, 18.58341284618832, 18.795613019840026, 18.62502416346655, 18.748546263957447, 18.67639237094633, 18.725691061313828, 18.705584926499057, 18.690804398453235, 18.6671461552257, 18.611931857216653, 18.681410594061127, 18.683945930271726, 18.673446658833505, 18.62952872676044, 18.612243065707496, 18.76811924020059, 18.714830304133024, 18.730220901351444, 18.628809632468123, 18.702463886839354, 18.696455771976257, 18.72038014323117, 18.703311390923254, 18.76417297898096, 18.719979153296485, 18.664697056024686, 18.713396600336914, 18.6091571733162, 18.71791828425001, 18.773085763922587, 18.680482753821668, 18.55742530033848, 18.63219514327182, 18.692052515093852, 18.73130526289285, 18.545683326758784, 18.67900377153581, 18.54682025784802, 18.686595762863234, 18.6649368922315, 18.649387580848526, 18.78000932529665, 18.678890782934225, 18.702406044303416, 18.625163452791448, 18.805542546641224, 18.775196808303548, 18.616639834308984, 18.69574634965003, 18.66169662770059, 18.642511691749366, 18.69760265653316, 18.688721506573195, 18.645520291774694, 18.705254037970175, 18.719292157186096, 18.659093300986342, 18.63731182891526, 18.777794752945454, 18.677184610341797, 18.609418052753504, 18.775295973041334, 18.691266456158502, 18.658850595168396, 18.66331386809601, 18.68262432330956, 18.776444807812872, 18.644756181744896, 18.7996412464285, 18.687136409251746, 18.673071077843204, 18.58631559891818, 18.78025284209838, 18.845880969431757, 18.713420926647686, 18.53923576586702, 18.734292895739117, 18.701459095842463, 18.71890631065753, 18.908899891800424, 18.599598468316493, 18.72323276724501, 18.735785708062522, 18.7507554353147, 18.59030340039006, 18.680323848240043, 18.801838833800502, 18.72677532276605, 18.685297866704033, 18.564625778510326, 18.701725464348094, 18.797935026184476, 18.725609233920935, 18.61635771702393, 18.62254780771499, 18.697484004808725, 18.610177940766874, 18.633686834154798, 18.7639582909419, 18.599947924445978, 18.731007759171536, 18.92526704784509, 18.56597939097606, 18.693300909533924, 18.801572414066896, 18.68885030389934, 18.76004863003124, 18.708635256717884, 18.83917002301597, 18.664504989824792, 18.676989516193302, 18.66855907136237, 18.88390223604921, 18.772237193411435, 18.60844104759241, 18.591965605717668, 18.702938588806887, 18.610096631865115, 18.50095938841584, 18.750933116892732, 18.76041768875978, 18.77088866824024, 18.767981405221377, 18.802195298415363, 18.584468850376055, 18.6508093338194, 18.666774973763097, 18.765240526065057, 18.70292136736964, 18.72051844194298, 18.705129343592745, 18.60835577316998, 18.71250740668572, 18.72270550517926, 18.766301525164845, 18.641365966229564, 18.600044935468233, 18.605537196300173, 18.781613702827535, 18.749564757177268, 18.644391294150388, 18.802306749672834, 18.60376905459271, 18.644857105748745, 18.696150992906325, 18.701882542125404, 18.554541517488396, 18.802750606798597, 18.648726753820835, 18.690232342553465, 18.5608591114185, 18.708769183065893, 18.728483187367125, 18.697234323293788, 18.68909041524816, 18.747610959849162, 18.72592982019321, 18.72453569586396, 18.71513636461477, 18.641436246679696, 18.65771277632906, 18.638344712056867, 18.76530441492767, 18.446034413756898, 18.662998027120178, 18.699112127693745],