{"name": "J143234.18+161514.1", "flux_err_before_i": [], "mask_before_i": [], "flux_before_i": [], "MJD_before_i": [], "mask_before_r": [46.0, 46.0, 46.0, 46.0, 46.0, 46.0, 46.0, 46.0, 46.0, 46.0, 46.0, 46.0, 46.0, 46.0, 46.0, 46.0, 46.0], "mask_before_g": [], "flux_before_r": [17.926705838627242, 17.940283207205187, 17.969105379139105, 17.981062349515298, 17.971101439308782, 18.114577420969603, 17.974147796383562, 17.964462969438436, 17.978435460052616, 17.983759506836634, 17.95479335450139, 17.96494063510007, 17.944564068703436, 17.963777896526537, 18.04663755922656, 17.9676913158031, 17.948421618221783], "MJD_before_r": [58481.53936340008, 58558.28789350018, 58580.37479169993, 58589.2483333, 58593.347314800136, 58602.287696800195, 58606.26225689985, 58608.26851850003, 58617.26686340012, 58618.23666669987, 58642.22712960001, 58642.228483799845, 58936.460196800064, 58939.416481500026, 58939.41693289997, 58965.35627309978, 58998.26587959984], "flux_err_before_r": [0.012762049256767395, 0.01363174219062326, 0.013310679692113723, 0.01587899532542418, 0.013099015522286414, 0.05309803194651967, 0.013864276133901617, 0.013937448281370288, 0.013966650484960883, 0.013758842010701757, 0.013175145585038578, 0.013316016821046236, 0.012753333261792035, 0.1484170675428516, 0.10241967758093694, 0.012418656291540797, 0.012144138969049026], "flux_before_g": [], "MJD_before_g": [], "flux_err_before_g": [], "flux_outl_after_i": [], "MJD_outl_after_i": [], "flux_outl_err_after_i": [], "flux_outl_after_r": [18.114577420969603, 17.963777896526537, 18.04663755922656], "MJD_outl_after_r": [58602.287696800195, 58939.416481500026, 58939.41693289997], "flux_outl_err_after_r": [0.05309803194651967, 0.1484170675428516, 0.10241967758093694], "flux_outl_after_g": [], "MJD_outl_after_g": [], "flux_outl_err_after_g": [], "mask_after_r": [46.0, 46.0, 46.0, 46.0, 46.0, 46.0, 46.0, 46.0, 46.0, 46.0, 46.0, 46.0, 46.0, 46.0], "mask_after_g": [], "mask_after_i": [], "flux_after_r": [18.03469484398334, 18.069156281464736, 18.08394036212597, 18.089585510109337, 18.057780940617906, 18.089043540547873, 18.072096024037073, 18.087092039032377, 18.09506586074845, 18.05002880424239, 18.062133081335332, 18.058151839380606, 18.084495744658188, 18.05905093780801], "MJD_after_r": [58481.53936340008, 58558.28789350018, 58580.37479169993, 58589.2483333, 58593.347314800136, 58606.26225689985, 58608.26851850003, 58617.26686340012, 58618.23666669987, 58642.22712960001, 58642.228483799845, 58936.460196800064, 58965.35627309978, 58998.26587959984], "flux_err_after_r": [0.0254591660216671, 0.02572878086872217, 0.02184559028480369, 0.028041433642136085, 0.023678481040166358, 0.020674544721013755, 0.01982227947654322, 0.022689297178240427, 0.024804516854586695, 0.018388873704425365, 0.018930507625093632, 0.02254062842618886, 0.020283715699717934, 0.018652427162244842], "flux_after_g": [], "MJD_after_g": [], "flux_err_after_g": [], "flux_after_i": [], "MJD_after_i": [], "flux_err_after_i": []}