{"name": "J143201.98+142731.6", "flux_err_before_i": [0.003091090753692566, 0.0030666978004525282, 0.0031529486935745832, 0.0032012117872526314, 0.003273678107600152, 0.003231763811949752, 0.00332374427574219, 0.003180668677226806, 0.0031367323812587946, 0.2229757272095061, 0.18274633862379627, 0.3399649520499402, 0.0031178877995770736, 0.0032626709246792993, 0.003128189453288085, 0.003570405031431727], "mask_before_i": [50.0, 50.0, 50.0, 50.0, 50.0, 50.0, 50.0, 50.0, 50.0, 50.0, 50.0, 50.0, 50.0, 50.0, 50.0, 50.0], "flux_before_i": [16.637032334418294, 16.65383039858597, 16.661245203681972, 16.672038962709628, 16.643842879606716, 16.643751978276303, 16.692721950295542, 16.597949024406688, 16.67194661253182, 16.55548720526115, 16.297425983348795, 16.82981783084298, 16.63400415082699, 16.678686126196663, 16.610885562997154, 16.67154665894108], "MJD_before_i": [58232.33380790008, 58243.33628469985, 58247.15336810006, 58254.1573032001, 58261.16864580009, 58261.21040510014, 58272.33774309978, 58280.38517360017, 58288.17179400008, 58308.17017359985, 58539.422280100174, 58543.41709489981, 58547.44023150019, 58556.402685199864, 58560.29606480012, 58627.42298609996], "mask_before_r": [50.0, 50.0, 50.0, 50.0, 50.0, 50.0, 50.0, 50.0, 50.0, 50.0, 50.0, 50.0, 50.0, 50.0, 50.0, 50.0, 50.0, 50.0, 50.0, 50.0, 50.0, 50.0, 50.0, 50.0, 50.0, 50.0, 50.0, 50.0, 50.0, 50.0, 50.0, 50.0, 50.0, 50.0, 50.0, 50.0, 50.0, 50.0, 50.0, 50.0, 50.0, 50.0, 50.0, 50.0, 50.0, 50.0, 50.0, 50.0, 50.0, 50.0, 27.0, 50.0, 50.0, 50.0, 50.0, 50.0, 50.0, 27.0, 50.0, 50.0, 50.0, 27.0, 27.0, 27.0, 50.0, 27.0, 27.0, 27.0, 27.0, 27.0, 27.0, 27.0, 50.0, 50.0, 50.0, 50.0], "mask_before_g": [50.0, 50.0, 50.0, 50.0, 50.0, 50.0, 50.0, 50.0, 50.0, 50.0, 50.0, 50.0, 50.0, 50.0, 50.0, 50.0, 50.0, 50.0, 50.0, 50.0, 50.0, 50.0, 50.0, 50.0, 50.0, 50.0, 50.0, 50.0, 50.0, 50.0, 50.0, 50.0, 50.0, 50.0, 50.0, 50.0, 50.0, 50.0, 50.0, 50.0, 50.0, 50.0, 50.0, 50.0, 50.0, 50.0, 50.0, 50.0, 50.0, 50.0], "flux_before_r": [16.91156404383888, 16.935871293613523, 16.935390629483276, 16.957340989006646, 16.89056524821192, 16.913673410103748, 16.93354128364652, 16.921195470024962, 16.935780487787262, 16.929507842211148, 16.941133874573698, 16.941019521572496, 16.962124587241128, 17.0203544750883, 16.94858367099654, 16.92238259663054, 16.78054144029001, 16.96845761024816, 16.93773499826752, 16.928249502230393, 16.920125611105394, 17.01975375551025, 16.94455321000612, 16.92442131823291, 16.92914505486803, 16.947650186647813, 16.937838385580648, 16.921580559765832, 16.949836313431646, 16.949512271722583, 16.970954418143435, 16.860403886384276, 16.856604987338535, 16.947513492648188, 16.907352706488794, 16.887188279471363, 16.93747908795671, 16.897784229537898, 16.938019483282353, 16.9396468665221, 16.90171783741149, 16.908167270514276, 16.86777847541638, 16.959812427792848, 16.941935002423936, 16.798940966203787, 16.880104345790794, 16.84927031243777, 16.932464117397323, 16.94491661988176, 16.898214418070296, 16.94757248453977, 16.946112453228164, 16.947101733901473, 16.938683457817078, 16.856619642550797, 16.906069660521016, 16.926262714750628, 16.892479831258377, 16.903654698033613, 16.909266051691247, 16.915226157648647, 16.9329265733081, 16.942027073841608, 16.933429528336198, 16.840970869058875, 16.89755655221512, 16.89822121681583, 16.90149083284635, 16.892508748926247, 16.90553211313209, 16.909119537743923, 16.90034381083654, 16.91868387484602, 16.923376537816456, 16.948712918911077], "MJD_before_r": [58214.346169000026, 58217.3707059999, 58217.37826390006, 58218.32811339991, 58219.320439800154, 58222.34290509997, 58222.35765049979, 58226.29378469987, 58226.33482640004, 58229.358379600104, 58231.311249999795, 58242.31331019988, 58245.33587960014, 58248.29281250015, 58255.26016200008, 58262.30040509999, 58267.31680560019, 58270.31752309995, 58276.19380789995, 58279.23613430001, 58282.21495370008, 58285.19113430008, 58288.25541670015, 58291.23668979993, 58297.271006899886, 58300.176990699954, 58307.17248839978, 58311.17053239979, 58314.169930600096, 58336.19503469998, 58364.13714119978, 58447.54339119978, 58447.54849540023, 58447.5535995001, 58447.55871530017, 58449.54569440009, 58449.55067129992, 58449.5556481001, 58449.560636600014, 58450.54627310019, 58450.55583330011, 58450.56061339984, 58456.55700229993, 58456.56179400021, 58456.56657409994, 58457.554016199894, 58457.560347199906, 58457.5651273001, 58475.49216439994, 58476.52040510019, 58481.53936340008, 58481.539814800024, 58508.497222200036, 58522.543032399844, 58526.50398149993, 58534.459838000126, 58539.35410880018, 58558.28789350018, 58560.37819440011, 58568.31622690009, 58572.36238430021, 58580.37479169993, 58589.2483333, 58593.347314800136, 58599.47993060015, 58602.287696800195, 58606.26225689985, 58608.26851850003, 58617.26686340012, 58618.23666669987, 58642.22712960001, 58642.228483799845, 59266.3823032002, 59270.5001968001, 59272.45462960005, 59274.39815969998], "flux_err_before_r": [0.027305251500553927, 0.018294859600935527, 0.018498512837769883, 0.019276889554438965, 0.02410830420071087, 0.017878452605693124, 0.01817511121280504, 0.01786893839340473, 0.01810225834596902, 0.015439161153926595, 0.015605371551866752, 0.015603728033771162, 0.015910008014145022, 0.016786584987116063, 0.01571281625486984, 0.015338171950159497, 0.04023648168039582, 0.016003081153835558, 0.01555659562226203, 0.015421277933393736, 0.015306320681368137, 0.07115121765953851, 0.017940801764189482, 0.017643676682551988, 0.018318022387513455, 0.01842810330491695, 0.020015014899822096, 0.021291820068935777, 0.019698587634896663, 0.01833772570157702, 0.020406209018526796, 0.019162939040693782, 0.0186578912948167, 0.019964845815359428, 0.01943218543321215, 0.019092195609935286, 0.019380822260188623, 0.018553004731242745, 0.01906111742562402, 0.0196625260097782, 0.0185929241879428, 0.018464071435505516, 0.025291346620782574, 0.021794430975315998, 0.01971126807757837, 0.029460285412695075, 0.0194707330198842, 0.028238959365992047, 0.01895335994760749, 0.018777043460150102, 0.015626666035170825, 0.018448860939552197, 0.01790876117116908, 0.017903636720112207, 0.024882496212700802, 0.017055655705326984, 0.022707453196790604, 0.016965460384731148, 0.017383310837285868, 0.05809816862281354, 0.029371558007780484, 0.01601588812800251, 0.018909114552540063, 0.016297139875921546, 0.00715405665036703, 0.0587230915031779, 0.01625111577916297, 0.016517680077783724, 0.01622919194136012, 0.016071783115231324, 0.015783139997857097, 0.015951017026458795, 0.016632521283156097, 0.016343087784056173, 0.01648812148348017, 0.017003789936041586], "flux_before_g": [17.659121316789733, 18.061935825578878, 17.665705154673986, 17.61454340746149, 17.681043610140094, 17.65052604610828, 17.647168233826985, 17.635283621648544, 17.667244259575554, 17.625316465524737, 17.654989805542456, 17.656256063015995, 17.657227006133354, 17.67386099159146, 17.65184959183587, 17.6409741173536, 17.658319680993472, 17.655108609173986, 17.656003383122957, 17.659955547270545, 17.65264330742923, 17.643995906667165, 17.675330507475294, 17.750333798288626, 17.69463088733476, 17.663770387699454, 17.644370344354463, 17.664791243555285, 17.632479051755823, 17.654395830880606, 17.648474763742314, 17.643944811746316, 17.623111416060965, 17.665014995223004, 17.627668402789006, 17.726630777568936, 17.679376049584302, 17.62649017132278, 17.644010427279802, 17.664663106465916, 17.64731703301384, 17.645799895760245, 17.650069889648456, 17.658899030916743, 17.57130851839119, 17.705592674967544, 17.65412158519922, 17.707458909933685, 17.657330974254606, 17.693420635867188],