{"name": "J144208.07+170602.1", "flux_err_before_i": [], "mask_before_i": [], "flux_before_i": [], "MJD_before_i": [], "mask_before_r": [36.0, 36.0, 36.0, 36.0, 36.0, 36.0, 36.0, 36.0, 36.0, 36.0, 36.0, 36.0, 36.0, 36.0, 36.0, 36.0, 36.0], "mask_before_g": [], "flux_before_r": [17.58948122598617, 17.551959252267856, 17.61161777237668, 17.61899957216529, 17.634209375118644, 17.274219383216153, 17.601863917517992, 17.600843468894126, 17.60030799928565, 17.775093834873502, 17.61015137774128, 17.59474050031801, 17.622808061100088, 17.73541356049468, 17.61909912149153, 17.610850870770726, 17.6159094330363], "MJD_before_r": [58481.53936340008, 58558.28789350018, 58580.37479169993, 58589.2483333, 58593.347314800136, 58602.287696800195, 58606.26225689985, 58608.26851850003, 58617.26686340012, 58618.23666669987, 58642.22712960001, 58642.228483799845, 58936.460196800064, 58939.416481500026, 58939.41693289997, 58965.35627309978, 58998.26587959984], "flux_err_before_r": [0.00947914560679213, 0.009654291438375703, 0.009721735767457908, 0.011282790725677371, 0.009813421528656094, 0.0870698514508727, 0.009950439672762145, 0.010169839327005974, 0.009925214554443937, 0.011674928726830312, 0.009855468067035848, 0.009583251904866249, 0.009693931096006058, 0.1529235026890572, 0.07781174489390083, 0.009298160796419243, 0.009227848955441586], "flux_before_g": [], "MJD_before_g": [], "flux_err_before_g": [], "flux_outl_after_i": [], "MJD_outl_after_i": [], "flux_outl_err_after_i": [], "flux_outl_after_r": [17.61015137774128, 17.59474050031801, 17.274219383216153, 17.73541356049468, 17.61909912149153], "MJD_outl_after_r": [58642.22712960001, 58642.228483799845, 58602.287696800195, 58939.416481500026, 58939.41693289997], "flux_outl_err_after_r": [0.0006978543612253072, 0.0006785790477978846, 0.0870698514508727, 0.1529235026890572, 0.07781174489390083], "flux_outl_after_g": [], "MJD_outl_after_g": [], "flux_outl_err_after_g": [], "mask_after_r": [36.0, 36.0, 36.0, 36.0, 36.0, 36.0, 36.0, 36.0, 36.0, 36.0, 36.0, 36.0], "mask_after_g": [], "mask_after_i": [], "flux_after_r": [17.65191638658982, 17.58918968336972, 17.67743615892697, 17.652500868543143, 17.699810602705334, 17.667425489606156, 17.66525137324205, 17.65917760531721, 17.831754215000146, 17.680407187691557], "MJD_after_r": [58481.53936340008, 58558.28789350018, 58580.37479169993, 58589.2483333, 58593.347314800136, 58606.26225689985, 58608.26851850003, 58617.26686340012, 58618.23666669987, 58936.460196800064], "flux_err_after_r": [0.017983483168180683, 0.019537885413373344, 0.014121118113154113, 0.022913375140511325, 0.023250261928096146, 0.014382498576383107, 0.013608512562745622, 0.017595623125312678, 0.018148802133764803, 0.014624284254467929], "flux_after_g": [], "MJD_after_g": [], "flux_err_after_g": [], "flux_after_i": [], "MJD_after_i": [], "flux_err_after_i": []}