{"name": "J144329.58+185303.3", "flux_err_before_i": [], "mask_before_i": [], "flux_before_i": [], "MJD_before_i": [], "mask_before_r": [10.0, 10.0, 52.0, 10.0, 10.0, 52.0, 10.0, 52.0, 10.0, 52.0, 10.0, 52.0, 52.0, 10.0, 52.0, 10.0, 52.0, 52.0, 10.0, 10.0, 52.0, 10.0, 10.0, 52.0, 10.0, 10.0, 52.0, 52.0, 52.0, 52.0, 52.0, 52.0, 10.0], "mask_before_g": [], "flux_before_r": [17.25020895595919, 17.22179915863135, 17.19184557980654, 17.203678345924445, 17.214018417921828, 17.155483161645854, 17.22187182088699, 17.195950520380983, 17.215231337268825, 17.167434367661905, 17.23920116374331, 17.234421354125654, 17.078634915551742, 17.240958037900825, 17.234161121662197, 17.253822671208983, 17.20111591770698, 17.20217538521462, 17.24701420918554, 17.21388574339293, 17.20186883001991, 17.247924160954412, 17.253348866747316, 17.18799801066908, 17.253667042989534, 17.24001321516588, 17.213283823500667, 17.215750407137573, 17.057883031920763, 17.119455454423925, 17.204806269648323, 17.22429500079273, 17.265458849130784], "MJD_before_r": [58476.51993060019, 58481.519536999986, 58481.53936340008, 58534.41109950002, 58558.28268520022, 58558.28789350018, 58580.37434029998, 58580.37479169993, 58589.24319439987, 58589.2483333, 58593.34641199978, 58593.347314800136, 58602.287696800195, 58606.25805559987, 58606.26225689985, 58608.26712960005, 58608.26851850003, 58617.26686340012, 58617.267766200006, 58618.22418980021, 58618.23666669987, 58632.29086809978, 58632.29131940007, 58642.22712960001, 58642.227580999956, 58642.2280323999, 58642.228483799845, 58936.460196800064, 58939.416481500026, 58939.41693289997, 58965.35627309978, 58998.26587959984, 58998.266354199965], "flux_err_before_r": [0.01613245080503299, 0.016148657756455832, 0.015416826998932782, 0.016057876202265894, 0.01679051952934629, 0.015740192220696433, 0.01578939521338885, 0.015640008155751627, 0.018950876524334023, 0.01777585561775775, 0.016078933259403495, 0.015949435208251712, 0.06042139295268839, 0.016842245060614453, 0.016507496570048154, 0.017006926528624726, 0.01641130565430679, 0.01611561639255634, 0.01674104064138568, 0.016055027892252986, 0.01573708530760769, 0.016764338887640527, 0.01690582284579603, 0.01567097332317501, 0.016478724166093577, 0.016034744828650388, 0.015947415015077147, 0.015453858446467295, 0.06485321426662577, 0.07283815706043702, 0.014983707099857772, 0.014642484310753946, 0.014941710125740195], "flux_before_g": [], "MJD_before_g": [], "flux_err_before_g": [], "flux_outl_after_i": [], "MJD_outl_after_i": [], "flux_outl_err_after_i": [], "flux_outl_after_r": [17.078634915551742, 17.057883031920763, 17.119455454423925], "MJD_outl_after_r": [58602.287696800195, 58939.416481500026, 58939.41693289997], "flux_outl_err_after_r": [0.01630012617982605, 0.06485321426662577, 0.019649847392971844], "flux_outl_after_g": [], "MJD_outl_after_g": [], "flux_outl_err_after_g": [], "mask_after_r": [10.0, 10.0, 10.0, 10.0, 10.0, 10.0, 10.0, 10.0, 10.0, 10.0, 10.0, 10.0, 10.0, 10.0, 10.0, 10.0, 52.0, 52.0, 52.0, 52.0, 52.0, 52.0, 52.0, 52.0, 52.0, 52.0, 52.0, 52.0, 52.0, 52.0], "mask_after_g": [], "mask_after_i": [], "flux_after_r": [17.33704931876656, 17.321543704235133, 17.31429742721581, 17.314534028027737, 17.300011634874316, 17.27374936629321, 17.312775245062934, 17.32405493785361, 17.316299462815564, 17.29412849502453, 17.32603985106723, 17.362925459014463, 17.320282313999083, 17.329667303940877, 17.335485203140692, 17.31825215919006, 17.321958380572585, 17.339652625702616, 17.28138229686017, 17.31552714208855, 17.328687841654588, 17.339457184807205, 17.333665152238446, 17.339754294089534, 17.330212647750677, 17.325428590513784, 17.326712153793906, 17.32621388284275, 17.31980566716237, 17.331515649284057], "MJD_after_r": [58476.51993060019, 58481.519536999986, 58481.53936340008, 58534.41109950002, 58558.28268520022, 58558.28789350018, 58580.37434029998, 58580.37479169993, 58589.24319439987, 58589.2483333, 58593.34641199978, 58593.347314800136, 58606.25805559987, 58606.26225689985, 58608.26712960005, 58608.26851850003, 58617.26686340012, 58617.267766200006, 58618.22418980021, 58618.23666669987, 58632.29086809978, 58632.29131940007, 58642.22712960001, 58642.227580999956, 58642.2280323999, 58642.228483799845, 58936.460196800064, 58965.35627309978, 58998.26587959984, 58998.266354199965], "flux_err_after_r": [0.020056526882356655, 0.020751926145936832, 0.019416046122295288, 0.024548941996685683, 0.02243898783764401, 0.02163553699589635, 0.01678500583027462, 0.017992130631098207, 0.025173210873834794, 0.022585265074163054, 0.022720518024050642, 0.02128754597648594, 0.01830390339065434, 0.01751862275600149, 0.0169236952620547, 0.017958108334238203, 0.021408735225199114, 0.021561965958117334, 0.02126031117440666, 0.021626049005683285, 0.01703850389645691, 0.017325949375948186, 0.017607480104364182, 0.017050614378060262, 0.01571272893682798, 0.017427571227420117, 0.01992711739463187, 0.0159273485123756, 0.01572214789602161, 0.016203378357484713], "flux_after_g": [], "MJD_after_g": [], "flux_err_after_g": [], "flux_after_i": [], "MJD_after_i": [], "flux_err_after_i": []}