{"name": "J144252.79+205451.6", "flux_err_before_i": [], "mask_before_i": [], "flux_before_i": [], "MJD_before_i": [], "mask_before_r": [26.0, 26.0, 26.0, 26.0, 26.0, 26.0, 26.0, 26.0, 26.0, 26.0, 26.0, 26.0, 26.0, 26.0, 26.0], "mask_before_g": [], "flux_before_r": [17.658906835270237, 17.691077239518002, 17.719555091413284, 17.728411498518177, 17.69056649464416, 17.66799327396776, 17.67249352020909, 17.663171920152188, 17.654879348208127, 17.663743378639225, 17.61447360941076, 17.631290890159516, 17.648448502603244, 17.64704318627801, 17.658564696261113], "MJD_before_r": [58476.51993060019, 58481.519536999986, 58534.41109950002, 58558.28268520022, 58580.37434029998, 58589.24319439987, 58593.34641199978, 58606.25805559987, 58608.26712960005, 58617.267766200006, 58618.22418980021, 58632.29086809978, 58632.29131940007, 58642.227580999956, 58642.2280323999], "flux_err_before_r": [0.006199568888415635, 0.006511329183253125, 0.024050542006506935, 0.007014607180474509, 0.006388889163397095, 0.01689483846361798, 0.006222947887869254, 0.006504104706054466, 0.006517942056510639, 0.006656042824459893, 0.0061109425352761934, 0.0062909337568785514, 0.006404690637665641, 0.006195209975101203, 0.006192480312954279], "flux_before_g": [], "MJD_before_g": [], "flux_err_before_g": [], "flux_outl_after_i": [], "MJD_outl_after_i": [], "flux_outl_err_after_i": [], "flux_outl_after_r": [], "MJD_outl_after_r": [], "flux_outl_err_after_r": [], "flux_outl_after_g": [], "MJD_outl_after_g": [], "flux_outl_err_after_g": [], "mask_after_r": [26.0, 26.0, 26.0, 26.0, 26.0, 26.0, 26.0, 26.0, 26.0, 26.0, 26.0, 26.0, 26.0, 26.0, 26.0], "mask_after_g": [], "mask_after_i": [], "flux_after_r": [17.691013849202648, 17.711748633324106, 17.733612849825754, 17.72214846689904, 17.709077195790854, 17.69423767626437, 17.675929191748857, 17.693616473024033, 17.673747858454462, 17.665219514787903, 17.635643191715005, 17.661082852077985, 17.666512116510802, 17.659092463279038, 17.675636552231325], "MJD_after_r": [58476.51993060019, 58481.519536999986, 58534.41109950002, 58558.28268520022, 58580.37434029998, 58589.24319439987, 58593.34641199978, 58606.25805559987, 58608.26712960005, 58617.267766200006, 58618.22418980021, 58632.29086809978, 58632.29131940007, 58642.227580999956, 58642.2280323999], "flux_err_after_r": [0.016166095420772634, 0.01586428168821403, 0.0333059352791401, 0.01802511057109791, 0.012504526177340585, 0.0283989706640941, 0.018577772931730407, 0.012504766475876929, 0.011840334581097555, 0.0173063877389963, 0.01624099697203237, 0.01152657873589006, 0.011641284301407023, 0.011189713406113999, 0.01116118185379308], "flux_after_g": [], "MJD_after_g": [], "flux_err_after_g": [], "flux_after_i": [], "MJD_after_i": [], "flux_err_after_i": []}