{"name": "J145348.79+172651.9", "flux_err_before_i": [], "mask_before_i": [], "flux_before_i": [], "MJD_before_i": [], "mask_before_r": [50.0, 50.0, 50.0, 50.0, 50.0, 50.0, 50.0, 50.0, 50.0, 50.0, 50.0, 50.0, 50.0, 50.0, 50.0, 50.0, 50.0], "mask_before_g": [], "flux_before_r": [16.705254093021438, 16.649541692175156, 16.673147110390488, 16.641312504886322, 16.67032260750359, 17.006826885384072, 16.693613506182437, 16.696140372287775, 16.674396867656526, 16.672197381777465, 16.669486207781652, 16.676738798313238, 16.689540574679018, 16.723698321085347, 16.643614659133494, 16.677414233128474, 16.678995066156943], "MJD_before_r": [58481.53936340008, 58558.28789350018, 58580.37479169993, 58589.2483333, 58593.347314800136, 58602.287696800195, 58606.26225689985, 58608.26851850003, 58617.26686340012, 58618.23666669987, 58642.22712960001, 58642.228483799845, 58936.460196800064, 58939.416481500026, 58939.41693289997, 58965.35627309978, 58998.26587959984], "flux_err_before_r": [0.028551338240715728, 0.028640560221528073, 0.027635267705436253, 0.03198967543520822, 0.0265713655916589, 0.16986174683118402, 0.028992804982293965, 0.029979264977898937, 0.028586670699460644, 0.02816590982599309, 0.02819676695723613, 0.027967931750626725, 0.027447390534412194, 0.22953248591570735, 0.15537126278227958, 0.026432030397176388, 0.02612178546318107], "flux_before_g": [], "MJD_before_g": [], "flux_err_before_g": [], "flux_outl_after_i": [], "MJD_outl_after_i": [], "flux_outl_err_after_i": [], "flux_outl_after_r": [17.006826885384072, 16.641312504886322, 16.723698321085347, 16.643614659133494], "MJD_outl_after_r": [58602.287696800195, 58589.2483333, 58939.416481500026, 58939.41693289997], "flux_outl_err_after_r": [0.13948991182528403, 0.02626981700718887, 0.18849132791057785, 0.12759037364205672], "flux_outl_after_g": [], "MJD_outl_after_g": [], "flux_outl_err_after_g": [], "mask_after_r": [50.0, 50.0, 50.0, 50.0, 50.0, 50.0, 50.0, 50.0, 50.0, 50.0, 50.0, 50.0, 50.0], "mask_after_g": [], "mask_after_i": [], "flux_after_r": [16.76977620767003, 16.72814787476876, 16.732007464990488, 16.722199028192364, 16.74172972873413, 16.74808916960221, 16.75298456249816, 16.736097262681895, 16.729815897320147, 16.734992897304988, 16.737127687266167, 16.731762454528475, 16.73276855919101], "MJD_after_r": [58481.53936340008, 58558.28789350018, 58580.37479169993, 58593.347314800136, 58606.26225689985, 58608.26851850003, 58617.26686340012, 58618.23666669987, 58642.22712960001, 58642.228483799845, 58936.460196800064, 58965.35627309978, 58998.26587959984], "flux_err_after_r": [0.016842351533362485, 0.01924383849671679, 0.013234583768755826, 0.018022703766702442, 0.011946699779260762, 0.012664453842641572, 0.01755046825991011, 0.017855937103585358, 0.013956664922433602, 0.010743337085758772, 0.01372957985240638, 0.01134813769175639, 0.010632714488309606], "flux_after_g": [], "MJD_after_g": [], "flux_err_after_g": [], "flux_after_i": [], "MJD_after_i": [], "flux_err_after_i": []}