{"name": "J151136.65+175836.2", "flux_err_before_i": [0.05279699485275259, 0.009703753812267756, 0.022769061992674644, 0.009651916052050534, 0.009556938907911258, 0.010167947199731239, 0.009806049189453488, 0.009928033497751001, 0.010008017023521519, 0.010568224229515772, 0.009983252687898958, 0.010132637646407483, 0.00996063530282323, 0.01157105871450972, 0.01282772060672685, 0.010806323903149768, 0.01073813225190131], "mask_before_i": [30.0, 30.0, 30.0, 30.0, 30.0, 30.0, 30.0, 30.0, 30.0, 30.0, 30.0, 30.0, 30.0, 30.0, 30.0, 30.0, 30.0], "flux_before_i": [15.401596272549142, 15.670339007310456, 15.684652431681961, 15.660023422729873, 15.654186607382117, 15.68717278868592, 15.664624751431365, 15.70074766740237, 15.705559671373393, 15.737394631019091, 15.673469742227972, 15.735095863107851, 15.637807180828485, 15.682222326114934, 15.790563313430576, 15.77288453462339, 15.72001145401878], "MJD_before_i": [58214.3686573999, 58228.50694439979, 58243.35754630016, 58254.38042820012, 58261.27322919993, 58267.25309030013, 58272.353205999825, 58281.187604200095, 58286.19296299992, 58290.17348380014, 58295.32834490016, 58302.17185189994, 58332.15980320005, 58340.152361100074, 58538.54392360011, 58557.33999999985, 58568.461053200066], "mask_before_r": [30.0, 30.0, 30.0, 30.0, 30.0, 30.0, 30.0, 30.0, 30.0, 30.0, 30.0, 30.0, 30.0, 30.0, 30.0, 30.0, 30.0, 30.0, 30.0, 30.0, 30.0, 30.0, 30.0, 30.0, 30.0, 30.0, 30.0, 30.0, 30.0, 30.0, 30.0, 30.0, 30.0, 30.0, 30.0, 30.0, 30.0, 30.0, 30.0, 30.0, 30.0, 30.0, 30.0, 30.0, 30.0, 30.0, 30.0, 30.0, 30.0, 30.0, 30.0, 30.0, 30.0, 30.0, 30.0, 30.0, 30.0, 30.0, 30.0, 30.0, 30.0, 30.0, 30.0, 30.0, 30.0, 30.0, 30.0, 30.0, 30.0, 30.0, 30.0, 30.0, 30.0, 30.0, 30.0, 30.0, 30.0, 30.0], "mask_before_g": [30.0, 30.0, 30.0, 30.0, 30.0, 30.0, 30.0, 30.0, 30.0, 30.0, 30.0, 30.0, 30.0, 30.0, 30.0, 30.0, 30.0, 30.0, 30.0, 30.0, 30.0, 30.0, 30.0, 30.0, 30.0, 30.0, 30.0, 30.0, 30.0, 30.0, 30.0, 30.0, 30.0, 30.0, 30.0, 30.0, 30.0, 30.0, 30.0, 30.0, 30.0, 30.0, 30.0, 30.0, 30.0, 30.0, 30.0, 30.0, 30.0, 30.0, 30.0, 30.0, 30.0, 30.0, 30.0, 30.0, 30.0, 30.0, 30.0, 30.0, 30.0, 30.0, 30.0, 30.0, 30.0, 30.0], "flux_before_r": [16.059348113488728, 16.085830271707152, 16.041458540920708, 16.051074845125537, 16.029890829667814, 16.093718002666048, 16.080316244349724, 16.051040359300472, 16.07793888187451, 16.064528063398946, 16.096431592686017, 16.05512295516334, 16.029143172722584, 16.05704665837914, 16.0527687287697, 16.04789923150542, 16.0837665860152, 16.077503600397083, 16.084072499720016, 16.069732573166235, 16.052371738983275, 16.088710442540467, 16.115090824444533, 16.086250147452752, 16.12136220046596, 16.057503837193227, 16.125714025844132, 16.128272163451122, 16.096269919936326, 16.092465914243157, 16.08212067052132, 16.094517585291037, 16.10879767463642, 16.1472120947694, 16.146553875634737, 16.137044617751407, 16.100201650413354, 16.079523618297102, 16.16160731317926, 16.125307710350967, 16.098216540399726, 16.11696630425426, 16.14095953821867, 16.1325469906885, 16.097113745488812, 16.13379522705889, 16.1135232185362, 16.13282383859611, 16.154308912042637, 16.012122321550027, 16.090096290113713, 16.152227789902874, 16.123241836037323, 16.145643181152426, 16.135601539980378, 16.14535013415723, 16.128926772349978, 16.14125662180444, 16.143700130475636, 16.166399186801147, 16.1194206651719, 16.124899065767757, 16.12335758510767, 16.12950747093014, 16.11579567349468, 16.113278801797378, 16.12098002500013, 16.130584450131497, 16.164617767206582, 16.120230199346757, 16.095632390050955, 16.1315228951164, 16.130452548471283, 16.139060960449378, 16.122024346151946, 16.09684478623636, 16.110836604322422, 16.1800477914977], "MJD_before_r": [58216.366238399874, 58218.31978010014, 58219.34517360013, 58219.36038189987, 58219.41878469987, 58222.3415045999, 58222.35997689981, 58222.51326389983, 58226.337187500205, 58226.39829860022, 58229.37775459979, 58232.37668980006, 58245.35501160007, 58248.29576390004, 58255.294097200036, 58258.25341439992, 58270.29947920004, 58273.31711809989, 58279.25415509986, 58285.19387729978, 58288.25447920011, 58298.26978009986, 58304.1753934999, 58307.20748839993, 58312.1915972, 58315.23770829989, 58328.21789349988, 58330.29657409992, 58333.165358799975, 58336.20785879996, 58343.15265050018, 58346.17155090021, 58481.5559605998, 58487.548726900015, 58522.54671300016, 59093.142777800094, 59193.567743100226, 59195.553935199976, 59195.55870370008, 59195.563449100126, 59195.56820600014, 59215.55636569997, 59217.49002309982, 59221.54209489981, 59224.49945600005, 59227.54491900001, 59248.44585649995, 59250.527951399796, 59252.5151157002, 59254.42993059987, 59270.49825230008, 59291.382013900205, 59295.4050925998, 59297.40447920002, 59300.41056710016, 59307.36057869997, 59309.38221060019, 59311.46361109987, 59313.43718749983, 59315.37304400001, 59317.3995254999, 59320.47894679988, 59322.30873840023, 59328.27766200015, 59336.33741899999, 59343.32990740007, 59354.28696760023, 59358.31916669989, 59363.354259300046, 59365.34006940015, 59372.31136569986, 59374.19115740014, 59436.19332179986, 59447.19526620023, 59623.464004599955, 59625.48589120014, 59628.46519679995, 59630.49593750015], "flux_err_before_r": [0.03944676046657948, 0.04162978866795055, 0.03731947399588226, 0.03705288560139377, 0.040022888537849334, 0.040476159498058446, 0.03981792234421113, 0.03989222328861424, 0.03975279327700834, 0.03864767059586485, 0.03977083732478152, 0.04538593424541746, 0.15608794634306375, 0.037570827530085546, 0.037724160944482964, 0.04032290291165037, 0.03994833948849316, 0.03930008934366396, 0.03718956490561658, 0.036701610913244566, 0.03840438308320845, 0.04031589213198476, 0.041955454227433374, 0.04409731597345174, 0.04630810162708029, 0.06151111966554155, 0.006885852377993571, 0.053611870874465346, 0.04100341846863394, 0.04035138661806093, 0.04191798189422017, 0.04325528039935169, 0.04149073873051671, 0.04144927469862122, 0.04170360973509068, 0.04108562942034618, 0.03944143955698913, 0.08832457265593555, 0.053633362159903754, 0.04957185625284056, 0.043104113110826583, 0.03910016762344353, 0.04238145991834428, 0.07291399494493772, 0.038618695149410985, 0.04173209509641875, 0.047573092630638525, 0.03783394541839276, 0.03828561804866991, 0.27054594321237374, 0.036656467744732496, 0.03948600657418866, 0.04021692228869082, 0.04035425834496709, 0.03966365332282615, 0.03995877365898495, 0.038998042341312676, 0.03866648964614302, 0.05322456856001455, 0.06439197892620402, 0.03830719598455313, 0.0425394356309772, 0.04006223107324138, 0.03915210222162684, 0.039234702774617346, 0.040192370232555605, 0.039035891977954706, 0.04040786249017334, 0.039773994048152, 0.04049525865430791, 0.042069277506369636, 0.04130867410847086, 0.043971685887512275, 0.0453582699834181, 0.03777477063226989, 0.036942817289885084, 0.037359988963125125, 0.03950492249876111],