{"name": "J151328.91+011234.9", "flux_err_before_i": [], "mask_before_i": [], "flux_before_i": [], "MJD_before_i": [], "mask_before_r": [1.0, 1.0, 1.0, 1.0, 1.0, 1.0, 1.0, 1.0, 1.0, 1.0, 1.0, 1.0, 1.0, 1.0, 1.0, 1.0, 1.0, 1.0, 1.0, 1.0, 1.0, 1.0, 1.0, 1.0, 1.0, 1.0, 1.0, 1.0, 1.0, 1.0, 1.0, 1.0, 1.0, 1.0, 1.0, 1.0, 1.0, 1.0, 1.0, 1.0, 1.0, 1.0, 1.0, 1.0, 1.0, 1.0, 1.0, 1.0, 1.0, 1.0, 1.0, 1.0, 1.0, 1.0, 1.0, 1.0, 1.0, 1.0, 1.0, 1.0, 1.0, 1.0], "mask_before_g": [1.0, 1.0, 1.0, 1.0, 1.0, 1.0, 1.0, 1.0, 1.0, 1.0, 1.0, 1.0, 1.0, 1.0, 1.0, 1.0, 1.0, 1.0, 1.0, 1.0, 1.0, 1.0, 1.0, 1.0, 1.0, 1.0, 1.0, 1.0, 1.0, 1.0, 1.0, 1.0, 1.0, 1.0, 1.0, 1.0, 1.0], "flux_before_r": [18.065164070449587, 18.06325554088182, 18.07099430020552, 18.095340174533405, 18.06140894772541, 18.093979605267865, 18.146927188196717, 18.062936761653454, 18.11940317070424, 18.086536033655754, 18.134204717933287, 18.103273010246966, 18.08500310255051, 18.1383370136571, 18.109391215527925, 18.075654268335143, 18.02917565914067, 18.125860177209578, 18.1119382717811, 18.103203603238903, 18.10555111076224, 18.121662302811227, 18.085509397171556, 18.0996193206919, 18.00678671250015, 18.1333189625287, 18.079070877721257, 18.133758146871884, 18.08892245900052, 18.070511224728737, 18.096367287879428, 18.079371822671227, 18.158242746826865, 18.06131784890661, 18.093065875559688, 18.104127206188835, 18.026055726290974, 18.10384145018081, 18.014682863169455, 17.939483927494067, 17.664558737660276, 18.381552775370785, 18.0914674741976, 18.0769252368901, 18.0244502675229, 18.086461482247945, 18.083212661423723, 18.07547755886675, 18.131315053478282, 18.061163489283604, 18.06546102626063, 18.060659059859603, 18.122339825861463, 18.143368523258875, 18.09427591278952, 18.19418655166255, 18.103686477620215, 18.051681669193986, 18.117830495840256, 18.146740488343415, 17.965458391870555, 18.159889081050416], "MJD_before_r": [58198.39518520003, 58198.41539350012, 58217.381493099965, 58217.4505671002, 58218.32115740003, 58219.32233799994, 58222.34339120006, 58222.35901620006, 58226.35482640006, 58226.376099499874, 58229.37592589995, 58231.31075230008, 58232.35627309978, 58243.295277799945, 58246.2528241002, 58249.27307870006, 58255.29269680008, 58258.251585599966, 58261.296157400124, 58270.317036999855, 58273.31571759982, 58276.275231500156, 58279.25275459979, 58282.20989579987, 58285.18930559978, 58288.25355320005, 58291.2531365999, 58294.25106480019, 58300.173726900015, 58304.17587959999, 58307.17156249983, 58312.19068290014, 58315.236296299845, 58331.161365699954, 58337.19069440011, 58461.55101849977, 58461.55575230019, 58461.56048610015, 58461.565243099816, 58464.55208329996, 58464.561759300064, 58464.5665972, 58465.55390049983, 58465.5587847, 58465.56368059991, 58465.56857640017, 58467.55461810017, 58467.55942129996, 58467.56423609983, 58467.568726900034, 58492.49562499998, 58505.54832179984, 58522.544398100115, 58526.50583329983, 58534.459363400005, 58539.35803239979, 59265.35931710014, 59267.417083300184, 59269.39422449982, 59271.45812499989, 59273.46185189998, 59275.421469899826], "flux_err_before_r": [0.014530597264217293, 0.01445839395587838, 0.015488721032817952, 0.0156701771982571, 0.01606428560386535, 0.020436648708795628, 0.016852669853160623, 0.015402546987620138, 0.016068639444525242, 0.01563839761608665, 0.015829227644739565, 0.015767652562786193, 0.016221801346887645, 0.016054346908522442, 0.015683909364334576, 0.018627713297876564, 0.014421422530255712, 0.017021659887772905, 0.015841384907039017, 0.01590081112712324, 0.015780409974917666, 0.0158694822829171, 0.015389396761487633, 0.015417912121281022, 0.21071218881167125, 0.016114818657477166, 0.015284322359976786, 0.015735519896317336, 0.015788716303926614, 0.015581968697881693, 0.017439127498231986, 0.01718409111383465, 0.03694493751839908, 0.016444662974213355, 0.01604590393881569, 0.024016444897927404, 0.016675548513674376, 0.017035481678259502, 0.016025477654823223, 0.02501562792289993, 0.08549196846052023, 0.03699112154207112, 0.01699827407376474, 0.016490276299460677, 0.015625644689458117, 0.01607838525419519, 0.017844439133701467, 0.016811592760523585, 0.01756725312583714, 0.018999653775474173, 0.022459611939519616, 0.014773434180908297, 0.015927725706000387, 0.02480191683974171, 0.015907729694137177, 0.09434406621858483, 0.016188716911871178, 0.013893462889007885, 0.015560732466681996, 0.015568043377910602, 0.013361068619158794, 0.01533534215145931], "flux_before_g": [18.816117567725843, 18.87343802290068, 18.949723291487835, 18.85933944064245, 18.817353127177945, 18.770825591950256, 18.811158262115008, 18.728536892694173, 18.8567315825234, 18.8699814792161, 18.858807001798443, 18.85665889089129, 18.74483554014201, 18.886207171345724, 18.87641910897789, 18.822626558199886, 18.86060171377685, 18.92588950678307, 18.788934912109482, 18.906071583824648, 18.820779112705146, 18.830098846914527, 18.8996901989909, 18.810783325915878, 18.817647383596043, 18.769767111951776, 18.82319621035898, 18.8868540959066, 18.84049703231636, 18.872910927779564, 18.826163145518123, 18.93597170383274, 18.85801057564673, 18.833738273089413, 18.85448656352262, 18.795926395021873, 18.781770761669968], "MJD_before_g": [58202.37542819977, 58208.387858800124, 58208.40962960012, 58229.31503470009, 58232.271284699906, 58235.297615699936, 58236.28763889987, 58237.297349500004, 58246.29370369995, 58249.336331000086, 58255.33656249987, 58258.27351849992, 58267.21321759978, 58270.28990740003, 58273.253275500145, 58276.255092599895, 58279.29506940022, 58288.21125000017, 58294.19157409994, 58297.25013889978, 58304.19230319979, 58312.25395830022, 58315.16927079996, 58334.176064800005, 58337.17068290012, 58345.17826389987, 58363.155567099806, 58480.524155099876, 58505.49748839997, 58522.52075230004, 58526.472650500014, 58539.41614580015, 59265.422592599876, 59267.38195599988, 59269.4620254999, 59271.4233448999, 59273.3914005002], "flux_err_before_g": [0.01207420479007292, 0.20700382714730986, 0.3284489704508292, 0.012268381905933962, 0.029616589415764134, 0.04626222718293121, 0.10386778252001777, 0.16494007916276582, 0.012506740635465094, 0.012834061090851874, 0.012504153927576001, 0.013137570720950245, 0.12502072070288586, 0.0132658285188722, 0.012631622964306366, 0.011917416942262485, 0.012270215664040438, 0.013104103458954594, 0.03561643542827464, 0.07226521426215948, 0.01264396123358989, 0.014540222399319755, 0.015076050729355079, 0.013404321658975217, 0.013027781438393574, 0.013088152761256645, 0.01440422825269244, 0.10395345482660509, 0.1606127660129235, 0.012662978854245877, 0.01662940723246563, 0.14281896605204245, 0.012045247852142315, 0.05841025800984278, 0.01145107175194949, 0.09074553103801673, 0.18160591664225267], "flux_outl_after_i": [], "MJD_outl_after_i": [], "flux_outl_err_after_i": [], "flux_outl_after_r": [18.075654268335143, 18.1119382717811, 17.664558737660276, 18.00678671250015, 18.158242746826865, 17.939483927494067, 18.381552775370785, 18.0769252368901, 18.061163489283604, 18.19418655166255], "MJD_outl_after_r": [58249.27307870006, 58261.296157400124, 58464.561759300064, 58285.18930559978, 58315.236296299845, 58464.55208329996, 58464.5665972, 58465.5587847, 58467.568726900034, 58539.35803239979], "flux_outl_err_after_r": [0.019443725180797955, 0.016535337949979023, 0.08549196846052023, 0.21071218881167125, 0.038563359895140224, 0.02611147094546532, 0.03699112154207112, 0.017212654897296988, 0.018999653775474173, 0.09434406621858483], "flux_outl_after_g": [18.87343802290068, 18.949723291487835, 18.728536892694173, 18.8868540959066, 18.84049703231636], "MJD_outl_after_g": [58208.387858800124, 58208.40962960012, 58237.297349500004, 58480.524155099876, 58505.49748839997], "flux_outl_err_after_g": [0.20700382714730986, 0.3284489704508292, 0.16494007916276582, 0.10395345482660509, 0.1606127660129235],