{"name": "J153118.92+351948.7", "flux_err_before_i": [], "mask_before_i": [], "flux_before_i": [], "MJD_before_i": [], "mask_before_r": [17.0, 17.0, 17.0, 17.0, 17.0, 17.0, 17.0, 17.0, 17.0, 17.0, 17.0, 17.0, 17.0, 17.0, 17.0, 17.0, 17.0, 17.0, 17.0, 17.0, 17.0, 17.0, 17.0, 17.0, 17.0, 17.0, 17.0, 17.0, 17.0, 17.0, 17.0, 17.0], "mask_before_g": [17.0, 17.0, 17.0, 17.0, 17.0, 17.0, 17.0, 17.0, 17.0, 17.0, 17.0, 17.0, 17.0, 17.0, 17.0, 17.0, 17.0, 17.0], "flux_before_r": [17.96389810988429, 17.946749078596767, 17.929115547211573, 17.97725228215576, 17.9660014132913, 17.892275330010463, 17.966040323169494, 17.90052471092326, 17.97167651080178, 17.929232808622828, 17.946863242584076, 18.01535546643783, 17.953483957349324, 17.955153448105737, 17.958832689128467, 17.982945049033553, 17.948352993885425, 18.009164402916227, 17.957546436396747, 17.965974213010046, 17.94803204307391, 17.990196115140492, 17.96514353632564, 17.987454899011492, 17.944815256262764, 17.937688909366145, 17.932944062205358, 17.949396732946404, 17.950810106083427, 17.96672654447705, 17.979151646952317, 17.965151778341237], "MJD_before_r": [58292.28744209977, 58292.289780099876, 58481.53398150019, 58512.52046300005, 58534.39578700019, 58558.284548600204, 58580.33377309982, 58589.24368060008, 58593.30733799981, 58606.257141199894, 58608.265752300154, 58617.283321800176, 58618.22515049996, 58634.30687499978, 58634.30732640019, 58647.27085650014, 58651.2913079001, 58651.291759300046, 58652.31243060017, 58652.3128819, 58676.22015050007, 58676.220601900015, 58677.226793999784, 58677.227245400194, 58707.166481500026, 58707.16693289997, 58895.49593750015, 58895.496388900094, 58980.33245369978, 58980.33292819979, 59028.244953699876, 59034.27026619995], "flux_err_before_r": [0.009709967131382013, 0.009505131888355698, 0.009902497347320894, 0.012969386377032214, 0.010445736857667412, 0.010089941490442875, 0.01000264014991946, 0.011471716353806519, 0.010188004313643412, 0.010178215441261145, 0.010562429248558021, 0.010800421443383215, 0.010076091410979596, 0.01042221181080508, 0.010296072488241562, 0.010263052144342371, 0.009913789959676584, 0.010664101672290682, 0.010425024646979407, 0.010387910544761307, 0.010237439142834839, 0.01059197536261063, 0.010312309298236375, 0.010510913824309276, 0.010211854501722451, 0.010041858087707151, 0.009185782134318303, 0.009341512709896553, 0.009310704819675717, 0.009371932104042337, 0.009543752642165506, 0.009027328098446611], "flux_before_g": [18.670397360975784, 18.647496589728583, 18.708019997399216, 18.688590484179446, 18.669631629233354, 18.69948136449434, 18.667703417051907, 18.691214349237153, 18.698321750813893, 18.740276666283336, 18.89126291132095, 18.423235950050277, 18.757947057136757, 18.68678332101354, 18.637065419101283, 18.68419082670801, 18.686505680959726, 18.64014896540923], "MJD_before_g": [58507.49953699997, 58522.4990393999, 58567.41347219981, 58572.527407399844, 58640.186527799815, 58640.186979200225, 58642.18604170019, 58642.18649310013, 58643.180486099795, 58643.18094909983, 58646.1787268999, 58646.1791782002, 58911.5524420999, 58911.552893499844, 58999.24317129981, 59000.2786921002, 59029.207916699816, 59033.24766199989], "flux_err_before_g": [0.014087852835353583, 0.013954828314417864, 0.01542033685158148, 0.014409272532056514, 0.015705743973999868, 0.016082679513580566, 0.014421393552400796, 0.014677483524605392, 0.015246654612293457, 0.015645755112255716, 0.3403043940378326, 0.20440972060511198, 0.014617216676363454, 0.013755588971682255, 0.013639298354152531, 0.013573198253279559, 0.013325641775834562, 0.012565664153999519], "flux_outl_after_i": [], "MJD_outl_after_i": [], "flux_outl_err_after_i": [], "flux_outl_after_r": [], "MJD_outl_after_r": [], "flux_outl_err_after_r": [], "flux_outl_after_g": [18.89126291132095, 18.423235950050277], "MJD_outl_after_g": [58646.1787268999, 58646.1791782002], "flux_outl_err_after_g": [0.3403043940378326, 0.20440972060511198], "mask_after_r": [17.0, 17.0, 17.0, 17.0, 17.0, 17.0, 17.0, 17.0, 17.0, 17.0, 17.0, 17.0, 17.0, 17.0, 17.0, 17.0, 17.0, 17.0, 17.0, 17.0, 17.0, 17.0, 17.0, 17.0, 17.0, 17.0, 17.0, 17.0, 17.0, 17.0, 17.0, 17.0], "mask_after_g": [17.0, 17.0, 17.0, 17.0, 17.0, 17.0, 17.0, 17.0, 17.0, 17.0, 17.0, 17.0, 17.0, 17.0, 17.0, 17.0], "mask_after_i": [], "flux_after_r": [18.084935197967692, 18.06711590280146, 18.074212794189386, 18.102335665965274, 18.118596138487064, 18.025650571491255, 18.09630719953027, 18.03220034843612, 18.103162958394474, 18.046438360289095, 18.057022770579643, 18.114259776649277, 18.08254517356908, 18.06979130395219, 18.068477694625773, 18.109341741698508, 18.07860543518921, 18.108367697925974, 18.078462406654324, 18.08458556228275, 18.064923865070636, 18.105440377148412, 18.08635126067611, 18.115593171848975, 18.060088646618894, 18.04904617013152, 18.058953041845964, 18.07447684762373, 18.08193894427729, 18.102813506398768, 18.102298575758407, 18.110819441309687], "MJD_after_r": [58292.28744209977, 58292.289780099876, 58481.53398150019, 58512.52046300005, 58534.39578700019, 58558.284548600204, 58580.33377309982, 58589.24368060008, 58593.30733799981, 58606.257141199894, 58608.265752300154, 58617.283321800176, 58618.22515049996, 58634.30687499978, 58634.30732640019, 58647.27085650014, 58651.2913079001, 58651.291759300046, 58652.31243060017, 58652.3128819, 58676.22015050007, 58676.220601900015, 58677.226793999784, 58677.227245400194, 58707.166481500026, 58707.16693289997, 58895.49593750015, 58895.496388900094, 58980.33245369978, 58980.33292819979, 59028.244953699876, 59034.27026619995], "flux_err_after_r": [0.022100354627767275, 0.021776634330430245, 0.02405558880949977, 0.022768336652756457, 0.02886980746436549, 0.027317780998146184, 0.021754536411218862, 0.027767127463688184, 0.026741403433778347, 0.020851848359850787, 0.022367232642772295, 0.02230102655306957, 0.02352415856051242, 0.01973635574792831, 0.018621667281579594, 0.02305663685599454, 0.025184513508814076, 0.023767820720937853, 0.022818184391471225, 0.024191827066539003, 0.02330348497115298, 0.02344487662905738, 0.022586588730131064, 0.023854744999544666, 0.022634024713161664, 0.02157446198674013, 0.021532216000318148, 0.020843594676104187, 0.021297496419102703, 0.02131063026868402, 0.02129558836421794, 0.02279235969133541], "flux_after_g": [18.608542627952215, 18.612134348024075, 18.702416862021433, 18.626877329059447, 18.610078632551144, 18.627937840200808, 18.59820983144993, 18.621868173361428, 18.63737547095035, 18.684362770612314, 18.699935117068875, 18.631059856326345, 18.568804403493747, 18.606226018921944, 18.651063228056103, 18.597540676877912], "MJD_after_g": [58507.49953699997, 58522.4990393999, 58567.41347219981, 58572.527407399844, 58640.186527799815, 58640.186979200225, 58642.18604170019, 58642.18649310013, 58643.180486099795, 58643.18094909983, 58911.5524420999, 58911.552893499844, 58999.24317129981, 59000.2786921002, 59029.207916699816, 59033.24766199989], "flux_err_after_g": [0.020880112979177363, 0.020546933718311927, 0.023996391775278608, 0.022535254839155867, 0.02242503083554517, 0.02353729552012453, 0.022012577493873284, 0.022903356983757457, 0.022870490742049294, 0.02259848263620285, 0.024278083896145265, 0.023479880207187553, 0.0217902115870249, 0.02504307684556301, 0.02148011956325922, 0.021990267801725357], "flux_after_i": [], "MJD_after_i": [], "flux_err_after_i": []}