{"name": "J153351.64+250503.7", "flux_err_before_i": [0.21698787729253613, 0.008412250362467514, 0.008292205566873148, 0.008403299938647097, 0.008847770323644017, 0.00849377562954929, 0.00860897688267, 0.009034453974836737, 0.008601053992476636, 0.008354747636469703, 0.008585292945500186, 0.00857090959141006, 0.008589671681712997, 0.008710826900632858, 0.010330969146849693, 0.007828973744465251, 0.010163237239276283, 0.008649090924727529, 0.008463572532697874, 0.008631373536183507, 0.008841810065646633], "mask_before_i": [21.0, 21.0, 21.0, 21.0, 21.0, 21.0, 21.0, 21.0, 21.0, 21.0, 21.0, 21.0, 21.0, 21.0, 21.0, 21.0, 21.0, 21.0, 21.0, 21.0, 21.0], "flux_before_i": [17.71931348387944, 17.72286473539608, 17.715859411270692, 17.7368089242649, 17.762568862575257, 17.750236222928308, 17.73276311564244, 17.783539035976766, 17.749863446391487, 17.70741760189448, 17.749572058205707, 17.718951546713527, 17.741425672451044, 17.7117327206617, 17.719236922923024, 17.66064635307942, 17.75196442003415, 17.7253104183535, 17.693668562712727, 17.714984041049814, 17.755737215130836], "MJD_before_i": [58214.36959489994, 58228.506493099965, 58232.3327314998, 58243.35578700015, 58247.15284720017, 58254.383206000086, 58267.24969909992, 58272.35274309991, 58277.29626160022, 58281.29652780015, 58286.19437499996, 58290.1743981, 58302.174594900105, 58320.22653939994, 58331.3174883998, 58336.1573379999, 58340.15328700002, 58345.15013890015, 58363.134120400064, 58367.13736109994, 58379.12303239992], "mask_before_r": [21.0, 21.0, 21.0, 21.0, 21.0, 21.0, 21.0, 21.0, 21.0, 21.0, 21.0, 21.0, 21.0, 21.0, 21.0, 21.0, 21.0, 21.0, 21.0, 21.0, 21.0, 21.0, 21.0, 21.0, 21.0, 21.0, 21.0, 21.0, 21.0, 21.0, 21.0, 21.0, 21.0, 21.0, 21.0, 21.0, 21.0, 21.0, 21.0, 21.0, 21.0, 21.0, 21.0, 21.0, 21.0, 21.0, 21.0, 21.0, 21.0, 21.0, 21.0, 21.0, 21.0, 21.0, 21.0, 21.0, 21.0, 21.0], "mask_before_g": [21.0, 21.0, 21.0, 21.0, 21.0, 21.0, 21.0, 21.0, 21.0, 21.0, 21.0, 21.0, 21.0, 21.0, 21.0, 21.0, 21.0, 21.0, 21.0, 21.0, 21.0, 21.0, 21.0, 21.0, 21.0, 21.0, 21.0, 21.0, 21.0, 21.0, 21.0, 21.0, 21.0, 21.0, 21.0, 21.0, 21.0, 21.0, 21.0, 21.0, 21.0, 21.0, 21.0, 21.0, 21.0, 21.0, 21.0, 21.0, 21.0, 21.0, 21.0, 21.0, 21.0, 21.0, 21.0], "flux_before_r": [18.14716276715643, 18.171360506327858, 18.13042193153425, 18.127705965651934, 18.130780891488712, 18.173105283910836, 18.152494483720286, 18.155515718362583, 18.166219209485696, 18.15412286581103, 18.10524873856005, 18.211065046673973, 18.225973173844014, 18.161752103997333, 18.14551707865182, 18.17818246959911, 18.226924494132263, 18.29747454741293, 18.169617922815036, 18.12891673740945, 18.174439069892806, 18.187717832310422, 18.15242784503249, 18.158143850719608, 18.200242410863932, 18.184100630924824, 18.168125318666092, 18.166902043905687, 18.162260943361897, 18.132880965983084, 18.205608474069628, 18.151930580189223, 18.167027266773502, 18.153991838874767, 18.183578322336082, 18.18747689413971, 18.20499270628043, 18.16634161227565, 18.183697012021856, 18.19077175355872, 18.197808252018817, 18.205627770636934, 18.14355611185419, 18.18944032906721, 18.218093986972264, 18.192506906281892, 18.179131738751824, 18.141520753074726, 18.163903469334297, 18.24859219795004, 18.184884787013072, 18.19091602061352, 18.11634924714452, 18.204860744439046, 18.193791104132615, 18.188755738258774, 18.241928911730902, 18.19026762284564], "MJD_before_r": [58216.36577549996, 58218.42618060019, 58219.3447106001, 58219.36130789993, 58219.41832179995, 58222.34057869995, 58222.360902800225, 58222.513726899866, 58226.35714119999, 58226.37754630018, 58232.377152800094, 58242.33561340021, 58245.355463000014, 58248.29622690007, 58254.364733799826, 58257.358703699894, 58262.31533560017, 58269.33819440007, 58270.31847220007, 58270.31939810002, 58271.191701400094, 58273.317569400184, 58273.31850690022, 58276.29599539982, 58276.29689810006, 58277.27351849992, 58279.25370369991, 58279.2546064998, 58280.296122699976, 58281.211678199936, 58288.273541700095, 58291.25502309995, 58294.270659700036, 58297.289537000004, 58303.17231479986, 58306.19163190015, 58311.16998839984, 58314.169409700204, 58321.21304399986, 58324.16998839984, 58327.27771990001, 58330.30217589997, 58333.16582180001, 58336.21327550011, 58340.185277800076, 58343.1531134001, 58353.14797449997, 58353.23259259993, 58362.14089119993, 58381.112499999814, 58481.55642359983, 58522.54807869997, 58538.48142360011, 58782.100868099835, 59267.42679399997, 59269.39001160022, 59271.4634606, 59275.426689799875], "flux_err_before_r": [0.012249438831174943, 0.01240952873484654, 0.011523379349688764, 0.011346279372899214, 0.01208268471235298, 0.012489159154830346, 0.01210734394391049, 0.01226584221797262, 0.012144475701271591, 0.011945937350828308, 0.013525414454231478, 0.012456530770187076, 0.13249400082668497, 0.011788863199487668, 0.011777630306944372, 0.012532683562725475, 0.012530860180121449, 0.24197289456721066, 0.01204420823745869, 0.011623523057225332, 0.012394434434557025, 0.012279430330508873, 0.011859386539593026, 0.012092292026792762, 0.01257036970480234, 0.012384866764895893, 0.012203972320187564, 0.01219023011979962, 0.012138232834352634, 0.011814176991978911, 0.0122623716909438, 0.011977972690225993, 0.011812504669422847, 0.012134107048807971, 0.012873078435670022, 0.014253510635984583, 0.01451604042564114, 0.012838306252649472, 0.012189050919087395, 0.01247842542573167, 0.018195935441074236, 0.015097401149438383, 0.01200365573123805, 0.012234527968791112, 0.016088986277634238, 0.012907848189923682, 0.012281849802195223, 0.012372554847459773, 0.011830755366494822, 0.012986375779710232, 0.012635865697630824, 0.012380480336720762, 0.015343017674870483, 0.015336115980207597, 0.011260755479569508, 0.011782389671566158, 0.06251021279137335, 0.011313530073326227], "flux_before_g": [19.14560713482598, 19.018442955648474, 19.285267782156453, 19.34134746285217, 19.282773088601203, 19.16031203742988, 19.155363614923154, 19.236562780364185, 19.073088817851225, 19.65981164594412, 19.111595557952192, 19.18660370220033, 19.14225574428426, 19.201816627125368, 19.196274445033097, 19.197531157349115, 19.360036176758573, 19.146281973101654, 19.192701685870627, 19.119905003055404, 19.197894394973957, 19.169847927406778, 19.153911542856626, 19.191569121366182, 19.183768748059236, 19.145327506047344, 19.209973445854107, 19.10977785227728, 19.159186920460854, 19.202910702033577, 19.14046800715483, 19.143931606785568, 19.237288509907753, 19.14927149663808, 19.162252547551372, 19.164545816926307, 19.234191028623837, 19.071744819271316, 19.039510754653154, 19.148871108911166, 19.165435872075065, 19.154673447080505, 19.146344987841708, 19.176595582932016, 19.142163329867643, 19.30152262221364, 19.252669019362585, 19.255144464672487, 19.10441359025537, 19.130953016570054, 19.205170087052757, 19.122147925150976, 19.140582611581824, 19.126807804710573, 19.290802702419935], "MJD_before_g": [58202.37731479993, 58208.425173600204, 58211.398263900075, 58211.44577550003, 58229.31649310002, 58232.45746529987, 58235.30181710003, 58235.35586810019, 58236.29428240005, 58237.300219899975, 58242.41741900006, 58254.40163190011, 58261.235057900194, 58262.290705999825, 58263.283449099865, 58267.216874999925, 58267.217800899874, 58269.272442100104, 58273.273043999914, 58273.273958299775, 58274.27280090004, 58275.26704860013, 58276.2537153, 58277.333171300124, 58279.29603009997, 58279.31186340004, 58280.273310199846, 58282.28821759997, 58282.290092600044, 58283.29535879986, 58284.231932899915, 58300.19085650006, 58303.211608800106, 58306.21707180003, 58311.233622699976, 58314.24710649997, 58321.17188660009, 58324.25366900023, 58327.17003470007, 58330.20453700004, 58333.187106499914, 58336.18755789986, 58343.17268519988, 58346.1500694002, 58362.19208330009, 58365.21700230008, 58381.172106499784, 58480.52918979991, 58505.4692592998, 58522.516643499956, 59265.426365700085, 59267.385277799796, 59269.46729170019, 59271.42709490005, 59273.42504630005],