{"name": "J154145.56+275917.8", "flux_err_before_i": [], "mask_before_i": [], "flux_before_i": [], "MJD_before_i": [], "mask_before_r": [], "mask_before_g": [30.0, 30.0, 30.0, 30.0, 30.0, 30.0, 30.0, 30.0, 30.0, 30.0, 30.0, 30.0, 30.0, 30.0, 30.0, 30.0, 30.0, 30.0, 30.0, 30.0, 30.0, 30.0, 30.0, 30.0, 30.0], "flux_before_r": [], "MJD_before_r": [], "flux_err_before_r": [], "flux_before_g": [18.176851457468395, 18.15875818437386, 18.091133918310234, 18.11354089566086, 18.128675807398636, 18.10089443153854, 18.09135984272694, 18.130105714239225, 18.135932657877337, 18.16278011629408, 18.08519099098062, 18.094899281404516, 18.136117069745687, 18.082022442077722, 18.06858220898102, 18.13279750797718, 18.12241221749692, 18.105037921860806, 18.135503069823777, 18.16591382260816, 18.089292260084644, 18.060007917345665, 18.10966580640396, 18.087403586829858, 18.074098045384837], "MJD_before_g": [58269.33276619995, 58269.333217599895, 58329.213935200125, 58333.19171300018, 58333.19216440013, 58507.527303200215, 58567.42223379994, 58572.52787039988, 58588.29019680014, 58618.41686340002, 58642.18785879994, 58645.220601900015, 58645.22105319984, 58655.31108799996, 58655.3115393999, 58680.22949070018, 58966.43518520007, 58966.435636600014, 58975.31126159988, 58975.31173609989, 58977.3538079001, 58977.354282400105, 58999.24506939994, 59000.2898380002, 59009.26732640015], "flux_err_before_g": [0.016748860567649196, 0.01671044279001693, 0.018344177814813786, 0.016690180842902778, 0.01694318321494762, 0.015234999936945928, 0.016135730113059483, 0.01578508663577497, 0.03027315937681731, 0.03370363405281427, 0.015407106356153572, 0.016007532664573505, 0.016675985623439332, 0.015555846928251888, 0.01531643061092267, 0.016096212145180845, 0.01537905220400556, 0.015194970207031285, 0.015636009012153684, 0.016149913969502, 0.07438738300597739, 0.07299257800567661, 0.015395401048410345, 0.014351130672633994, 0.013577002635333842], "flux_outl_after_i": [], "MJD_outl_after_i": [], "flux_outl_err_after_i": [], "flux_outl_after_r": [], "MJD_outl_after_r": [], "flux_outl_err_after_r": [], "flux_outl_after_g": [18.135932657877337, 18.16278011629408], "MJD_outl_after_g": [58588.29019680014, 58618.41686340002], "flux_outl_err_after_g": [0.00484401719267907, 0.005392928460998976], "mask_after_r": [], "mask_after_g": [30.0, 30.0, 30.0, 30.0, 30.0, 30.0, 30.0, 30.0, 30.0, 30.0, 30.0, 30.0, 30.0, 30.0, 30.0, 30.0, 30.0, 30.0, 30.0, 30.0, 30.0, 30.0, 30.0], "mask_after_i": [], "flux_after_r": [], "MJD_after_r": [], "flux_err_after_r": [], "flux_after_g": [18.020915388523754, 18.04498784118409, 18.053700380942903, 18.061610942061748, 18.080952226629964, 18.07480439955611, 18.021766660187197, 18.029500741646842, 18.077362132665918, 18.025743343213897, 18.02240555828891, 18.09139193556749, 18.06251922645693, 18.02946184163053, 18.087592584766846, 18.098516461907565, 18.054954472094455, 17.991183701432675, 18.07251891808999, 18.02773990649188, 18.046081106118], "MJD_after_g": [58329.213935200125, 58333.19171300018, 58333.19216440013, 58507.527303200215, 58567.42223379994, 58572.52787039988, 58642.18785879994, 58645.220601900015, 58645.22105319984, 58655.31108799996, 58655.3115393999, 58680.22949070018, 58966.43518520007, 58966.435636600014, 58975.31126159988, 58975.31173609989, 58977.3538079001, 58977.354282400105, 58999.24506939994, 59000.2898380002, 59009.26732640015], "flux_err_after_g": [0.019955453562928188, 0.018020688246716248, 0.01868867337244895, 0.018567002689281336, 0.01717543624125577, 0.01798498105640121, 0.02066369829142021, 0.018818789841146093, 0.020688707630610228, 0.018525074336262257, 0.01815876707726762, 0.017575623048512776, 0.019278502739618154, 0.017842499569820734, 0.019992664812813192, 0.019940965821824235, 0.08003411660347462, 0.07896632441541682, 0.020207928949429306, 0.01958903943278528, 0.017691671882932157], "flux_after_i": [], "MJD_after_i": [], "flux_err_after_i": []}