{"name": "J155720.90+331244.0", "flux_err_before_i": [], "mask_before_i": [], "flux_before_i": [], "MJD_before_i": [], "mask_before_r": [28.0, 28.0, 28.0, 28.0, 28.0, 28.0, 28.0, 28.0, 28.0, 28.0, 28.0, 28.0, 28.0, 28.0, 28.0, 28.0, 28.0, 28.0, 28.0, 28.0, 28.0, 28.0, 28.0, 28.0, 28.0, 28.0, 28.0, 28.0, 28.0, 28.0, 28.0, 28.0, 28.0, 28.0, 28.0, 28.0, 28.0, 28.0, 28.0, 28.0, 28.0, 28.0, 28.0, 28.0, 28.0, 28.0, 28.0, 28.0, 28.0, 28.0, 28.0, 28.0, 28.0, 28.0, 28.0, 28.0, 28.0, 28.0, 28.0, 28.0, 28.0, 28.0, 28.0, 28.0, 28.0, 28.0, 28.0, 28.0, 28.0, 28.0, 28.0, 28.0, 28.0, 28.0, 28.0, 28.0, 28.0, 28.0, 28.0, 28.0, 28.0, 28.0, 28.0, 28.0, 28.0, 28.0, 28.0, 28.0, 28.0, 28.0, 28.0, 28.0, 28.0, 28.0, 28.0, 28.0, 28.0, 28.0, 28.0, 28.0, 28.0, 28.0, 28.0, 28.0, 28.0, 28.0, 28.0, 28.0, 28.0, 28.0, 28.0, 28.0, 28.0, 28.0, 28.0, 28.0, 28.0, 28.0, 28.0, 28.0, 28.0, 28.0, 28.0, 28.0, 28.0, 28.0, 28.0, 28.0, 28.0, 28.0, 28.0, 28.0, 28.0, 28.0, 28.0, 28.0, 28.0, 28.0, 28.0, 28.0, 28.0, 28.0, 28.0, 28.0, 28.0, 28.0, 28.0, 28.0, 28.0, 28.0, 28.0, 28.0, 28.0, 28.0, 28.0, 28.0, 28.0, 28.0, 28.0, 28.0, 28.0, 28.0, 28.0, 28.0, 28.0], "mask_before_g": [], "flux_before_r": [17.562276096029823, 17.559962497920242, 17.530739009740238, 17.54460232491221, 17.546969502587203, 17.512523110053124, 17.469897237360122, 17.48134935280986, 17.480030978291623, 17.47689763232476, 17.4637796285942, 17.53450207519846, 17.554500524436445, 17.524969325796555, 17.50811213640695, 17.51408726323144, 17.48766085889273, 17.527578855938287, 17.504790264102752, 17.506059655827535, 17.517892385219387, 17.5223466496175, 17.49267466558547, 17.480538626748363, 17.516199830771512, 17.4684645714267, 17.464230726838927, 17.505956293653114, 17.509517934607057, 17.469881185915753, 17.49774772325612, 17.469670194596812, 17.4790275207258, 17.458177075110953, 17.55616501783441, 17.57229368987842, 17.553690360240523, 17.45708157873351, 17.464351256640498, 17.45804388639402, 17.47481163147936, 17.472844808201273, 17.48156668762055, 17.520503047233404, 17.586468953023072, 17.507835251075242, 17.49605643056796, 17.473239323320968, 17.495580101332646, 17.49405438139022, 17.491772937690033, 17.514399244300115, 17.46605883810918, 17.509157286872394, 17.518168623357234, 17.51307521384332, 17.510966739654485, 17.485188397141368, 17.50381198371151, 17.52034070479401, 17.485416294940606, 17.49839975078882, 17.520118024642734, 17.547466310598878, 17.49949493484837, 17.51935668766452, 17.463484361994546, 17.53753340373627, 17.531663294563728, 17.517406148754034, 17.584841383000224, 17.524261865350617, 17.523700540255334, 17.559863270630323, 17.53809717878036, 17.54138702964315, 17.544955330888783, 17.538993297973935, 17.527698891318508, 17.555489680207046, 17.579093788984572, 17.50294813146568, 17.51664773862037, 17.567172216533407, 17.574322095878003, 17.51386931616895, 17.522078930594056, 17.528820091637634, 17.587252748772663, 17.57917662687707, 17.533380905249814, 17.562781559946593, 17.561101601692368, 17.559754065548596, 17.512942210794407, 17.492457872804728, 17.527283506866603, 17.552115192530877, 17.570857005175064, 17.54435000357241, 17.49641487146466, 17.491413032678384, 17.572226967020107, 17.496838005579384, 17.504893837766136, 17.57374993997847, 17.510149872062676, 17.536840838347462, 17.53668562236751, 17.536121312318976, 17.578276406985317, 17.5154712235028, 17.52518562765313, 17.561770414120982, 17.531090545007803, 17.5502060620272, 17.528050064059144, 17.478447433268407, 17.483003081857518, 17.502531141585713, 17.486861449992325, 17.488968480258592, 17.460461896172454, 17.490714756660964, 17.468056867907336, 17.53130319397909, 17.522443325718317, 17.495890237810276, 17.53081933262306, 17.565018517852046, 17.543552631358764, 17.569156176651376, 17.552558044594647, 17.64042402270841, 17.56650897980812, 17.51903516084174, 17.652132038578188, 17.51908920455055, 17.502280413031336, 17.545700386511164, 17.532100808567467, 17.57017700567114, 17.573886850888748, 17.553070374108195, 17.569477597915284, 17.576840229279124, 17.599276056251966, 17.568871550624156, 17.586683104465664, 17.5204569919148, 17.55965808016332, 17.594261284588637, 17.566298077438518, 17.5274896412476, 17.556792471705403, 17.53391618213307, 17.5363007515872, 17.540627451612565, 17.559998152232218, 17.503145451917867, 17.55037123998313, 17.54772421819161, 17.533808316887416, 17.58333062352127, 17.526497952420545], "MJD_before_r": [58198.39413189981, 58198.39862270001, 58198.435080999974, 58198.455567100085, 58198.462754600216, 58198.49664349994, 58216.36248840019, 58216.36437499989, 58216.38493059995, 58216.40906250011, 58216.41000000015, 58217.38480320014, 58217.4090741002, 58217.4243981, 58217.446678199805, 58217.4677893999, 58222.364722200204, 58222.38401619997, 58222.384953700006, 58222.40855319984, 58222.40950229997, 58222.42982639978, 58222.45453700004, 58222.48407409992, 58222.50668979995, 58224.43017360009, 58224.449826399796, 58226.34053240018, 58226.358622699976, 58226.378946799785, 58226.414456000086, 58226.41539350012, 58226.41976850014, 58226.46123840008, 58229.39506939985, 58229.39964119997, 58229.400590300094, 58230.43987269979, 58230.4620254999, 58231.30795140006, 58231.35246529989, 58231.35746529978, 58232.401458300184, 58232.402407399844, 58247.400613400154, 58247.42042820016, 58252.39606480021, 58254.36520829983, 58255.276782399975, 58255.31135419989, 58255.31719909981, 58257.29545139987, 58257.317036999855, 58257.354259300046, 58257.35962959984, 58257.37870369991, 58257.37964119995, 58257.40133100003, 58258.25765050016, 58258.41089119995, 58261.332361099776, 58262.331145800184, 58263.35956020001, 58263.39540510019, 58263.40104170004, 58266.2925809999, 58269.3584143999, 58269.35934029985, 58270.31988430023, 58270.33981479984, 58271.39181709988, 58272.27435189998, 58272.27527779993, 58272.29344910011, 58272.31484950008, 58273.33072920004, 58273.33844910003, 58273.36520829983, 58274.315775500145, 58274.349664399866, 58275.38275460014, 58278.274745400064, 58278.2756829001, 58279.270671300124, 58279.2801967999, 58280.297592599876, 58280.31637729984, 58280.338414399885, 58281.21408559987, 58281.21499999985, 58281.31954859989, 58281.34883099981, 58282.31835650001, 58282.34053240018, 58283.22523149988, 58283.31898149988, 58283.34033560008, 58284.29197920021, 58284.29418980004, 58284.315787000116, 58285.19579860009, 58285.299305600114, 58285.326261600014, 58286.287766200025, 58286.29643520014, 58286.31869209977, 58287.270694400184, 58287.29611109989, 58288.274467600044, 58288.30098380009, 58288.31780089997, 58295.25347220013, 58295.2724768999, 58295.31168980012, 58296.23755790014, 58296.268090299796, 58296.272685199976, 58297.2890625, 58297.295798600186, 58297.318449100014, 58298.26928240014, 58298.27791670011, 58298.2960994998, 58299.351458299905, 58299.35239579994, 58299.35662040021, 58299.381794000044, 58300.33087959979, 58300.35106479982, 58300.35622690013, 58301.186400500126, 58306.205300900154, 58307.19427079987, 58307.36631939979, 58308.233981499914, 58312.19597220002, 58312.21268519992, 58312.235092599876, 58313.22907410003, 58314.18777780002, 58314.207013899926, 58314.20949070016, 58314.21045139991, 58315.23964119982, 58315.31758099981, 58315.3441666998, 58323.2257869998, 58323.24866899988, 58324.17185189994, 58324.207916699816, 58324.21247689985, 58329.30030089989, 58330.303090299945, 58331.1865393999, 58331.19197920011, 58331.19291670015, 58331.21299770009, 58332.25459490018, 58332.27422450017, 58332.29833329981, 58336.206446799915, 58343.1614351999, 58346.18162039993, 59135.16645829985, 59263.47355319979],