{"name": "J155632.73+280432.1", "flux_err_before_i": [], "mask_before_i": [], "flux_before_i": [], "MJD_before_i": [], "mask_before_r": [], "mask_before_g": [21.0, 21.0, 21.0, 21.0, 21.0, 21.0, 21.0, 21.0, 21.0, 21.0, 21.0, 21.0, 21.0, 21.0, 21.0, 21.0, 21.0, 21.0, 21.0, 21.0, 21.0, 21.0, 21.0, 21.0, 21.0], "flux_before_r": [], "MJD_before_r": [], "flux_err_before_r": [], "flux_before_g": [18.199969829636764, 18.194507631669875, 18.17425769352886, 18.23001505131511, 18.192801765140434, 18.226685744896564, 18.246291455967558, 18.23841027514564, 18.25950673922103, 18.165318370973903, 18.255249182212143, 18.221749701920807, 18.223385728251525, 18.221202187569084, 18.27696292664127, 18.22594547529652, 18.245895590926153, 18.252221478174686, 18.158091693364113, 18.179666825158833, 18.271076455713896, 18.23031677401889, 18.208817494915635, 18.301846732102877, 18.250616881731393], "MJD_before_g": [58269.33276619995, 58269.333217599895, 58329.213935200125, 58333.19171300018, 58333.19216440013, 58507.527303200215, 58567.42223379994, 58572.52787039988, 58588.29019680014, 58618.41686340002, 58642.18785879994, 58645.220601900015, 58645.22105319984, 58655.31108799996, 58655.3115393999, 58680.22949070018, 58966.43518520007, 58966.435636600014, 58975.31126159988, 58975.31173609989, 58977.3538079001, 58977.354282400105, 58999.24506939994, 59000.2898380002, 59009.26732640015], "flux_err_before_g": [0.015940152825599463, 0.01608968722309369, 0.01822752180408516, 0.017237352761576, 0.01675503174704203, 0.016182993025786803, 0.01753965842188062, 0.016117907500736103, 0.034184343568766117, 0.033378890544238815, 0.01709874446174118, 0.017037443545053505, 0.016788768485898272, 0.016493218938387587, 0.017402422953383425, 0.01616898429201761, 0.016015584212589553, 0.01625523080253957, 0.0156668334418092, 0.01671287939020378, 0.09979542603992164, 0.08501403919238293, 0.01622824467450112, 0.016167513856988235, 0.014676797483518932], "flux_outl_after_i": [], "MJD_outl_after_i": [], "flux_outl_err_after_i": [], "flux_outl_after_r": [], "MJD_outl_after_r": [], "flux_outl_err_after_r": [], "flux_outl_after_g": [18.25950673922103, 18.165318370973903], "MJD_outl_after_g": [58588.29019680014, 58618.41686340002], "flux_outl_err_after_g": [0.0065590739930770975, 0.006404528799743347], "mask_after_r": [], "mask_after_g": [21.0, 21.0, 21.0, 21.0, 21.0, 21.0, 21.0, 21.0, 21.0, 21.0, 21.0, 21.0, 21.0, 21.0, 21.0, 21.0, 21.0, 21.0, 21.0, 21.0, 21.0, 21.0, 21.0], "mask_after_i": [], "flux_after_r": [], "MJD_after_r": [], "flux_err_after_r": [], "flux_after_g": [18.16506831535527, 18.169057712127554, 18.155430786018336, 18.203308461545873, 18.213590631175684, 18.16262040799589, 18.177150523408542, 18.164202275686357, 18.16847612637455, 18.167299786838814, 18.221417357577426, 18.185431924094082, 18.146111478696024, 18.159176465624405, 18.1460377441015, 18.168105180300163, 18.164206434734247, 18.243161339522317, 18.136789921738696, 18.200488400663197, 18.16355064644304], "MJD_after_g": [58329.213935200125, 58333.19171300018, 58333.19216440013, 58507.527303200215, 58567.42223379994, 58572.52787039988, 58642.18785879994, 58645.220601900015, 58645.22105319984, 58655.31108799996, 58655.3115393999, 58680.22949070018, 58966.43518520007, 58966.435636600014, 58975.31126159988, 58975.31173609989, 58977.3538079001, 58977.354282400105, 58999.24506939994, 59000.2898380002, 59009.26732640015], "flux_err_after_g": [0.02589447051482791, 0.018781843991739447, 0.021044148814914888, 0.02129990767776786, 0.02311533127502974, 0.023552045782731314, 0.020118081072857327, 0.020102892860786106, 0.021577922635935325, 0.02394592377589812, 0.024431056862365245, 0.022639161387825416, 0.020682999375607605, 0.021061647940518312, 0.023512535866705497, 0.023786049322379717, 0.10569093428450917, 0.09043409074764706, 0.021114782354995563, 0.02269047519885507, 0.023911671064295564], "flux_after_i": [], "MJD_after_i": [], "flux_err_after_i": []}