{"name": "J161603.18+375623.1", "flux_err_before_i": [], "mask_before_i": [], "flux_before_i": [], "MJD_before_i": [], "mask_before_r": [43.0, 43.0, 43.0, 43.0, 43.0, 43.0, 43.0, 43.0, 43.0, 43.0, 43.0, 43.0, 43.0, 43.0, 43.0, 43.0, 43.0, 43.0, 43.0, 43.0, 43.0, 43.0, 43.0, 43.0, 43.0, 43.0, 43.0, 43.0, 43.0, 43.0, 43.0, 43.0, 43.0, 43.0, 43.0, 43.0, 43.0, 43.0, 43.0, 43.0, 43.0, 43.0, 43.0, 43.0, 43.0, 43.0, 43.0, 43.0, 43.0, 43.0], "mask_before_g": [], "flux_before_r": [16.589859352827034, 16.569189330840242, 16.563651659455825, 16.583532507983378, 16.594407042751982, 16.607611994621713, 16.601275930800135, 16.59077624891917, 16.59022467440188, 16.574386736668615, 16.56859707537792, 16.594326659813404, 16.604064964167627, 16.554520675607815, 16.58726930721917, 16.59484434190296, 16.610830871353606, 16.580814310924865, 16.580308707392145, 16.64316294665161, 16.590544144066094, 16.585808743174987, 16.59362703698713, 16.59715930977898, 16.599951589632468, 16.591033066012585, 16.592924934780143, 16.5915013680441, 16.604436757754307, 16.601348715685354, 16.611522458795886, 16.6122874916268, 16.596462995203417, 16.59824211344563, 16.58965275145129, 16.590752063491585, 16.622544652716844, 16.612930597324564, 16.59163213780903, 16.63658816366778, 16.639102514906455, 16.598442645537297, 16.59321524912641, 16.596446079485023, 16.602045091318352, 16.611300652718537, 16.608066389808783, 16.586491095338815, 16.59534834398667, 16.593858892487066], "MJD_before_r": [58263.35423609987, 58268.40673610009, 58268.40718750004, 58270.387627299875, 58270.38809029991, 58271.39554399997, 58271.396006899886, 58280.35340279993, 58280.35385419987, 58292.288391199894, 58292.28884259984, 58294.31108799996, 58294.311550899874, 58298.32896990003, 58298.329421299975, 58534.41292819986, 58558.33226849977, 58574.329710599966, 58580.37160879979, 58589.28890050016, 58593.33035880001, 58602.30322920019, 58606.28379630018, 58617.28469910007, 58618.227881900035, 58633.332025500014, 58633.33247689996, 58634.32003469998, 58634.320486099925, 58652.34377310006, 58652.344224500004, 58654.392002299894, 58654.39245369984, 58655.319560199976, 58655.32001159992, 58677.22775459988, 58677.228205999825, 58680.264097199775, 58680.264548600186, 58695.26212960016, 58695.262581000105, 58707.16465280019, 58707.16510420013, 58724.138726899866, 58724.13917820016, 58728.23211809993, 58974.30539349979, 58974.30585649982, 59028.248692099936, 59034.2711920999], "flux_err_before_r": [0.013886152430554672, 0.013931372975903859, 0.013892450272495908, 0.014367168667947152, 0.014715024998634968, 0.014511856825952562, 0.014500686370167248, 0.014097713704788198, 0.014015482610672704, 0.013878830818910542, 0.013752986519099165, 0.01397297400368165, 0.014173077855773125, 0.014194707814302062, 0.014587669321966956, 0.015421830442335497, 0.015550005095641433, 0.03769848622128136, 0.014712337197294088, 0.0375892244898668, 0.01455780322346034, 0.01503978695758124, 0.01548278210815335, 0.015403588603796967, 0.015497399298000335, 0.015350814141394237, 0.015202960287123568, 0.015223648023933107, 0.01557589067386696, 0.015573193269953182, 0.0156720991530004, 0.01608693043479341, 0.015972885747981624, 0.014969766716834346, 0.014869600061174512, 0.01335915573021745, 0.015154305854345169, 0.015063657272153407, 0.014839218931088133, 0.019483790564731453, 0.022893868982428883, 0.015224226807223431, 0.015081491261059878, 0.015208858486071595, 0.015365129455659269, 0.01754197340402728, 0.013911845408992133, 0.013458436981046188, 0.013715685706100206, 0.013154118324693737], "flux_before_g": [], "MJD_before_g": [], "flux_err_before_g": [], "flux_outl_after_i": [], "MJD_outl_after_i": [], "flux_outl_err_after_i": [], "flux_outl_after_r": [16.580814310924865, 16.64316294665161, 16.590752063491585, 16.639102514906455], "MJD_outl_after_r": [58574.329710599966, 58589.28890050016, 58677.22775459988, 58695.262581000105], "flux_outl_err_after_r": [0.08112328856216654, 0.08088816848561181, 0.02874753747108191, 0.04926526568903928], "flux_outl_after_g": [], "MJD_outl_after_g": [], "flux_outl_err_after_g": [], "mask_after_r": [43.0, 43.0, 43.0, 43.0, 43.0, 43.0, 43.0, 43.0, 43.0, 43.0, 43.0, 43.0, 43.0, 43.0, 43.0, 43.0, 43.0, 43.0, 43.0, 43.0, 43.0, 43.0, 43.0, 43.0, 43.0, 43.0, 43.0, 43.0, 43.0, 43.0, 43.0, 43.0, 43.0, 43.0, 43.0, 43.0, 43.0, 43.0, 43.0, 43.0, 43.0, 43.0, 43.0, 43.0, 43.0, 43.0], "mask_after_g": [], "mask_after_i": [], "flux_after_r": [16.667278884466455, 16.672885014907234, 16.67332248161992, 16.655588883304823, 16.681819986108636, 16.680235712851243, 16.651736981220605, 16.646512886928594, 16.67263034181977, 16.651941702649786, 16.658473536181965, 16.67086200628779, 16.65977364152951, 16.64605665561803, 16.640895397082996, 16.647267690658886, 16.664378802658405, 16.63444011812272, 16.635392619127057, 16.65356463654861, 16.648294812702463, 16.648428062930048, 16.672241729625664, 16.67028139375029, 16.655935776115868, 16.66528733989405, 16.646135551075087, 16.654303108369326, 16.64767887777909, 16.669438840091082, 16.653999193090677, 16.61748064556396, 16.64847904038097, 16.672857415023223, 16.65002655344107, 16.68566671986734, 16.655742005313638, 16.67640573559177, 16.651985042498904], "MJD_after_r": [58280.35340279993, 58280.35385419987, 58292.288391199894, 58292.28884259984, 58294.31108799996, 58294.311550899874, 58298.32896990003, 58298.329421299975, 58534.41292819986, 58558.33226849977, 58580.37160879979, 58593.33035880001, 58602.30322920019, 58606.28379630018, 58617.28469910007, 58618.227881900035, 58633.332025500014, 58633.33247689996, 58634.32003469998, 58634.320486099925, 58652.34377310006, 58652.344224500004, 58654.392002299894, 58654.39245369984, 58655.319560199976, 58655.32001159992, 58677.228205999825, 58680.264097199775, 58680.264548600186, 58695.26212960016, 58707.16465280019, 58707.16510420013, 58724.138726899866, 58724.13917820016, 58728.23211809993, 58974.30539349979, 58974.30585649982, 59028.248692099936, 59034.2711920999], "flux_err_after_r": [0.011816608306495816, 0.011561307648890271, 0.015156188511528477, 0.016080098344019456, 0.01725503793404668, 0.01586991556675007, 0.020217181583560142, 0.019145260112987887, 0.022265168048800823, 0.016063795726736097, 0.015292056898406937, 0.017410132778745396, 0.013808196018915024, 0.014561021125833056, 0.01691128672802893, 0.017311272360606856, 0.01448258028375464, 0.014359173223767115, 0.012429516706811947, 0.01222252957500883, 0.020233399705855214, 0.016812576277866777, 0.02077399384142274, 0.020562508119365584, 0.01850121709305627, 0.01677521300631354, 0.01739151737688122, 0.017938879015832833, 0.0189729799017799, 0.01804534390415993, 0.015074266800691953, 0.01581133965036238, 0.015499380731450588, 0.017900289002106256, 0.017171287884312988, 0.0158475894824673, 0.01690564883229628, 0.01577590001040972, 0.016484274218302012], "flux_after_g": [], "MJD_after_g": [], "flux_err_after_g": [], "flux_after_i": [], "MJD_after_i": [], "flux_err_after_i": []}