{"name": "J162612.35+241330.5", "flux_err_before_i": [], "mask_before_i": [], "flux_before_i": [], "MJD_before_i": [], "mask_before_r": [31.0, 31.0, 31.0, 31.0, 31.0, 31.0, 31.0, 31.0, 31.0, 31.0, 31.0, 31.0, 31.0, 31.0, 31.0, 31.0, 31.0], "mask_before_g": [], "flux_before_r": [18.4420578425088, 18.23863077389327, 18.219881161414563, 18.257023413204216, 18.26305714974078, 18.28909649651561, 18.30603074888592, 18.254550546564356, 18.25429981604735, 18.247380355982653, 18.260492471005463, 18.260149314200685, 18.25570428479884, 18.254847152321776, 18.265351942923747, 18.262871252854858, 18.244504200635497], "MJD_before_r": [58574.328807900194, 58593.343981499784, 58597.434456000105, 58602.304583299905, 58606.28469910007, 58617.31254629977, 58618.2269791998, 58632.30968749989, 58632.31015049992, 58633.3527199002, 58633.35317130014, 58634.35312499991, 58634.35358799994, 58637.33303239988, 58637.333483799826, 58655.31590279983, 58655.31635419978], "flux_err_before_r": [0.21074172725777182, 0.008053657931521867, 0.007940600277503025, 0.00846584348986907, 0.008793539726136336, 0.008903063452623379, 0.009055515318594486, 0.008501999765399185, 0.008523555560661974, 0.008425836206138796, 0.008576258414222505, 0.008676021023255985, 0.008783398438099438, 0.00859329519722385, 0.008705658906153947, 0.008376244989609191, 0.00826994364852362], "flux_before_g": [], "MJD_before_g": [], "flux_err_before_g": [], "flux_outl_after_i": [], "MJD_outl_after_i": [], "flux_outl_err_after_i": [], "flux_outl_after_r": [18.4420578425088], "MJD_outl_after_r": [58574.328807900194], "flux_outl_err_after_r": [0.21074172725777182], "flux_outl_after_g": [], "MJD_outl_after_g": [], "flux_outl_err_after_g": [], "mask_after_r": [31.0, 31.0, 31.0, 31.0, 31.0, 31.0, 31.0, 31.0, 31.0, 31.0, 31.0, 31.0, 31.0, 31.0, 31.0, 31.0], "mask_after_g": [], "mask_after_i": [], "flux_after_r": [18.337230429274932, 18.28690178790951, 18.290793556918167, 18.299252911020577, 18.343606470871634, 18.34812138267344, 18.303474547887443, 18.313942936651216, 18.284184002869722, 18.30671109665203, 18.281268468836394, 18.274910684094884, 18.2762295275271, 18.291654357690724, 18.308531887098674, 18.300495259925633], "MJD_after_r": [58593.343981499784, 58597.434456000105, 58602.304583299905, 58606.28469910007, 58617.31254629977, 58618.2269791998, 58632.30968749989, 58632.31015049992, 58633.3527199002, 58633.35317130014, 58634.35312499991, 58634.35358799994, 58637.33303239988, 58637.333483799826, 58655.31590279983, 58655.31635419978], "flux_err_after_r": [0.024691975640849226, 0.01979240307757873, 0.022927250945842338, 0.020237139596863955, 0.023145789276090897, 0.02417714867049949, 0.020682845672146774, 0.02045995862204865, 0.019469265167408163, 0.018454391759847685, 0.01765985997285874, 0.01827991877904394, 0.017532255186338958, 0.017694686727312423, 0.02512634838265099, 0.025852754059924394], "flux_after_g": [], "MJD_after_g": [], "flux_err_after_g": [], "flux_after_i": [], "MJD_after_i": [], "flux_err_after_i": []}