{"name": "J163809.66+402844.6", "flux_err_before_i": [], "mask_before_i": [], "flux_before_i": [], "MJD_before_i": [], "mask_before_r": [6.0, 6.0, 48.0, 6.0, 6.0, 48.0, 48.0, 6.0, 6.0, 48.0, 48.0, 48.0, 48.0, 48.0, 48.0, 48.0, 48.0, 6.0, 6.0, 48.0, 48.0, 48.0, 48.0, 6.0, 6.0, 6.0, 6.0, 48.0, 6.0, 6.0, 48.0, 48.0, 6.0, 48.0, 48.0, 6.0, 6.0, 48.0, 6.0, 48.0, 6.0, 48.0, 6.0, 48.0, 48.0, 6.0, 6.0, 6.0, 48.0, 6.0, 6.0, 48.0, 48.0, 6.0, 6.0, 6.0, 48.0, 48.0, 6.0, 6.0, 48.0, 48.0, 6.0, 6.0, 48.0, 48.0, 6.0, 6.0, 6.0, 6.0, 6.0, 6.0, 48.0, 48.0, 48.0, 48.0, 6.0, 6.0, 48.0, 48.0, 6.0, 6.0, 48.0, 48.0, 6.0, 48.0, 6.0, 6.0, 48.0, 48.0, 6.0, 6.0, 48.0, 6.0, 48.0], "mask_before_g": [], "flux_before_r": [17.883195906257257, 17.867738480704677, 17.976288413054302, 17.889723095530563, 17.839014907706733, 17.976319478941466, 17.92279807091984, 17.88831259784387, 17.874635963971965, 17.943751110458727, 17.995563279005957, 17.996366295268295, 18.006069770385196, 17.967462487837974, 17.993674587540742, 17.91872991768274, 17.975677347102796, 17.895133642095395, 17.871575964851708, 17.96537648071125, 17.943832123088715, 17.92421089638235, 18.069230651372116, 17.88345113684592, 17.879087805419275, 17.96042566648892, 17.827684099172366, 17.9494448975056, 17.87135169737088, 17.928009487329888, 17.925951262114914, 17.95261041298541, 17.902130504040223, 17.970052554560606, 18.20743912027985, 18.304104013858662, 17.891147511719733, 17.94327462682658, 17.925685272310808, 17.960503681515874, 17.89660167467523, 17.974885067681356, 17.933257593825104, 17.99492669966014, 17.92414832246161, 17.882288251943358, 17.877830074164166, 17.89243381332667, 17.97846732224972, 17.89945999228857, 17.898743242945066, 18.001644102780546, 17.936346015398207, 17.9161812429697, 17.90662695561411, 17.933632073170124, 17.956784705783964, 17.921816307289195, 17.913191832389575, 17.940152668145448, 17.918432511414093, 18.0549851119281, 17.91798296557173, 17.889544154329112, 17.973309680411006, 17.934892798823803, 17.89821148736214, 17.896866349040273, 17.90305232627094, 17.883311976431827, 17.9089979002512, 17.91589760571715, 17.89135897868819, 17.954650000877187, 17.921870784812853, 17.958564278062408, 17.87574192548939, 17.963309852075092, 17.89478692703279, 17.955082533105724, 17.8627097409199, 17.899569563544983, 17.972808315111948, 17.97012077505555, 17.929629163458905, 17.969567446830464, 17.902803942773502, 17.87109518988013, 17.94277524420678, 18.00237343033595, 17.88716376363216, 17.926487548572645, 17.99357351596906, 17.91962344229763, 17.893399029209377], "MJD_before_r": [58263.35146989999, 58263.35193290003, 58263.35423609987, 58268.393923600204, 58268.39438659977, 58268.40673610009, 58268.40718750004, 58270.374606499914, 58270.37506939983, 58270.387627299875, 58270.38809029991, 58271.39554399997, 58271.396006899886, 58280.35340279993, 58280.35385419987, 58292.288391199894, 58292.28884259984, 58292.29118059995, 58292.291631899774, 58294.31108799996, 58294.311550899874, 58298.32896990003, 58298.329421299975, 58298.33081019996, 58298.33127309987, 58299.32532409998, 58299.32578699989, 58534.41292819986, 58534.413391199894, 58558.2963657002, 58558.33226849977, 58574.329710599966, 58580.371157399844, 58580.37160879979, 58589.28890050016, 58589.28935190011, 58593.30636569997, 58593.33035880001, 58602.30277779978, 58602.30322920019, 58606.28334489977, 58606.28379630018, 58617.284247700125, 58617.28469910007, 58618.227881900035, 58618.22834490007, 58633.32923609996, 58633.32968749991, 58633.332025500014, 58634.31913190009, 58634.319583300035, 58634.32003469998, 58634.320486099925, 58646.26329859998, 58646.263749999925, 58651.35464120004, 58652.34377310006, 58652.344224500004, 58652.34467589995, 58652.345127299894, 58654.392002299894, 58654.39245369984, 58654.39290509978, 58654.39335650019, 58655.319560199976, 58655.32001159992, 58655.321388899814, 58655.321840300225, 58676.22568289982, 58676.2261458002, 58677.2212731, 58677.22172449995, 58677.22775459988, 58677.228205999825, 58680.264097199775, 58680.264548600186, 58680.26501160022, 58680.26546300016, 58695.26212960016, 58695.262581000105, 58695.26303240005, 58695.263483799994, 58707.16465280019, 58707.16510420013, 58728.23166669998, 58728.23211809993, 58954.506226900034, 58954.50667819986, 58974.30539349979, 58974.30585649982, 58974.30679399986, 58974.307256899774, 59028.248692099936, 59028.24962959997, 59034.2711920999], "flux_err_before_r": [0.008485202494830304, 0.008185387440210938, 0.009972848318277674, 0.008771484225660658, 0.008294492362014442, 0.009736248278470385, 0.00934422047216958, 0.008914744232635444, 0.008882970791120728, 0.00970251432611355, 0.010273753941769328, 0.01021904629410443, 0.01032884491460516, 0.009689220594813856, 0.0099159352794188, 0.009306702160711744, 0.00976190972945564, 0.008699960990820965, 0.008511659355310824, 0.009653714276927901, 0.009473636079567133, 0.009618518996088132, 0.01108552100056219, 0.008837395740272189, 0.008876851826586936, 0.009646152311106935, 0.008414290235868363, 0.014960087781925736, 0.009388679793238949, 0.010387418837114094, 0.010240575252736047, 0.024426880831651843, 0.009122545750988406, 0.010142029520175445, 0.2516231149916654, 0.1890380713474192, 0.009100030609952098, 0.009930559073285255, 0.00961386362813657, 0.010343447658006653, 0.00964327425646306, 0.010696898515595863, 0.00984570651534516, 0.010847122088752622, 0.010205708918399746, 0.009353607658305117, 0.00920610402967277, 0.009347971374331248, 0.010580124479467679, 0.00958799602686608, 0.009525354458454365, 0.01098200126989793, 0.010347662484274925, 0.009980133384402805, 0.00961954721784839, 0.009570985929138973, 0.010435126803193178, 0.010053340021402492, 0.009718082496083849, 0.009842035240460883, 0.010243228316777304, 0.01162995122266127, 0.009887739924189204, 0.00961969959847333, 0.010240183065009227, 0.009927067342180254, 0.009121545806821382, 0.009138825568702484, 0.009342105748244728, 0.009256965370046768, 0.009330458994570866, 0.009428940403942956, 0.009651780573255817, 0.010300157103126201, 0.009739399094101922, 0.009975382552107679, 0.008980088540453663, 0.009639794800706893, 0.01459279962895928, 0.004173891149272749, 0.06647683904732998, 0.025591260280088575, 0.010525122871114503, 0.01031792005357411, 0.01082518965564625, 0.011709297146319245, 0.008561412562329302, 0.008328023163214154, 0.00929252945046739, 0.009678615132839172, 0.008498247084269888, 0.008766351248784134, 0.009653687916256842, 0.008622500443939909, 0.00840278903728503], "flux_before_g": [], "MJD_before_g": [], "flux_err_before_g": [], "flux_outl_after_i": [], "MJD_outl_after_i": [], "flux_outl_err_after_i": [], "flux_outl_after_r": [18.20743912027985, 18.304104013858662, 17.89478692703279, 17.8627097409199, 17.899569563544983, 17.928009487329888, 17.925951262114914, 17.95261041298541, 17.955082533105724], "MJD_outl_after_r": [58589.28890050016, 58589.28935190011, 58695.26212960016, 58695.26303240005, 58695.263483799994, 58558.2963657002, 58558.33226849977, 58574.329710599966, 58695.262581000105], "flux_outl_err_after_r": [0.2516231149916654, 0.1890380713474192, 0.013955281131579587, 0.06647683904732998, 0.024473249876694976, 0.00993362163458492, 0.009793193234656935, 0.023359738901424565, 0.004173891149272749], "flux_outl_after_g": [], "MJD_outl_after_g": [], "flux_outl_err_after_g": [], "mask_after_r": [6.0, 6.0, 6.0, 6.0, 6.0, 6.0, 6.0, 6.0, 6.0, 6.0, 6.0, 6.0, 6.0, 6.0, 6.0, 6.0, 6.0, 6.0, 6.0, 6.0, 6.0, 6.0, 6.0, 6.0, 6.0, 6.0, 6.0, 6.0, 6.0, 6.0, 6.0, 6.0, 6.0, 6.0, 6.0, 6.0, 6.0, 6.0, 6.0, 6.0, 6.0, 6.0, 6.0, 6.0, 48.0, 48.0, 48.0, 48.0, 48.0, 48.0, 48.0, 48.0, 48.0, 48.0, 48.0, 48.0, 48.0, 48.0, 48.0, 48.0, 48.0, 48.0, 48.0, 48.0, 48.0, 48.0, 48.0, 48.0, 48.0, 48.0, 48.0, 48.0, 48.0, 48.0, 48.0, 48.0, 48.0, 48.0, 48.0, 48.0, 48.0, 48.0, 48.0, 48.0, 48.0, 48.0], "mask_after_g": [], "mask_after_i": [],