{"name": "J164203.17+220711.6", "flux_err_before_i": [], "mask_before_i": [], "flux_before_i": [], "MJD_before_i": [], "mask_before_r": [23.0, 23.0, 23.0, 23.0, 23.0, 23.0, 23.0, 23.0, 23.0, 23.0, 23.0, 23.0, 23.0, 23.0, 23.0, 23.0, 23.0, 23.0], "mask_before_g": [], "flux_before_r": [17.588167964595304, 17.58293114951119, 17.580614038104827, 17.573161753124474, 17.576787425460793, 17.562281856697105, 17.556483453438684, 17.55735478950157, 17.570475349668275, 17.595336116368298, 17.571426471019326, 17.553523649859738, 17.582179850110116, 17.544512432457132, 17.585243806725337, 17.558235554175376, 17.539396548268346, 17.548108351927013], "MJD_before_r": [58270.392268499825, 58270.39271989977, 58290.26905089989, 58290.269513899926, 58593.344444400165, 58597.43537040008, 58602.30413189996, 58606.29199070018, 58618.23436339991, 58619.35174770001, 58632.31243060017, 58633.35454860004, 58646.24790510023, 58646.248356500175, 58654.34973380016, 58654.350185200106, 58655.349409699906, 58655.34986109985], "flux_err_before_r": [0.006850074226872149, 0.006810838016048069, 0.006726570632963909, 0.006667035888221346, 0.006846412496553135, 0.006808020179169749, 0.0070123159081844615, 0.007176125205553285, 0.007206729668093111, 0.008070910627379774, 0.007050804614494158, 0.007028093839805935, 0.00834334172512295, 0.008090084627642748, 0.007261153442461206, 0.007104971060562103, 0.006727701451564971, 0.006792527923357497], "flux_before_g": [], "MJD_before_g": [], "flux_err_before_g": [], "flux_outl_after_i": [], "MJD_outl_after_i": [], "flux_outl_err_after_i": [], "flux_outl_after_r": [], "MJD_outl_after_r": [], "flux_outl_err_after_r": [], "flux_outl_after_g": [], "MJD_outl_after_g": [], "flux_outl_err_after_g": [], "mask_after_r": [23.0, 23.0, 23.0, 23.0, 23.0, 23.0, 23.0, 23.0, 23.0, 23.0, 23.0, 23.0, 23.0, 23.0, 23.0, 23.0, 23.0, 23.0], "mask_after_g": [], "mask_after_i": [], "flux_after_r": [17.67341909047379, 17.66497965291594, 17.658126363382536, 17.642176172965, 17.63896292976822, 17.637333300843878, 17.65726662715182, 17.674506277352553, 17.654613465585584, 17.6298250553777, 17.672155497443484, 17.62087908800152, 17.650421582617927, 17.648341077909233, 17.627975821036564, 17.637589089564106], "MJD_after_r": [58290.26905089989, 58290.269513899926, 58593.344444400165, 58597.43537040008, 58602.30413189996, 58606.29199070018, 58618.23436339991, 58619.35174770001, 58632.31243060017, 58633.35454860004, 58646.24790510023, 58646.248356500175, 58654.34973380016, 58654.350185200106, 58655.349409699906, 58655.34986109985], "flux_err_after_r": [0.015954242250304177, 0.017326878535796862, 0.020380409296800378, 0.016705726370049565, 0.017317252605687172, 0.017913477194081866, 0.018323091132213566, 0.024156588064691197, 0.017660555943977106, 0.014080159676651074, 0.01920563552321434, 0.01997734154622682, 0.017072666301948296, 0.01828549035966623, 0.016385740552780775, 0.01997588992927441], "flux_after_g": [], "MJD_after_g": [], "flux_err_after_g": [], "flux_after_i": [], "MJD_after_i": [], "flux_err_after_i": []}