{"name": "J165243.75+383619.2", "flux_err_before_i": [], "mask_before_i": [], "flux_before_i": [], "MJD_before_i": [], "mask_before_r": [40.0, 40.0, 40.0, 40.0, 40.0, 40.0, 40.0, 40.0, 40.0, 40.0, 40.0, 40.0, 40.0, 40.0, 40.0, 40.0, 40.0, 40.0, 40.0, 40.0, 40.0, 40.0, 40.0, 40.0, 40.0, 40.0, 40.0, 40.0, 40.0, 40.0, 40.0, 40.0, 40.0, 40.0, 40.0, 40.0, 40.0, 40.0, 40.0, 40.0, 40.0, 40.0, 40.0, 40.0, 40.0, 40.0, 40.0, 40.0], "mask_before_g": [40.0, 40.0, 40.0, 40.0], "flux_before_r": [17.95144534781562, 17.992110931120557, 17.89472689165395, 17.92596901317708, 17.957966909088128, 17.94145113189728, 17.905195362518075, 17.940825554706493, 17.91771286596385, 17.929646263540768, 17.954014229301414, 17.941439789552984, 17.90651797526201, 17.88707041679541, 17.941998510993585, 17.913947238936228, 17.957567641273613, 17.871435625650044, 17.842032618113727, 17.98438901957276, 17.91803532938056, 17.953704035345474, 17.905708625364305, 17.909881819133048, 17.972613164745017, 17.939103444403607, 17.95275266999306, 17.90599019126684, 17.92349936489663, 17.87899550554215, 17.896359739047252, 17.91471846171969, 17.920817649405613, 17.932348894208246, 17.935523201691623, 17.91296990426078, 17.912217279051035, 17.884637337214016, 17.94863175029316, 17.91465668056039, 17.91515361552846, 17.91829826952917, 17.92439547845142, 17.926361862417778, 17.875540578877725, 17.943970968302793, 17.951437515970156, 17.963100839651307], "MJD_before_r": [58268.40766200004, 58270.388553199824, 58270.38901619986, 58271.39461810002, 58271.39508099994, 58273.40837959992, 58273.40883099986, 58280.354328699876, 58292.29209489981, 58294.312025499996, 58294.31247689994, 58298.32989579998, 58298.330347199924, 58375.121134299785, 58376.12093750015, 58377.11714120023, 58378.12042819988, 58574.330613399856, 58589.289814800024, 58593.334919000044, 58606.3099769, 58617.285173600074, 58618.23346060002, 58633.32376160007, 58633.324213000014, 58634.33120370004, 58634.3316434999, 58646.25782410009, 58646.25827550003, 58651.35189810023, 58651.35234950017, 58654.35247689998, 58654.352928199805, 58655.32047449984, 58655.32092589978, 58677.26753470022, 58677.26798610017, 58680.286840300076, 58680.28729170002, 58681.28717589984, 58681.28762729978, 58682.29019680014, 58682.290648099966, 58695.26121529983, 58695.26166669978, 58724.13964120019, 58724.140104200225, 58728.23530089995], "flux_err_before_r": [0.007705780621406143, 0.008119380122132865, 0.007489438489935745, 0.007559726905177776, 0.007792292840015024, 0.007599393873537773, 0.007416459793555991, 0.00760972081209612, 0.007407704472835825, 0.007538709477828986, 0.007641950026720296, 0.007818697618155674, 0.007606864700560856, 0.007239468259769463, 0.007662983775429255, 0.007338670644134705, 0.007664883497098318, 0.01921377726727333, 0.15499636524493296, 0.00826407232714439, 0.008100888104149434, 0.008434126601945374, 0.008068669965457178, 0.007957034284235463, 0.00839235347601946, 0.008275607402379873, 0.008331814066710871, 0.008689495810170688, 0.008797479177759871, 0.007566877510784256, 0.007633125401070023, 0.008019843367577294, 0.008089572310567185, 0.007834622209055174, 0.007856837706798505, 0.007811716314819699, 0.007804146497442063, 0.0075074670803660605, 0.007986770437640614, 0.007757131859713092, 0.007727160763921163, 0.007840031533235692, 0.007923493263443613, 0.010924039117263992, 0.011491447392017474, 0.008179125818934698, 0.008094192113304869, 0.009363513425151184], "flux_before_g": [18.412376949928493, 18.628036494919172, 18.502210465225154, 18.458282030211624], "MJD_before_g": [58237.35239579994, 58237.35284719989, 58293.207025500014, 58293.20747689996], "flux_err_before_g": [0.09726520217692096, 0.08732493529785125, 0.019134197328903424, 0.018226519569744366], "flux_outl_after_i": [], "MJD_outl_after_i": [], "flux_outl_err_after_i": [], "flux_outl_after_r": [17.871435625650044, 17.842032618113727, 17.875540578877725], "MJD_outl_after_r": [58574.330613399856, 58589.289814800024, 58695.26166669978], "flux_outl_err_after_r": [0.02467323027027438, 0.15499636524493296, 0.014756657355705242], "flux_outl_after_g": [], "MJD_outl_after_g": [], "flux_outl_err_after_g": [], "mask_after_r": [40.0, 40.0, 40.0, 40.0, 40.0, 40.0, 40.0, 40.0, 40.0, 40.0, 40.0, 40.0, 40.0, 40.0, 40.0, 40.0, 40.0, 40.0, 40.0, 40.0, 40.0, 40.0, 40.0, 40.0, 40.0, 40.0, 40.0, 40.0, 40.0, 40.0, 40.0, 40.0, 40.0, 40.0, 40.0, 40.0, 40.0, 40.0, 40.0, 40.0, 40.0, 40.0, 40.0, 40.0, 40.0], "mask_after_g": [40.0, 40.0, 40.0, 40.0], "mask_after_i": [], "flux_after_r": [17.96755821330485, 17.937652299897433, 17.978547753431627, 17.962789845518156, 17.960910587887454, 17.982021497415698, 17.96064462217685, 17.933109647193398, 17.92813198697909, 17.95958708653286, 17.952353704564455, 17.981413438097633, 18.034547038554507, 17.95300082485268, 17.993926385616888, 17.956558472723305, 17.944282127783108, 17.9917412117294, 17.964793216435417, 17.980057298546363, 17.945970039235192, 17.955676270987826, 17.930563284486073, 17.956840305027537, 17.96020827666777, 17.956575562351702, 17.96061535336552, 17.958533630848414, 17.947962135339104, 17.956480420672563, 17.920263819479114, 17.981856235674197, 17.969132598104085, 17.951387670393103, 17.976671484311698, 17.960722555776243, 17.95841095061229, 17.976332066302792, 17.969716623693706, 17.988773342252408], "MJD_after_r": [58273.40837959992, 58273.40883099986, 58280.354328699876, 58292.29209489981, 58294.312025499996, 58294.31247689994, 58298.32989579998, 58298.330347199924, 58375.121134299785, 58376.12093750015, 58377.11714120023, 58378.12042819988, 58593.334919000044, 58606.3099769, 58617.285173600074, 58618.23346060002, 58633.32376160007, 58633.324213000014, 58634.33120370004, 58634.3316434999, 58646.25782410009, 58646.25827550003, 58651.35189810023, 58651.35234950017, 58654.35247689998, 58654.352928199805, 58655.32047449984, 58655.32092589978, 58677.26753470022, 58677.26798610017, 58680.286840300076, 58680.28729170002, 58681.28717589984, 58681.28762729978, 58682.29019680014, 58682.290648099966, 58695.26121529983, 58724.13964120019, 58724.140104200225, 58728.23530089995], "flux_err_after_r": [0.014975464185576203, 0.013725974954394064, 0.010899346095273712, 0.014044328618523522, 0.01726826463933269, 0.017471394557411167, 0.017714515099012534, 0.018755071387076983, 0.016460445990601626, 0.0159110453763841, 0.018137181775489328, 0.014937888439389485, 0.017265679086015878, 0.012675141244310616, 0.014982092594198767, 0.017023914444810405, 0.010496839161567562, 0.010327214214321756, 0.009873790868634024, 0.00978716557016681, 0.01734777470541755, 0.018752830912420557, 0.017098655091217028, 0.017525693411567327, 0.017060987200082704, 0.018176060414495033, 0.01643543900277685, 0.016474207419030558, 0.017394657825867816, 0.015423617169619165, 0.01743861739101265, 0.018210070257564284, 0.01640999119199057, 0.017036310486526807, 0.014982216578208677, 0.017369545249861295, 0.018983711876049823, 0.015389782765059134, 0.014454009437378214, 0.015794219551441644], "flux_after_g": [18.4816822177046, 18.450353500303297], "MJD_after_g": [58293.207025500014, 58293.20747689996], "flux_err_after_g": [0.022694639114017073, 0.024002541744879733], "flux_after_i": [], "MJD_after_i": [], "flux_err_after_i": []}