{"name": "J170845.71+620236.1", "flux_err_before_i": [], "mask_before_i": [], "flux_before_i": [], "MJD_before_i": [], "mask_before_r": [55.0, 55.0, 13.0, 13.0, 55.0, 55.0, 55.0, 13.0, 13.0, 55.0, 55.0, 55.0, 55.0, 13.0, 13.0, 55.0, 55.0, 13.0, 13.0, 13.0, 55.0, 13.0, 55.0, 55.0, 13.0, 55.0, 55.0, 13.0, 55.0, 13.0, 55.0, 13.0, 55.0, 55.0, 55.0, 55.0, 55.0, 55.0, 55.0, 55.0, 55.0, 13.0, 13.0, 55.0, 55.0, 55.0, 55.0, 13.0, 13.0, 55.0, 55.0, 13.0, 13.0, 55.0, 55.0, 13.0, 13.0, 55.0, 55.0, 13.0, 13.0, 55.0, 55.0, 13.0, 13.0, 55.0, 55.0, 55.0, 55.0, 13.0, 55.0, 55.0, 13.0], "mask_before_g": [], "flux_before_r": [16.665253449859833, 16.674173246551213, 16.57550614904449, 16.565235936065253, 16.699122726840095, 16.662173843730596, 16.680243900367735, 16.5734391921065, 16.58730701966813, 16.664330982251983, 16.67253190860073, 16.664071883671276, 16.657704853634666, 16.578109049969562, 16.5739266418094, 16.67706148451086, 16.656866086600367, 16.56856379531981, 16.602390789456877, 16.583805909298853, 16.611525223159013, 16.54786517699221, 16.663099780545814, 16.70463152578821, 16.62256556017134, 16.63478678666536, 16.40583308228332, 16.758209833118627, 16.678036604713576, 16.57784241535239, 16.67555836889913, 16.57196883704195, 16.66752216641099, 16.67031285745742, 16.679542518159572, 16.65564907548051, 16.66500245872728, 16.65240191431853, 16.663680961784387, 16.64217851857572, 16.673025989786204, 16.563856259218625, 16.56888314099139, 16.67238861871511, 16.64515237512027, 16.663601089785306, 16.664725031012296, 16.577645849213077, 16.572210338133203, 16.654703070207084, 16.648919372601974, 16.570949695283293, 16.575195787905542, 16.668058710344525, 16.643227956720743, 16.576126818092966, 16.607808336632175, 16.674692473660716, 16.674087742014045, 16.581524638656077, 16.587041075578313, 16.67796608525959, 16.665837384931887, 16.58655746553606, 16.584599322270087, 16.658957707737123, 16.346297551038816, 16.66534441025528, 16.679317091126414, 16.58166985620487, 16.687510318071123, 16.80625551236122, 16.404604603271004], "MJD_before_r": [58263.34869210003, 58263.349143499974, 58266.31231479999, 58266.31276619993, 58267.35427080002, 58268.390231499914, 58268.39069439983, 58268.412812499795, 58268.41327549983, 58270.36825230019, 58270.36870370014, 58271.40650459984, 58271.406967599876, 58271.40741899982, 58271.4078819002, 58298.34699069988, 58298.34745369991, 58298.34790509986, 58298.34836809989, 58353.35798610002, 58534.41576390015, 58534.41622690018, 58558.33375000022, 58574.331967600156, 58574.3324190001, 58580.52115740022, 58589.29116899986, 58589.2916203998, 58593.331736099906, 58593.33218749985, 58606.31133100018, 58618.231655099895, 58618.23210649984, 58633.32741900021, 58633.32787040016, 58634.32843750017, 58634.328877300024, 58650.311273099855, 58650.3117244998, 58651.30622689985, 58651.30667820014, 58651.32575230021, 58651.32621529978, 58652.34788190015, 58652.34833330009, 58654.3739120001, 58654.37436340004, 58654.37481479999, 58654.37526619993, 58655.32504629996, 58655.3254976999, 58655.37192129996, 58655.3723726999, 58676.228437500075, 58676.24658560008, 58676.24703700002, 58676.2474769, 58677.21853009984, 58677.218981499784, 58677.26945600007, 58677.26990740001, 58680.2672917, 58680.26774309995, 58680.291493100114, 58680.29194439994, 58728.24850689992, 58729.23520829994, 58954.511724499986, 58954.51217589993, 58954.51307869982, 58977.45883100014, 59005.33023149986, 59005.353761599865], "flux_err_before_r": [0.011309064968113285, 0.011382420290315, 0.012651085145627423, 0.012610714496668063, 0.01678395899394355, 0.011262501363156811, 0.011499074275583597, 0.01245262746615062, 0.012620836102969497, 0.011665348343521816, 0.011694403714900914, 0.011450753679346294, 0.011398488371647815, 0.012677947209320901, 0.012761331069161419, 0.011909949303979211, 0.011789944309924236, 0.012622658629156402, 0.013050935245358206, 0.0135546304873197, 0.011927115044687606, 0.013193237783504456, 0.012183308217470814, 0.028380361912583002, 0.029814775472197474, 0.020854512096423392, 0.09454980433697666, 0.2095770530753215, 0.011929437356080966, 0.012886716820296342, 0.012631899641741164, 0.0134274286671644, 0.012419216144437558, 0.012404248613381293, 0.012497476429113025, 0.012412662561679413, 0.012528131479631712, 0.01179793732718798, 0.011895910930115534, 0.011709995454468962, 0.01192492661131246, 0.012765205855166556, 0.012838626821190503, 0.012321987575378878, 0.01215139865400724, 0.012344848229292778, 0.012348531998791847, 0.013466776694994896, 0.013365015116850842, 0.011757812956471951, 0.01176015560327842, 0.01287493950673009, 0.0129683174859836, 0.012328459227055827, 0.01201756560741269, 0.013147889525807943, 0.013547172277825379, 0.011992847424303633, 0.01214396245507337, 0.013118832120980282, 0.013128700749220271, 0.011866202438371382, 0.011810282147636332, 0.013079414561545172, 0.01300783585547456, 0.013811104208721036, 0.17245791442292685, 0.011175400165193857, 0.011245328730098073, 0.012162791488951321, 0.015617425621746134, 0.09700328033720218, 0.014840453086282719], "flux_before_g": [], "MJD_before_g": [], "flux_err_before_g": [], "flux_outl_after_i": [], "MJD_outl_after_i": [], "flux_outl_err_after_i": [], "flux_outl_after_r": [16.40583308228332, 16.758209833118627, 16.346297551038816, 16.80625551236122, 16.699122726840095, 16.663099780545814, 16.70463152578821, 16.62256556017134, 16.63478678666536, 16.404604603271004, 16.687510318071123], "MJD_outl_after_r": [58589.29116899986, 58589.2916203998, 58729.23520829994, 59005.33023149986, 58267.35427080002, 58558.33375000022, 58574.331967600156, 58574.3324190001, 58580.52115740022, 59005.353761599865, 58977.45883100014], "flux_outl_err_after_r": [0.09454980433697666, 0.2095770530753215, 0.17245791442292685, 0.09700328033720218, 0.019189366717099345, 0.013929369661643, 0.03244771823507625, 0.034087706025165254, 0.02384329468803269, 0.016967325565043958, 0.01785565059714765], "flux_outl_after_g": [], "MJD_outl_after_g": [], "flux_outl_err_after_g": [], "mask_after_r": [55.0, 55.0, 55.0, 55.0, 55.0, 55.0, 55.0, 55.0, 55.0, 55.0, 55.0, 55.0, 55.0, 55.0, 55.0, 55.0, 55.0, 55.0, 55.0, 55.0, 55.0, 55.0, 55.0, 55.0, 55.0, 55.0, 55.0, 55.0, 55.0, 55.0, 55.0, 55.0, 55.0, 55.0, 55.0, 55.0, 55.0, 13.0, 13.0, 13.0, 13.0, 13.0, 13.0, 13.0, 13.0, 13.0, 13.0, 13.0, 13.0, 13.0, 13.0, 13.0, 13.0, 13.0, 13.0, 13.0, 13.0, 13.0, 13.0, 13.0, 13.0, 13.0], "mask_after_g": [], "mask_after_i": [], "flux_after_r": [16.802175092070343, 16.77995730436654, 16.723824716441964, 16.77905663478051, 16.747226884033346, 16.7472561150111, 16.76043254730528, 16.798048456265207, 16.776658013595167, 16.76483415896166, 16.78981627629012, 16.785372266872933, 16.765426974493167, 16.769397282739888, 16.758158238359094, 16.778286614029664, 16.788713855858717, 16.790475106505323, 16.784358827282798, 16.824170161157948, 16.76199476115082, 16.7750696992347, 16.793589152493084, 16.75565729857034, 16.790394502492838, 16.78739108414749, 16.776341235537807, 16.768864188946978, 16.778293323977977, 16.799114513274674, 16.757557997509835, 16.762673477683286, 16.810272485224303, 16.76504541855803, 16.7473116507918, 16.805005063630315, 16.799007152675152, 16.792591951489747, 16.777326371623282, 16.754936915209473, 16.7996012292902, 16.801007830012647, 16.762268454722815, 16.78563532200412, 16.7794116480491, 16.779648085179975, 16.784917130964388, 16.786992400975606],