{"name": "J170433.56+361218.8", "flux_err_before_i": [], "mask_before_i": [], "flux_before_i": [], "MJD_before_i": [], "mask_before_r": [20.0, 20.0, 20.0, 20.0, 20.0, 20.0, 20.0, 20.0, 20.0, 20.0, 20.0, 20.0, 20.0, 20.0, 20.0, 20.0, 20.0, 20.0, 20.0, 20.0, 20.0, 20.0, 20.0, 20.0, 20.0, 20.0, 20.0, 20.0, 20.0, 20.0, 20.0, 20.0, 20.0, 20.0, 20.0, 20.0, 20.0, 20.0, 20.0, 20.0, 20.0, 20.0, 20.0, 20.0, 20.0, 20.0, 20.0, 20.0], "mask_before_g": [20.0, 20.0, 20.0, 20.0], "flux_before_r": [17.71477665170425, 17.68844653439871, 17.65931087441217, 17.69830012893189, 17.672404143027563, 17.685190359220528, 17.680231871216336, 17.699697651890084, 17.64186453074396, 17.69451814019947, 17.684168260954216, 17.672824992694856, 17.70871744307668, 17.696172384907435, 17.70686870343696, 17.691408166219034, 17.703220336691892, 17.728230554671118, 17.728339199875947, 17.69841197608683, 17.69796582844909, 17.692890139489798, 17.666820710564366, 17.684597501461454, 17.703168143158628, 17.682001013254375, 17.692129482895425, 17.692454597754367, 17.699177226503018, 17.707810107288395, 17.725259517263012, 17.674531202858745, 17.67439307383235, 17.691396638345104, 17.655566516780112, 17.686251512908658, 17.678505060693286, 17.645354806543466, 17.68248145450964, 17.692359942850693, 17.679187490448065, 17.652072800654032, 17.698867134951545, 17.678209914436074, 17.788622613583776, 17.690862058115826, 17.69424866560307, 17.688788097015383], "MJD_before_r": [58268.40766200004, 58270.388553199824, 58270.38901619986, 58271.39461810002, 58271.39508099994, 58273.40837959992, 58273.40883099986, 58280.354328699876, 58292.29209489981, 58294.312025499996, 58294.31247689994, 58298.32989579998, 58298.330347199924, 58375.121134299785, 58376.12093750015, 58377.11714120023, 58378.12042819988, 58574.330613399856, 58589.289814800024, 58593.334919000044, 58606.3099769, 58617.285173600074, 58618.23346060002, 58633.32376160007, 58633.324213000014, 58634.33120370004, 58634.3316434999, 58646.25782410009, 58646.25827550003, 58651.35189810023, 58651.35234950017, 58654.35247689998, 58654.352928199805, 58655.32047449984, 58655.32092589978, 58677.26753470022, 58677.26798610017, 58680.286840300076, 58680.28729170002, 58681.28717589984, 58681.28762729978, 58682.29019680014, 58682.290648099966, 58695.26121529983, 58695.26166669978, 58724.13964120019, 58724.140104200225, 58728.23530089995], "flux_err_before_r": [0.010031373014846563, 0.009988685353780507, 0.00972599560447904, 0.00981679610458444, 0.009520316276273349, 0.009816707771126866, 0.009745014006852029, 0.009833062055256879, 0.009283581010093116, 0.009831436426792057, 0.009697884860234703, 0.00991698636855889, 0.010321354540958458, 0.00985096266621843, 0.010060908529846152, 0.009723284330634144, 0.009846862053957727, 0.03282025424742397, 0.1333504135190252, 0.01038614806549473, 0.010792350729284557, 0.01076380385057673, 0.010618373644021553, 0.010450299079038897, 0.010594414890783475, 0.010512115512604663, 0.010620415609421719, 0.011521567228709628, 0.01148684100419311, 0.010451382975467806, 0.010635392595332077, 0.010459289896124185, 0.010423341066429077, 0.010245387161304728, 0.009929247264399118, 0.01029983634833861, 0.010253018558529881, 0.009716539976397246, 0.010088864773690854, 0.010180138728562447, 0.01014202590208415, 0.010001815510343617, 0.010376157927192564, 0.015577353837974268, 0.019199891064423807, 0.010442260961989108, 0.010559155496285473, 0.011752356526551006], "flux_before_g": [18.500401565185836, 18.71881541304356, 18.683688714223337, 18.611547084299723], "MJD_before_g": [58237.35239579994, 58237.35284719989, 58293.207025500014, 58293.20747689996], "flux_err_before_g": [0.057355724873050365, 0.08475161907798606, 0.0028157877891213674, 0.002622909277648393], "flux_outl_after_i": [], "MJD_outl_after_i": [], "flux_outl_err_after_i": [], "flux_outl_after_r": [17.728230554671118, 17.728339199875947, 17.788622613583776, 17.678209914436074], "MJD_outl_after_r": [58574.330613399856, 58589.289814800024, 58695.26166669978, 58695.26121529983], "flux_outl_err_after_r": [0.042017347574673874, 0.1333504135190252, 0.02458020252274827, 0.01994253565403801], "flux_outl_after_g": [], "MJD_outl_after_g": [], "flux_outl_err_after_g": [], "mask_after_r": [20.0, 20.0, 20.0, 20.0, 20.0, 20.0, 20.0, 20.0, 20.0, 20.0, 20.0, 20.0, 20.0, 20.0, 20.0, 20.0, 20.0, 20.0, 20.0, 20.0, 20.0, 20.0, 20.0, 20.0, 20.0, 20.0, 20.0, 20.0, 20.0, 20.0, 20.0, 20.0, 20.0, 20.0, 20.0, 20.0, 20.0, 20.0, 20.0, 20.0, 20.0, 20.0, 20.0, 20.0], "mask_after_g": [20.0, 20.0, 20.0, 20.0], "mask_after_i": [], "flux_after_r": [17.731637640167545, 17.728031447829338, 17.755721822768898, 17.71061177458042, 17.751515338736635, 17.740455756822207, 17.72234556564095, 17.771613553301755, 17.75452155892385, 17.769632603603764, 17.76155382724969, 17.778313301998608, 17.763009423663007, 17.750231767038095, 17.751592217544818, 17.73336703907296, 17.736121490477494, 17.752910653648474, 17.719666452035842, 17.740427659055264, 17.749108102666092, 17.75463339314476, 17.749282598982838, 17.810596663595895, 17.726285284442817, 17.731750789285663, 17.76368142882558, 17.715271021290953, 17.743556299989773, 17.75059466858089, 17.704157002419265, 17.73957862846636, 17.748707757697535, 17.744648787726724, 17.715321061305474, 17.754551390732395, 17.735805053449294, 17.73643295002718, 17.747208616136774], "MJD_after_r": [58273.40837959992, 58273.40883099986, 58280.354328699876, 58292.29209489981, 58294.312025499996, 58294.31247689994, 58298.32989579998, 58298.330347199924, 58375.121134299785, 58376.12093750015, 58377.11714120023, 58378.12042819988, 58593.334919000044, 58606.3099769, 58617.285173600074, 58618.23346060002, 58633.32376160007, 58633.324213000014, 58634.33120370004, 58634.3316434999, 58646.25782410009, 58646.25827550003, 58651.35189810023, 58651.35234950017, 58654.35247689998, 58654.352928199805, 58655.32047449984, 58655.32092589978, 58677.26753470022, 58677.26798610017, 58680.286840300076, 58680.28729170002, 58681.28717589984, 58681.28762729978, 58682.29019680014, 58682.290648099966, 58724.13964120019, 58724.140104200225, 58728.23530089995], "flux_err_after_r": [0.016377322655691577, 0.014147470246681051, 0.012780117328769118, 0.015068970658778108, 0.017536632574900717, 0.01753953038279051, 0.019247739791654457, 0.019714721713719838, 0.015678401045988805, 0.017188246316845394, 0.018488803359584367, 0.014841424938718635, 0.018487919024621522, 0.014664730049162295, 0.016156134760160784, 0.018073390979417323, 0.011654866116407411, 0.011883186032915318, 0.011755056686232704, 0.011648681090889443, 0.01802312423117659, 0.01693360512039712, 0.014955396723188505, 0.018433540251323988, 0.017994243565727867, 0.017188991773823176, 0.017127160202581166, 0.017929322245209774, 0.01670834464973094, 0.01600532817512757, 0.017987267367265723, 0.019294099997998408, 0.01766291904024008, 0.016571654609506097, 0.017845029679989816, 0.017988204251511066, 0.014511142694397846, 0.015282771803409348, 0.015597265655286503], "flux_after_g": [18.643898987084334, 18.57385224656953], "MJD_after_g": [58293.207025500014, 58293.20747689996], "flux_err_after_g": [0.018996902160423552, 0.018686060392866608], "flux_after_i": [], "MJD_after_i": [], "flux_err_after_i": []}