{"name": "J170158.61+241411.2", "flux_err_before_i": [], "mask_before_i": [], "flux_before_i": [], "MJD_before_i": [], "mask_before_r": [43.0, 43.0, 43.0, 43.0, 43.0, 43.0, 43.0, 43.0, 43.0, 43.0, 43.0, 43.0, 43.0, 43.0], "mask_before_g": [], "flux_before_r": [17.119212101371517, 17.135270718908668, 17.157895462838734, 17.16037398121234, 17.154109969372932, 17.16097003674885, 17.13724145365666, 17.13024781365239, 17.14751363292656, 17.143895897852417, 17.15720267354753, 17.15338734934118, 17.150079766652006, 17.15841227623674], "MJD_before_r": [58246.43416670011, 58246.43462960003, 58270.3931828998, 58270.39460649993, 58273.39575230004, 58273.39620369999, 58593.34489580011, 58597.43723380007, 58618.2417708002, 58619.35311339982, 58654.34883099981, 58654.34928240022, 58655.348506900016, 58655.34895829996], "flux_err_before_r": [0.004649932307422507, 0.004727048710793206, 0.005016028266370665, 0.005013157884631979, 0.004883888920742613, 0.004920733044980888, 0.0049862996243321064, 0.004983115064131588, 0.0053094219777828485, 0.006171065402141401, 0.005301549972790534, 0.005210947884849496, 0.005072635966988311, 0.005095733425194677], "flux_before_g": [], "MJD_before_g": [], "flux_err_before_g": [], "flux_outl_after_i": [], "MJD_outl_after_i": [], "flux_outl_err_after_i": [], "flux_outl_after_r": [], "MJD_outl_after_r": [], "flux_outl_err_after_r": [], "flux_outl_after_g": [], "MJD_outl_after_g": [], "flux_outl_err_after_g": [], "mask_after_r": [43.0, 43.0, 43.0, 43.0, 43.0, 43.0, 43.0, 43.0, 43.0, 43.0, 43.0, 43.0, 43.0, 43.0], "mask_after_g": [], "mask_after_i": [], "flux_after_r": [17.201437209111383, 17.21846861934885, 17.190862334580586, 17.186419274270815, 17.202981057367566, 17.209971939709067, 17.216571611947757, 17.20175292523841, 17.21076832442322, 17.21573163030959], "MJD_after_r": [58273.39575230004, 58273.39620369999, 58593.34489580011, 58597.43723380007, 58618.2417708002, 58619.35311339982, 58654.34883099981, 58654.34928240022, 58655.348506900016, 58655.34895829996], "flux_err_after_r": [0.017315235523648956, 0.016926344309427573, 0.020001420426130637, 0.01840056992075703, 0.021686835598107905, 0.02183703566579736, 0.020932745832543277, 0.019157266704109256, 0.019582393649326218, 0.018305988710172423], "flux_after_g": [], "MJD_after_g": [], "flux_err_after_g": [], "flux_after_i": [], "MJD_after_i": [], "flux_err_after_i": []}