{"name": "J170715.06+332739.1", "flux_err_before_i": [], "mask_before_i": [], "flux_before_i": [], "MJD_before_i": [], "mask_before_r": [6.0, 6.0, 6.0, 6.0, 6.0, 6.0, 6.0, 6.0, 6.0, 6.0, 6.0, 6.0, 6.0, 6.0, 6.0, 6.0, 6.0, 6.0, 6.0, 6.0, 6.0, 6.0, 6.0, 6.0, 6.0, 6.0, 6.0, 6.0, 6.0, 6.0, 6.0, 6.0, 6.0, 6.0, 6.0, 6.0, 6.0, 6.0, 6.0, 6.0, 6.0, 6.0, 6.0, 6.0, 6.0, 6.0], "mask_before_g": [6.0, 6.0, 6.0, 6.0], "flux_before_r": [18.79698642396362, 18.78317366015797, 18.71454337532962, 18.84116254174213, 18.766087406060766, 18.8007890728163, 18.791732267356068, 18.770258193285358, 18.732946098988002, 18.67675594448279, 18.66862879992797, 18.731230509214104, 18.87247860881912, 18.72216194363803, 18.73260327965488, 18.837347489483776, 18.227623918401004, 18.79191019157958, 18.813040959478304, 18.770445422335428, 18.720453855696675, 18.77063067388123, 18.756431460146153, 18.781626019717926, 18.771063038095708, 18.736848787168032, 18.817628537336972, 18.89658474430358, 18.778549345894625, 18.84335162353854, 18.87597588735528, 18.813587800636213, 18.81973740703112, 18.794698029346463, 18.740376699616963, 18.736871727236654, 18.840869971143817, 18.75263999499277, 18.760443717127977, 18.692758009138437, 18.77605678692216, 18.751876912733074, 18.818358541844603, 18.77580300769047, 18.8261425051805, 18.794820360576423], "MJD_before_r": [58268.40766200004, 58270.388553199824, 58270.38901619986, 58273.40837959992, 58273.40883099986, 58280.354328699876, 58292.29209489981, 58294.312025499996, 58294.31247689994, 58298.32989579998, 58298.330347199924, 58375.121134299785, 58376.12093750015, 58377.11714120023, 58378.12042819988, 58574.330613399856, 58589.289814800024, 58593.334919000044, 58606.3099769, 58617.285173600074, 58618.23346060002, 58633.32376160007, 58633.324213000014, 58634.33120370004, 58634.3316434999, 58646.25782410009, 58646.25827550003, 58651.35189810023, 58651.35234950017, 58654.35247689998, 58654.352928199805, 58655.32047449984, 58655.32092589978, 58677.26753470022, 58677.26798610017, 58680.286840300076, 58680.28729170002, 58681.28717589984, 58681.28762729978, 58682.29019680014, 58682.290648099966, 58695.26121529983, 58695.26166669978, 58724.13964120019, 58724.140104200225, 58728.23530089995], "flux_err_before_r": [0.039012387470875085, 0.029364284830214905, 0.03513278967248641, 0.0074506103137615695, 0.0069695027693002076, 0.0071213521431703385, 0.007042060299474692, 0.007680666605726473, 0.00800347326298459, 0.04546608824905148, 0.04885795617463891, 0.006613312367088012, 0.007610939611865002, 0.03408845540680123, 0.006593684220670383, 0.12092625313928139, 0.3446649304480782, 0.05729901157490252, 0.007916682290901266, 0.0076296567771556596, 0.01621449329130577, 0.007405239382316523, 0.007258040991058974, 0.007573510649834089, 0.0074994954816707, 0.013402286467306816, 0.015716745934495277, 0.05987041678819234, 0.05259507920627067, 0.008037250085915697, 0.0031719598291821767, 0.007516955042531034, 0.02325814485976066, 0.006353268386935871, 0.01001735197092556, 0.024269922412935477, 0.03265085504187493, 0.019507549161462513, 0.011337542216910482, 0.004699720028958784, 0.007355793814961398, 0.029157819258607474, 0.03992162579392718, 0.007369669902279203, 0.007722960874259022, 0.008471005755139826], "flux_before_g": [19.171505055737356, 19.013004613758408, 19.313237610369512, 19.088771295778816], "MJD_before_g": [58237.35239579994, 58237.35284719989, 58293.207025500014, 58293.20747689996], "flux_err_before_g": [0.17152356147630837, 0.1474458029543228, 0.0789401257886186, 0.06129804061304269], "flux_outl_after_i": [], "MJD_outl_after_i": [], "flux_outl_err_after_i": [], "flux_outl_after_r": [18.837347489483776, 18.227623918401004, 18.818358541844603, 18.751876912733074], "MJD_outl_after_r": [58574.330613399856, 58589.289814800024, 58695.26166669978, 58695.26121529983], "flux_outl_err_after_r": [0.12092625313928139, 0.3446649304480782, 0.03992162579392718, 0.029157819258607474], "flux_outl_after_g": [], "MJD_outl_after_g": [], "flux_outl_err_after_g": [], "mask_after_r": [6.0, 6.0, 6.0, 6.0, 6.0, 6.0, 6.0, 6.0, 6.0, 6.0, 6.0, 6.0, 6.0, 6.0, 6.0, 6.0, 6.0, 6.0, 6.0, 6.0, 6.0, 6.0, 6.0, 6.0, 6.0, 6.0, 6.0, 6.0, 6.0, 6.0, 6.0, 6.0, 6.0, 6.0, 6.0, 6.0, 6.0, 6.0, 6.0, 6.0, 6.0, 6.0], "mask_after_g": [6.0, 6.0, 6.0, 6.0], "mask_after_i": [], "flux_after_r": [18.880720289649812, 18.804597886558668, 18.828046604241848, 18.82214797577323, 18.805212533085722, 18.767405302146294, 18.702682913747743, 18.708791614174245, 18.753799166755982, 18.899097607876236, 18.762229455259806, 18.75685027165488, 18.81940092893415, 18.827431610727874, 18.78999998490667, 18.740449354732085, 18.79624376475466, 18.773202161357652, 18.791265182341746, 18.78825280215075, 18.778402870847422, 18.83323309488947, 18.933290059181804, 18.8100556271486, 18.874096903168542, 18.910107783083333, 18.85044215101046, 18.858410148478043, 18.808114280398456, 18.757188826036582, 18.777044495890436, 18.894417100006798, 18.79332713444898, 18.790571362600435, 18.719306975013993, 18.8219907517749, 18.79465294135331, 18.82722023548528, 18.819952996895683], "MJD_after_r": [58273.40837959992, 58273.40883099986, 58280.354328699876, 58292.29209489981, 58294.312025499996, 58294.31247689994, 58298.32989579998, 58298.330347199924, 58375.121134299785, 58376.12093750015, 58377.11714120023, 58378.12042819988, 58593.334919000044, 58606.3099769, 58617.285173600074, 58618.23346060002, 58633.32376160007, 58633.324213000014, 58634.33120370004, 58634.3316434999, 58646.25782410009, 58646.25827550003, 58651.35189810023, 58651.35234950017, 58654.35247689998, 58654.352928199805, 58655.32047449984, 58655.32092589978, 58677.26753470022, 58677.26798610017, 58680.286840300076, 58680.28729170002, 58681.28717589984, 58681.28762729978, 58682.29019680014, 58682.290648099966, 58724.13964120019, 58724.140104200225, 58728.23530089995], "flux_err_after_r": [0.015525499879875039, 0.01522682301220123, 0.013223484562985673, 0.014831849569716777, 0.015637167641640293, 0.017506336093301537, 0.05023878015480554, 0.05281007330389685, 0.015240995065989488, 0.016026586385244308, 0.038547602229367185, 0.014704939413749032, 0.06094199776744924, 0.015372446321444933, 0.015273930501102444, 0.024100469593674838, 0.01107959824685107, 0.011228248243566198, 0.011031506273626469, 0.010580684739020277, 0.022781554206876303, 0.021857857016480242, 0.06336519963333252, 0.056852185297351934, 0.018012038605145456, 0.014144659064297651, 0.015661528817296842, 0.030005932141629794, 0.01635589424075804, 0.018103325306595246, 0.030902434175818193, 0.0379679667440664, 0.025157251310969398, 0.020729501514021913, 0.01658717425619744, 0.015844157694747868, 0.014785438129154312, 0.01523792007107142, 0.017672113082230736], "flux_after_g": [19.299475910039384, 19.078702633848927], "MJD_after_g": [58293.207025500014, 58293.20747689996], "flux_err_after_g": [0.08095888262516071, 0.06391004353172396], "flux_after_i": [], "MJD_after_i": [], "flux_err_after_i": []}