{"name": "J215236.55-074209.6", "flux_err_before_i": [0.0041254478850706365, 0.0038616381840456074, 0.004005417621622538, 0.004229138972188573, 0.004452889662319732, 0.004034987169284687, 0.0038159396788049597, 0.004029159645100541, 0.004048652050315396, 0.003929621303593292, 0.00411217876314127, 0.0038843820843488925, 0.004054248152100411], "mask_before_i": [57.0, 57.0, 57.0, 57.0, 57.0, 57.0, 57.0, 57.0, 57.0, 57.0, 57.0, 57.0, 57.0], "flux_before_i": [16.748389829829147, 16.694241017118458, 16.666831577090324, 16.721841958165857, 16.73051690155138, 16.734017461888108, 16.70931581896562, 16.720548255563408, 16.73258820220638, 16.728088815645137, 16.72809203145601, 16.69691692270761, 16.741887885314338], "MJD_before_i": [58303.377442100085, 58321.369004600216, 58331.3368286998, 58342.35675929999, 58347.357303199824, 58351.31508099986, 58361.357731500175, 58365.316736099776, 58369.3375694002, 58373.33726850012, 58377.31643520016, 58390.29034719989, 58434.21828699997], "mask_before_r": [57.0, 57.0, 57.0, 57.0, 57.0, 57.0, 57.0, 57.0, 57.0, 57.0, 57.0, 57.0, 57.0, 57.0, 57.0, 57.0, 57.0, 57.0, 57.0, 57.0, 57.0, 57.0, 57.0, 57.0, 57.0, 57.0, 57.0, 57.0, 57.0, 57.0, 57.0, 57.0, 57.0, 57.0, 57.0, 57.0, 57.0, 57.0, 57.0, 57.0, 57.0, 57.0, 57.0, 57.0, 57.0, 57.0, 57.0, 57.0, 57.0, 57.0, 57.0, 57.0, 57.0, 57.0, 57.0, 57.0, 57.0], "mask_before_g": [57.0, 57.0, 57.0, 57.0, 57.0, 57.0, 57.0, 57.0, 57.0, 57.0, 57.0, 57.0, 57.0, 57.0, 57.0, 57.0, 57.0, 57.0, 57.0, 57.0, 57.0, 57.0, 57.0, 57.0, 57.0, 57.0, 57.0, 57.0, 57.0, 57.0, 57.0], "flux_before_r": [17.088307744878588, 17.14143103373149, 17.137860267140688, 17.15351192462893, 17.127715545835375, 17.13391042708483, 17.13749544922541, 17.09042028087639, 17.128445507219173, 17.13603411623658, 17.155820186645904, 17.115177467487197, 16.92217171639688, 17.11730896201884, 17.131838692783717, 17.141636809861225, 17.1544890478008, 17.170191620522488, 17.127894112893195, 17.146963425940328, 17.116518124125133, 17.15391666142072, 17.14581782925531, 17.153543630867034, 17.188817519026124, 17.150595214427646, 17.14729362874339, 17.167163646578075, 17.16971339841669, 17.17509283223807, 17.123911736774396, 17.16935396526641, 17.232471718938108, 17.175178492371394, 17.15384319050526, 17.159897539650522, 17.172794962385098, 17.16220111683832, 17.12922631548315, 17.1344424858887, 17.17429430700289, 17.1946744419184, 17.145694675327597, 17.16959497927484, 17.15515697473181, 17.141107737445836, 17.166543840677463, 17.160471650887676, 17.23060672029179, 17.012856063803017, 17.2034349191424, 17.20346635680064, 17.22625366203448, 17.231531866559365, 17.196799645248902, 17.136490012224023, 17.140816262716857], "MJD_before_r": [58270.419398100115, 58276.4599768999, 58282.4607406999, 58285.40040510008, 58291.46094910009, 58294.46099539986, 58303.46274309978, 58306.417905100156, 58317.41877309978, 58320.37791670021, 58323.462511599995, 58326.386435199995, 58331.37628469989, 58334.37035880005, 58338.34635420004, 58342.3513656999, 58345.34032410011, 58351.35775459977, 58354.314710599836, 58354.39379630005, 58359.310972199775, 58359.336412000004, 58362.33310189983, 58365.335833299905, 58369.36217590002, 58372.298472200055, 58375.33857640019, 58378.27226850018, 58386.251365699805, 58423.14528940013, 58426.105173599906, 58443.1237269002, 58482.07966439985, 58482.08459489979, 58482.089502300136, 58482.094432900194, 58483.07916670013, 58483.08415509993, 58483.08915509982, 58483.094143500086, 58486.08179400023, 58486.08670140011, 58486.091608799994, 58486.09650459979, 58487.08359949989, 58487.08844910003, 58487.09331020014, 58488.084016200155, 58488.08888889989, 58488.09375, 58490.08370369999, 58490.08851849986, 58490.09332180023, 58490.09811339993, 58491.08976850007, 58491.0946411998, 58491.0995139], "flux_err_before_r": [0.01083554701629908, 0.010202348547610672, 0.014395668916035786, 0.010234167314600699, 0.009956208004736827, 0.01001317747647893, 0.010446382474267206, 0.011512664674894754, 0.01211339686019381, 0.010440021413716073, 0.010327039011547981, 0.013359762263604549, 0.012496731231903046, 0.009903103722716395, 0.010013438159637839, 0.01090893783473126, 0.0105828675826305, 0.010352479785722256, 0.009688251140107983, 0.009916378917006117, 0.009695606755490256, 0.009871301289211801, 0.009907746237280498, 0.010400762880180846, 0.01075510737480632, 0.00996703145219515, 0.00989384709971283, 0.009956649098628523, 0.010249273971361028, 0.017039030325342444, 0.04936267924416037, 0.010459461581637318, 0.012729062841436437, 0.012453147724412243, 0.013176043475725612, 0.012209187372115574, 0.010653338533579205, 0.010724281117452321, 0.010468832932734285, 0.010627343967937573, 0.0107925847021467, 0.01112749786759677, 0.010627854818037831, 0.010984131781202876, 0.010592306348543204, 0.010583049755556167, 0.010847890163092063, 0.013061600709016255, 0.10282512279011802, 0.2141246790186754, 0.011306852079926244, 0.011402347845913664, 0.011721662368374894, 0.011960256388230058, 0.011505025909964398, 0.010932607283734854, 0.011095177336679604], "flux_before_g": [18.088272045076284, 18.05467578674436, 18.00586954786784, 18.042560107665913, 18.042571199763344, 18.01865913609393, 18.03767455934978, 18.0576369764982, 18.066298299814537, 18.222386462935894, 18.016818189919526, 18.08949150018432, 18.03489967038672, 18.018543026148485, 18.03400409772194, 17.993544638401115, 18.026866236704187, 18.058506996306214, 18.03166231630648, 18.01229946777226, 18.02315439245487, 18.033289798632566, 18.023324403161368, 18.01675852452959, 18.119911594313606, 18.052719686557957, 18.03749794425589, 17.971744637263363, 18.08042102338369, 18.073201203849923, 18.016856869870676], "MJD_before_g": [58267.4818171002, 58270.46274309978, 58279.45981479995, 58282.41890050005, 58285.44017359987, 58288.419155099895, 58291.41802080022, 58294.37660880014, 58297.48208330013, 58306.44151620008, 58311.3558565001, 58317.376817100216, 58320.41756939981, 58323.42041670019, 58326.440520800184, 58334.33188659977, 58342.400590300094, 58348.356331000105, 58362.27035879996, 58365.27505790023, 58369.29317130009, 58372.27287039999, 58375.28391199978, 58378.29488429986, 58386.18547450006, 58426.186770800035, 58429.1904397998, 58435.14799770014, 58469.14410880022, 58472.14592589997, 58482.10697920015], "flux_err_before_g": [0.019146881280564965, 0.01965076857938016, 0.017176593808220876, 0.021278120769155497, 0.017520145411279275, 0.017732618913610936, 0.017777023649558604, 0.018622758743002406, 0.01841401728001745, 0.030514328101187874, 0.02520672958844004, 0.03422203463652171, 0.019840339282425765, 0.017745426299727227, 0.01861705001660249, 0.01813706802202126, 0.020957318860143504, 0.01910170021776766, 0.01706137988401422, 0.017897361634493274, 0.016689794274772168, 0.016704179411426393, 0.01691838827339281, 0.017073896177641205, 0.018691057097116562, 0.02855203721832337, 0.018114585634834885, 0.016912471639726225, 0.022004810647661726, 0.02141655969049559, 0.020905086764531053], "flux_outl_after_i": [], "MJD_outl_after_i": [], "flux_outl_err_after_i": [], "flux_outl_after_r": [17.09042028087639, 17.012856063803017, 17.2034349191424, 17.22625366203448, 17.231531866559365, 16.92217171639688, 17.123911736774396, 17.23060672029179], "MJD_outl_after_r": [58306.417905100156, 58488.09375, 58490.08370369999, 58490.09332180023, 58490.09811339993, 58331.37628469989, 58426.105173599906, 58488.08888889989], "flux_outl_err_after_r": [0.010497218051086743, 0.2141246790186754, 0.010309558656146172, 0.010687781610661215, 0.010905331024531194, 0.011394487407695763, 0.04936267924416037, 0.10282512279011802], "flux_outl_after_g": [18.222386462935894, 18.08949150018432], "MJD_outl_after_g": [58306.44151620008, 58317.376817100216], "flux_outl_err_after_g": [0.006025088638625985, 0.006757179492710022],