{"name": "J220112.12-004437.0", "flux_err_before_i": [], "mask_before_i": [], "flux_before_i": [], "MJD_before_i": [], "mask_before_r": [26.0, 26.0, 26.0], "mask_before_g": [26.0, 26.0, 26.0, 26.0, 26.0], "flux_before_r": [17.362648745939055, 17.003450482118303, 17.71776001651665], "MJD_before_r": [58443.08353010006, 58773.278530099895, 58773.27898149984], "flux_err_before_r": [0.01881955209353441, 0.0697034705890176, 0.0812556916180215], "flux_before_g": [18.199404604896657, 18.227762415684133, 18.272355752499692, 18.246477418460728, 18.170837152269343], "MJD_before_g": [58333.41369209997, 58333.41414349992, 58360.4259722, 58363.36809029989, 58695.43724540016], "flux_err_before_g": [0.004691596398703081, 0.004842434650610437, 0.027281190162641616, 0.004781781964710676, 0.004498354349577402], "flux_outl_after_i": [], "MJD_outl_after_i": [], "flux_outl_err_after_i": [], "flux_outl_after_r": [17.003450482118303, 17.71776001651665, 17.362648745939055], "MJD_outl_after_r": [58773.278530099895, 58773.27898149984, 58443.08353010006], "flux_outl_err_after_r": [0.0697034705890176, 0.0812556916180215, 0.01881955209353441], "flux_outl_after_g": [], "MJD_outl_after_g": [], "flux_outl_err_after_g": [], "mask_after_r": [], "mask_after_g": [26.0, 26.0, 26.0, 26.0, 26.0], "mask_after_i": [], "flux_after_r": [], "MJD_after_r": [], "flux_err_after_r": [], "flux_after_g": [18.153277651257767, 18.174532659306742, 18.191948320095573, 18.20401806204443, 18.128373615706757], "MJD_after_g": [58333.41369209997, 58333.41414349992, 58360.4259722, 58363.36809029989, 58695.43724540016], "flux_err_after_g": [0.018246784455781186, 0.018255680282361977, 0.036078580874478745, 0.019797285119175598, 0.015517330523292308], "flux_after_i": [], "MJD_after_i": [], "flux_err_after_i": []}