{"name": "J220928.68-003921.4", "flux_err_before_i": [], "mask_before_i": [], "flux_before_i": [], "MJD_before_i": [], "mask_before_r": [22.0, 22.0], "mask_before_g": [22.0, 22.0, 22.0, 22.0, 22.0], "flux_before_r": [18.762856805589777, 19.198555142137735], "MJD_before_r": [58443.08353010006, 58773.27898149984], "flux_err_before_r": [0.0373683542962968, 0.33742994722039943], "flux_before_g": [19.357709511559335, 19.457027718101855, 19.382620416089633, 19.483622305760793, 19.49585416345527], "MJD_before_g": [58333.41369209997, 58333.41414349992, 58360.4259722, 58363.36809029989, 58695.43724540016], "flux_err_before_g": [0.0525397697345937, 0.06120787330659486, 0.14760377681007184, 0.0744030517288782, 0.05792499778239898], "flux_outl_after_i": [], "MJD_outl_after_i": [], "flux_outl_err_after_i": [], "flux_outl_after_r": [], "MJD_outl_after_r": [], "flux_outl_err_after_r": [], "flux_outl_after_g": [], "MJD_outl_after_g": [], "flux_outl_err_after_g": [], "mask_after_r": [], "mask_after_g": [22.0, 22.0, 22.0], "mask_after_i": [], "flux_after_r": [], "MJD_after_r": [], "flux_err_after_r": [], "flux_after_g": [19.332601187142508, 19.432610131701857, 19.463687746881], "MJD_after_g": [58333.41369209997, 58333.41414349992, 58695.43724540016], "flux_err_after_g": [0.05628908687644291, 0.06472702910911633, 0.06012832283027432], "flux_after_i": [], "MJD_after_i": [], "flux_err_after_i": []}