{"name": "MagE_J221344.07+124240.6", "flux_err_before_i": [], "mask_before_i": [], "flux_before_i": [], "MJD_before_i": [], "mask_before_r": [4.0, 4.0, 4.0, 4.0, 4.0, 4.0, 4.0, 4.0, 4.0, 4.0, 4.0, 4.0, 4.0, 4.0, 4.0, 4.0, 4.0, 4.0, 4.0, 4.0, 4.0, 4.0, 4.0, 4.0, 4.0, 4.0, 4.0, 4.0, 4.0, 4.0, 4.0, 4.0, 4.0, 4.0, 4.0, 4.0, 4.0, 4.0, 4.0, 4.0, 4.0, 4.0, 4.0, 4.0, 4.0, 4.0, 4.0, 4.0, 4.0, 4.0, 4.0, 4.0, 4.0, 4.0, 4.0, 4.0, 4.0, 4.0, 4.0, 4.0, 4.0], "mask_before_g": [42.0, 42.0, 42.0, 42.0, 42.0, 42.0, 42.0, 42.0, 42.0, 42.0, 42.0, 42.0, 42.0, 42.0, 42.0, 42.0, 42.0, 42.0, 42.0, 42.0, 4.0, 4.0, 42.0, 4.0, 4.0, 42.0, 4.0, 42.0, 42.0, 4.0, 42.0, 4.0, 4.0, 4.0, 4.0, 4.0, 4.0, 4.0, 42.0, 42.0, 42.0, 42.0, 42.0, 4.0, 4.0, 4.0, 4.0, 4.0, 4.0, 4.0, 4.0, 4.0, 4.0, 42.0, 42.0, 42.0, 42.0, 42.0, 42.0, 42.0, 42.0, 42.0, 42.0, 42.0, 42.0, 42.0, 42.0, 42.0, 42.0, 42.0, 42.0, 42.0, 42.0, 42.0, 42.0, 42.0, 42.0, 42.0, 42.0, 42.0, 42.0, 42.0, 42.0, 42.0, 42.0, 42.0, 42.0, 42.0, 42.0, 42.0, 42.0, 42.0, 42.0, 42.0, 42.0, 42.0, 42.0, 42.0, 42.0, 42.0, 42.0, 42.0, 42.0, 42.0, 42.0, 42.0, 42.0, 42.0, 42.0, 42.0, 42.0, 42.0, 42.0, 42.0, 42.0, 42.0, 42.0, 42.0, 42.0, 42.0, 42.0, 42.0, 42.0, 42.0, 42.0, 42.0, 42.0, 42.0], "flux_before_r": [17.985676870513068, 17.944671608700148, 17.93801367350904, 17.880738380290857, 17.98372372997951, 17.92528265954144, 17.955426988704716, 17.92439354746368, 17.952009593806935, 17.946268693309847, 17.96949968549309, 17.95317498389029, 17.914996312136424, 17.961725564693626, 17.949421568867663, 17.946681280549853, 17.907324064629258, 17.891426673412944, 18.013409840394395, 17.989363642866408, 17.90822783102626, 17.939857927632957, 17.96435484387127, 17.958529145153047, 17.959425879828707, 17.97522450832036, 17.949766822019633, 17.984159205534464, 17.91626893817928, 17.946753093811324, 17.972702371833314, 17.962504307251166, 17.937187588164086, 17.92394950917093, 17.948392692763534, 17.952624292089652, 17.949781765614468, 17.95006800121914, 17.978107598101797, 17.935089894635087, 17.925222640422596, 17.954259275676755, 17.968197411877732, 17.99846810272341, 17.93571205458036, 17.966395325228135, 17.9648217326748, 17.942477098904526, 17.94556612526327, 17.94837036121635, 17.98842678685694, 17.973685589875288, 17.85662915199086, 17.99299953982431, 18.001194976230533, 17.953812282947744, 17.939539932800685, 17.932306123697714, 17.968390432467697, 17.94561530835647, 17.934437390745288], "MJD_before_r": [58321.37371530011, 58321.37416670006, 58328.41582180001, 58328.416273099836, 58332.43174770009, 58332.43219910003, 58334.39322920004, 58334.393680599984, 58335.354050899856, 58335.39206020022, 58336.392500000075, 58336.39296300011, 58340.396238400135, 58345.34369210014, 58353.32923609996, 58354.302546299994, 58356.35636569979, 58357.364722200204, 58359.37016199995, 58360.31976850005, 58361.32916670013, 58362.34224539995, 58364.350567100104, 58365.395740699954, 58368.312106499914, 58379.28478009999, 58380.28331020009, 58386.30348380003, 58389.28473380022, 58443.082615700085, 58662.47579859989, 58662.47624999983, 58665.45678240014, 58665.45723380009, 58688.414537000004, 58690.39168980019, 58690.39214120014, 58691.40983799985, 58691.41028939979, 58694.36711810017, 58694.368483799975, 58696.37035880005, 58696.371712999884, 58700.429016199894, 58700.429456000216, 58719.4440394002, 58719.44449070003, 58735.32005790016, 58735.3205093001, 58757.23054399993, 58770.320162000135, 58770.32061340008, 58771.31930560013, 58771.31975689996, 58773.20796300005, 58774.20863430016, 58774.22621530015, 58783.10160879977, 58783.10206020018, 58787.12319440022, 58787.124548600055], "flux_err_before_r": [0.014072631059377663, 0.013524873047147268, 0.015500654034077877, 0.014712277432064111, 0.014811329574352983, 0.01395782077811515, 0.013921157572453893, 0.0135102060518646, 0.014242570939883998, 0.013685227804674044, 0.013722221584002894, 0.013478902980221395, 0.021268804466725376, 0.014569168951734797, 0.013654417610668877, 0.013604953632355771, 0.012940593040769742, 0.012642565813639239, 0.01870632562439703, 0.014158264157453951, 0.012984812600136068, 0.013425415170985298, 0.014749132980545773, 0.014013809574454101, 0.013867395622124735, 0.013815110313034142, 0.013769915733986204, 0.01455486682214448, 0.013597282762855113, 0.013960011989669955, 0.014550084064045659, 0.014464594949769188, 0.014180762680382226, 0.013927858869099459, 0.014908077125406762, 0.015388428485936682, 0.015238325986760145, 0.015040135684127525, 0.015433612536066193, 0.014269886262853523, 0.014170775243327802, 0.014699016047266094, 0.014909515076829435, 0.015500003450487613, 0.01460257264982023, 0.01591851986939011, 0.016015970006793973, 0.014744002414167071, 0.01473163682816382, 0.01465590692433024, 0.01623585890516361, 0.01604792144173606, 0.014504949280966203, 0.016341968524519076, 0.16639713547197227, 0.015000628891201358, 0.014782930219211616, 0.01435710918695563, 0.014898437614889458, 0.01452615510547112, 0.014395922834192484], "flux_before_g": [18.50343006618097, 18.549564315414482, 18.751487822839604, 18.482760745173536, 18.5466687229801, 18.53591542025088, 18.42052850778144, 18.450924100346974, 18.52794872026601, 18.496113938949545, 18.557112654321433, 18.515833979223473, 18.540925206865325, 18.542309708400673, 18.492465701653828, 18.46944426253603, 18.402030327716414, 18.477678221371, 18.50867903846361, 18.899319076029975, 18.565001110072686, 18.523645301147425, 18.52204323307171, 18.516186998898984, 18.538773662951378, 18.5197277211234, 18.539561180568086, 18.536092383154273, 18.514076587462466, 18.524805877983855, 18.444939225126227, 18.48803331846653, 18.608389544978984, 18.515029741449787, 18.473647537946214, 18.57916765770419, 18.475330495821844, 18.606966298817333, 18.516213506272607, 18.53993726159075, 18.60591904858188, 18.49553413968858, 18.537391425993455, 18.539110497835743, 18.571928569042676, 18.559623931722847, 18.536311383477262, 18.58022724370384, 18.56018118221823, 18.48656564335805, 18.432840169347152, 18.56083145290509, 18.578905579155496, 18.521131610054738, 18.555556725013016, 18.51944471959564, 18.565662341469828, 18.518046878499938, 18.548579092972282, 18.536620820212498, 18.57027830644882, 18.542061684849436, 18.55353265212344, 18.606774631753403, 18.493104331751834, 18.46585735128055, 18.47634116174882, 18.554259646107106, 18.519520805811766, 18.450768228994562, 18.517246878737602, 18.478577932217586, 18.64397231184615, 18.496610900309804, 18.501821863859615, 18.755358567457005, 18.44997570194133, 18.559436239419945, 18.551720136535035, 18.559163552868498, 18.57310565680827, 18.53366233914644, 18.551901555706706, 18.132483459205723, 18.56772802408992, 18.485274853628784, 18.466937167037507, 18.442000581607914, 18.45573356371422, 18.512905256316532, 18.600894653931093, 18.494295093166254, 18.529451170269343, 18.547674178595532, 18.505708152786404, 18.535387974413837, 18.49712134118451, 18.51842722408456, 18.51080180272214, 18.555836276709286, 18.559746332017433, 18.507516807002425, 18.501694694158644, 18.514558859558534, 18.424091321807623, 18.459219169684935, 18.537791779755338, 18.524854642568037, 18.533198299056636, 18.53347765410592, 18.532715076904392, 18.54154799099636, 18.524968858242065, 18.512552915151407, 18.523844502030613, 18.52441257001857, 18.485097418631433, 18.538712549513193, 18.475626960704567, 18.539550093812377, 18.51293191840939, 18.51154854807854, 18.545101917978652, 18.572710623081747, 18.51758262407069, 18.595075929800274, 18.482205887328618, 18.51859739783501],