{"name": "J224240.98-002521.6", "flux_err_before_i": [], "mask_before_i": [], "flux_before_i": [], "MJD_before_i": [], "mask_before_r": [18.0, 18.0, 18.0, 18.0, 18.0, 18.0, 18.0, 18.0], "mask_before_g": [18.0, 18.0, 18.0, 18.0], "flux_before_r": [17.00239986755988, 17.0021739687991, 16.984934991303113, 17.021824084950325, 16.992170153492232, 17.006906713638255, 16.986740140120283, 17.00510631409151], "MJD_before_r": [58335.43489579996, 58335.435358799994, 58336.415080999956, 58353.364756899886, 58361.33334490005, 58362.358124999795, 58389.32650459977, 58443.10670140013], "flux_err_before_r": [0.0023175671601105667, 0.0023211433830900466, 0.002259052779966072, 0.002331750160077027, 0.0022425412620275453, 0.002306933452506651, 0.0022919674063547448, 0.002385365352952012], "flux_before_g": [18.07313359514403, 18.09153536343854, 18.09212371582801, 18.062059296968275], "MJD_before_g": [58333.44674770022, 58360.42550930008, 58363.36762729986, 58390.374895799905], "flux_err_before_g": [0.0071047489810121935, 0.00681254596812565, 0.006845809136350256, 0.007046914774077299], "flux_outl_after_i": [], "MJD_outl_after_i": [], "flux_outl_err_after_i": [], "flux_outl_after_r": [], "MJD_outl_after_r": [], "flux_outl_err_after_r": [], "flux_outl_after_g": [], "MJD_outl_after_g": [], "flux_outl_err_after_g": [], "mask_after_r": [18.0, 18.0], "mask_after_g": [18.0, 18.0, 18.0], "mask_after_i": [], "flux_after_r": [17.08373970798626, 17.07289235493966], "MJD_after_r": [58335.435358799994, 58336.415080999956], "flux_err_after_r": [0.012581539204686902, 0.013003282657948735], "flux_after_g": [18.004753659362713, 18.05052152348613, 18.0422321439393], "MJD_after_g": [58333.44674770022, 58360.42550930008, 58363.36762729986], "flux_err_after_g": [0.017812837725465706, 0.020581937068988202, 0.016449872547075053], "flux_after_i": [], "MJD_after_i": [], "flux_err_after_i": []}