{"name": "J233837.10-002810.4", "flux_err_before_i": [], "mask_before_i": [], "flux_before_i": [], "MJD_before_i": [], "mask_before_r": [18.0, 18.0, 18.0, 18.0, 18.0, 18.0, 18.0, 18.0, 18.0, 18.0, 18.0, 18.0, 18.0, 18.0, 18.0, 18.0, 18.0, 18.0, 18.0, 18.0, 18.0, 18.0], "mask_before_g": [18.0, 18.0, 18.0, 18.0, 18.0, 18.0, 18.0, 18.0, 18.0, 18.0, 18.0, 18.0], "flux_before_r": [17.493356453739317, 17.474371673717613, 17.478711421588475, 17.48369076109317, 17.51789010992028, 17.487720682756148, 17.546120382773417, 17.4815741366923, 17.486180195902733, 17.49192648376923, 17.470934530548583, 17.509642352816158, 17.419985437912406, 17.523987037029116, 17.447304891464675, 17.460658507812052, 17.515158437920466, 17.493985648028676, 17.511826249985933, 17.535291688416976, 17.504730079697495, 17.509167695935858], "MJD_before_r": [58335.43261570018, 58335.43307870021, 58336.458194400184, 58353.36339120008, 58362.357199099846, 58389.32452550018, 58443.10945599992, 58716.39909720002, 58719.43581019994, 58719.43626159988, 58748.3292129999, 58748.32967589982, 58770.32836809987, 58770.328819400165, 58771.30849540001, 58771.30894679995, 58773.25326390006, 58773.2537153, 58774.23253470007, 58774.23298610002, 58790.207638899796, 58790.20854170015], "flux_err_before_r": [0.01203132753235817, 0.011986148054920551, 0.011753725315050567, 0.011856793954265029, 0.012223821863624387, 0.012052003288085231, 0.012853432509064842, 0.01271746710802618, 0.013390692796104208, 0.013506460782230627, 0.013008426893913365, 0.0135652533588691, 0.012801036725540851, 0.013802755124127045, 0.012826049892773132, 0.013002724818507888, 0.01871002395555389, 0.015615835578585952, 0.013541334567115272, 0.013772337085301033, 0.013102163066670404, 0.013112274932592568], "flux_before_g": [18.253473511012356, 18.273380156508065, 18.212795781142134, 18.22890787937777, 18.232693982043372, 18.268118132636893, 18.2648551224306, 18.23437087116233, 18.28499318287176, 18.286479157937002, 18.282570535552566, 18.23440223739013], "MJD_before_g": [58344.416527799796, 58360.424594900105, 58363.36624999996, 58388.37290510023, 58390.348518500105, 58695.43318289984, 58695.43362270016, 58717.4111227002, 58772.27249999996, 58772.27295139991, 58786.27259259997, 58786.273043999914], "flux_err_before_g": [0.018400533770156522, 0.01748207904579477, 0.017376380957757124, 0.0174825254337709, 0.01701526078824053, 0.018712347329228662, 0.018400222131977038, 0.018149696428996224, 0.023293689929480887, 0.023479432006814266, 0.020353037426035888, 0.019357172128938505], "flux_outl_after_i": [], "MJD_outl_after_i": [], "flux_outl_err_after_i": [], "flux_outl_after_r": [17.523987037029116, 17.419985437912406], "MJD_outl_after_r": [58770.328819400165, 58770.32836809987], "flux_outl_err_after_r": [0.004774582787957194, 0.004428073168590736], "flux_outl_after_g": [], "MJD_outl_after_g": [], "flux_outl_err_after_g": [], "mask_after_r": [18.0, 18.0, 18.0, 18.0, 18.0, 18.0, 18.0, 18.0, 18.0, 18.0, 18.0, 18.0, 18.0, 18.0, 18.0, 18.0, 18.0, 18.0, 18.0, 18.0], "mask_after_g": [18.0, 18.0, 18.0, 18.0, 18.0, 18.0, 18.0, 18.0, 18.0, 18.0, 18.0, 18.0], "mask_after_i": [], "flux_after_r": [17.523109224667053, 17.511211579067275, 17.51499079199733, 17.53148646167513, 17.550265786280033, 17.55434532954425, 17.577595372256766, 17.5299571097118, 17.504973859973255, 17.51155139701024, 17.51942439343351, 17.555568351656458, 17.490257869333817, 17.492923000143602, 17.554836685871905, 17.57756788295479, 17.54989685142479, 17.571975873213905, 17.54264908461342, 17.534016115902464], "MJD_after_r": [58335.43261570018, 58335.43307870021, 58336.458194400184, 58353.36339120008, 58362.357199099846, 58389.32452550018, 58443.10945599992, 58716.39909720002, 58719.43581019994, 58719.43626159988, 58748.3292129999, 58748.32967589982, 58771.30849540001, 58771.30894679995, 58773.25326390006, 58773.2537153, 58774.23253470007, 58774.23298610002, 58790.207638899796, 58790.20854170015], "flux_err_after_r": [0.015711182032296062, 0.015474026636563786, 0.01470638933693164, 0.014746502097449697, 0.015756810690541287, 0.014924588860368515, 0.019140369312540203, 0.01613479127979233, 0.015429247896049894, 0.016661303140104514, 0.0180596321964945, 0.01597070835757122, 0.021733190748858315, 0.020967106459393273, 0.023718086416083032, 0.021569298316415464, 0.017530853433821086, 0.018259832709359037, 0.01692835193340981, 0.017123953470875274], "flux_after_g": [18.22403352428352, 18.245415688968166, 18.1774747864308, 18.23220584958615, 18.216895385375082, 18.241245327601494, 18.23912329960205, 18.237655290140957, 18.265543637985623, 18.225665373763817, 18.24099660372736, 18.224309059290533], "MJD_after_g": [58344.416527799796, 58360.424594900105, 58363.36624999996, 58388.37290510023, 58390.348518500105, 58695.43318289984, 58695.43362270016, 58717.4111227002, 58772.27249999996, 58772.27295139991, 58786.27259259997, 58786.273043999914], "flux_err_after_g": [0.021679706132718163, 0.02568222207791798, 0.025077842351488383, 0.02482657142051105, 0.025790572844907173, 0.021808847979882064, 0.022752241542525153, 0.026277767545336873, 0.029267179860702174, 0.03070821329194018, 0.028482701767284794, 0.02820988451213447], "flux_after_i": [], "MJD_after_i": [], "flux_err_after_i": []}